{"type": "FeatureCollection", "features": [{"type": "Feature", "properties": {"linea": "metro_l1", "nombre": "Metro Línea 1 (Villa El Salvador → Bayóvar)", "ref": "L1", "osm_id": 1408101}, "geometry": {"type": "MultiLineString", "coordinates": [[[-76.928532, -12.2152435], [-76.9296799, -12.2133319], [-76.9298891, -12.212976], [-76.9300596, -12.2126997], [-76.9302172, -12.2124373], [-76.9319908, -12.2094842], [-76.932853, -12.2080485], [-76.9332813, -12.2073288], [-76.934492, -12.2052946], [-76.9346155, -12.2051097], [-76.9390146, -12.1977725], [-76.9392653, -12.1973577], [-76.939847, -12.1963839], [-76.9440423, -12.1893922], [-76.9449767, -12.1878431], [-76.946101, -12.1859806], [-76.9462212, -12.1857205], [-76.9463585, -12.1853765], [-76.9464615, -12.185041], [-76.9466741, -12.1836683], [-76.9468437, -12.18253], [-76.9468997, -12.1821543], [-76.9469961, -12.1815076], [-76.9471471, -12.1805213], [-76.9472289, -12.1799998], [-76.9472689, -12.1797591], [-76.9473048, -12.17963], [-76.947368, -12.1794517], [-76.9474821, -12.1791634], [-76.9475453, -12.1790183], [-76.9481566, -12.1779081], [-76.9482589, -12.1777382], [-76.9489202, -12.1765429], [-76.9490087, -12.1763865], [-76.9491096, -12.1761736], [-76.9492068, -12.1759038], [-76.94929, -12.1755962], [-76.9493153, -12.1754384], [-76.9493334, -12.1752406], [-76.9493536, -12.1750471], [-76.9493693, -12.1746704], [-76.9493728, -12.1737191], [-76.949363, -12.1735262], [-76.9493447, -12.1733334], [-76.9492709, -12.1729465], [-76.9491252, -12.172204], [-76.9491114, -12.1720539], [-76.9491071, -12.1719842], [-76.9491066, -12.1717674], [-76.94911, -12.1716886], [-76.9491262, -12.171546], [-76.9491472, -12.1714519], [-76.949227, -12.1712026], [-76.9494191, -12.1708241], [-76.9498221, -12.1700932], [-76.9502928, -12.1692797], [-76.9507455, -12.1684971], [-76.9510636, -12.1679473], [-76.9511148, -12.1678717], [-76.951373, -12.1675036], [-76.9517916, -12.1669422], [-76.952607, -12.1659034], [-76.9553622, -12.1623039], [-76.9557292, -12.1618419], [-76.9562301, -12.1611975], [-76.9567478, -12.1605316], [-76.9568449, -12.160431], [-76.9569397, -12.1603419], [-76.9571473, -12.1601654], [-76.9572621, -12.1600734], [-76.9574013, -12.1599719], [-76.9575199, -12.1598901], [-76.9576583, -12.1597986], [-76.9578348, -12.1596977], [-76.9579851, -12.1596159], [-76.9581671, -12.1595297], [-76.9616912, -12.1581063], [-76.9655521, -12.1565459], [-76.9672893, -12.1558439], [-76.969046, -12.155134], [-76.9696365, -12.1548953], [-76.9779618, -12.1515126], [-76.9793939, -12.1508811], [-76.9800469, -12.1505931], [-76.9804862, -12.1503973], [-76.9805413, -12.1503727], [-76.9819501, -12.1497506], [-76.9825581, -12.1494794], [-76.9833524, -12.1491277], [-76.984279, -12.1486983], [-76.9854788, -12.1480868], [-76.9866372, -12.1474886], [-76.9867672, -12.1474133], [-76.987067, -12.1472026], [-76.9872263, -12.1470743], [-76.9873791, -12.1469254], [-76.9875416, -12.1467593], [-76.9876568, -12.1466296], [-76.989282, -12.1445406], [-76.9899533, -12.1437372], [-76.9909682, -12.1426085], [-76.9922716, -12.141159], [-76.9928364, -12.1404996], [-76.9929634, -12.1403459], [-76.9931628, -12.140094], [-76.9937552, -12.1392669], [-76.9944953, -12.1381711], [-76.996321, -12.1355548], [-76.9967963, -12.1349068], [-76.998038, -12.1332138], [-76.9995514, -12.1310245], [-77.0006135, -12.1294018], [-77.0006854, -12.129261], [-77.0007198, -12.1291697], [-77.0007519, -12.1290545], [-77.0007887, -12.1289038], [-77.0008059, -12.1287624], [-77.000809, -12.1285982], [-77.0007916, -12.1283668], [-77.0007638, -12.1282129], [-77.0007459, -12.1281437], [-77.000697, -12.1279858], [-77.0006793, -12.1279318], [-77.0004202, -12.1272727], [-76.9985537, -12.1225005], [-76.9983989, -12.1220551], [-76.9983745, -12.1219596], [-76.9983518, -12.1218578], [-76.9983311, -12.1217667], [-76.9983219, -12.121684], [-76.9983034, -12.1215205], [-76.9982711, -12.1210808], [-76.9982481, -12.1206366], [-76.9982502, -12.1203822], [-76.9982538, -12.1201413], [-76.9982633, -12.1198408], [-76.9982918, -12.1194646], [-76.9983722, -12.1188587], [-76.9984262, -12.1185401], [-76.9984747, -12.1183371], [-76.9984903, -12.1182676], [-76.9985097, -12.1181943], [-76.9985571, -12.1180216], [-76.9987712, -12.117273], [-76.9989281, -12.1166963], [-76.9990892, -12.1161147], [-76.9992245, -12.1156417], [-76.9993731, -12.1151339], [-76.9996005, -12.1143429], [-76.9997912, -12.1136282], [-76.9999972, -12.1129165], [-77.0000248, -12.1128016], [-77.0001082, -12.1123346], [-77.0002146, -12.1116055], [-77.0002442, -12.1113706], [-77.0003563, -12.1104227], [-77.0004438, -12.1096825], [-77.0005591, -12.1090376], [-77.0005876, -12.108791], [-77.00133, -12.1033748], [-77.0016233, -12.1014462], [-77.0017753, -12.1003653], [-77.0020885, -12.098139], [-77.0027398, -12.0938512], [-77.0032493, -12.0901626], [-77.0036708, -12.0874716], [-77.0037572, -12.0868045], [-77.00388, -12.0858563], [-77.0040259, -12.0848579], [-77.0041715, -12.0838619], [-77.0042189, -12.0835105], [-77.0042554, -12.0832791], [-77.0042924, -12.0830915], [-77.0043525, -12.0828615], [-77.0043991, -12.0827201], [-77.004451, -12.0825875], [-77.004511, -12.0824358], [-77.0045974, -12.0822633], [-77.0046887, -12.0821091], [-77.0047932, -12.0819271], [-77.0048927, -12.0817816], [-77.0050482, -12.0815938], [-77.0051533, -12.0814783], [-77.0052833, -12.0813529], [-77.0054608, -12.0812001], [-77.0056909, -12.0810316], [-77.0058903, -12.0809024], [-77.0060359, -12.0808161], [-77.0063779, -12.0806636], [-77.0066262, -12.0805805], [-77.0069114, -12.0805026], [-77.0080044, -12.0801796], [-77.0084756, -12.0800337], [-77.0086489, -12.0799699], [-77.0088704, -12.0798786], [-77.0089768, -12.0798268], [-77.0092293, -12.0796832], [-77.0094576, -12.0795137], [-77.0095406, -12.0794394], [-77.0097438, -12.0792384], [-77.0098553, -12.0791269], [-77.0099198, -12.0790481], [-77.0100498, -12.0788482], [-77.010104, -12.0787581], [-77.0102198, -12.0785644], [-77.0103087, -12.0783851], [-77.0103642, -12.0782557], [-77.0106896, -12.0773168], [-77.0107494, -12.077102], [-77.0108065, -12.0768362], [-77.0108269, -12.0767216], [-77.010884, -12.076301], [-77.0110976, -12.074722], [-77.0118653, -12.0690479], [-77.0123564, -12.0653179], [-77.0127167, -12.0625818], [-77.0127742, -12.0620378], [-77.0128641, -12.061399], [-77.0129006, -12.0612319], [-77.0129572, -12.0610149], [-77.0130031, -12.0608577], [-77.0130755, -12.0606593], [-77.0131978, -12.0603697], [-77.0138233, -12.0588871], [-77.0141805, -12.0579389], [-77.0142364, -12.0577656], [-77.0142722, -12.0575572], [-77.0143167, -12.0571234], [-77.0143129, -12.0569381], [-77.0142786, -12.056639], [-77.0141775, -12.0562228], [-77.0141178, -12.0560648], [-77.0139823, -12.0558006], [-77.013929, -12.0556988], [-77.0137811, -12.0554695], [-77.0127359, -12.0541476], [-77.0121793, -12.0534436], [-77.0108258, -12.0517655], [-77.0099254, -12.0506864], [-77.0098742, -12.0506251], [-77.0098101, -12.0505229], [-77.0097223, -12.0503721], [-77.0096463, -12.050207], [-77.009583, -12.0500418], [-77.0095368, -12.0498811], [-77.0094876, -12.0496578], [-77.009469, -12.0495266], [-77.0094279, -12.0486038], [-77.0093805, -12.0476332], [-77.0093946, -12.0473756], [-77.0094191, -12.0471898], [-77.0094655, -12.0469464], [-77.0097543, -12.0460632], [-77.0105451, -12.0436075], [-77.0107108, -12.043096], [-77.0107649, -12.0429538], [-77.0108268, -12.0428147], [-77.0108836, -12.0427028], [-77.0109455, -12.0425937], [-77.0110179, -12.0424839], [-77.0110977, -12.0423792], [-77.0116663, -12.0417079], [-77.0125371, -12.0406851], [-77.0126496, -12.0405279], [-77.0127433, -12.0403733], [-77.0128603, -12.0401258], [-77.0129792, -12.0397697], [-77.0130217, -12.0395974], [-77.0130548, -12.0392926], [-77.0130593, -12.0391734], [-77.0130383, -12.0389796], [-77.0130158, -12.0387769], [-77.0129533, -12.0385216], [-77.0126967, -12.0375198], [-77.0123438, -12.0361655], [-77.0120152, -12.0349733], [-77.0119807, -12.0348157], [-77.0119385, -12.0345847], [-77.0119201, -12.0343901], [-77.0119078, -12.0341955], [-77.0119125, -12.0338305], [-77.0119212, -12.0335654], [-77.0120391, -12.0327783], [-77.012185, -12.0318741], [-77.0122236, -12.0315646], [-77.0122277, -12.0313063], [-77.01223, -12.0310625], [-77.012214, -12.0309392], [-77.0121809, -12.0307426], [-77.0119528, -12.0298611], [-77.0116764, -12.0289518], [-77.0115966, -12.0287076], [-77.0115102, -12.0284634], [-77.0111475, -12.0276393], [-77.0108237, -12.0269038], [-77.010535, -12.0263389], [-77.0104447, -12.0262116], [-77.0103457, -12.0260841], [-77.0098963, -12.0255387], [-77.0085939, -12.0241554], [-77.0076165, -12.0231295], [-77.0073472, -12.0228449], [-77.0052258, -12.0205726], [-77.0048923, -12.0202411], [-77.0047377, -12.0200992], [-77.0045774, -12.019952], [-77.0041868, -12.0196416], [-77.0039472, -12.0194571], [-77.0036611, -12.0191985], [-77.0035475, -12.0190901], [-77.0033972, -12.0189352], [-77.0028187, -12.0181918], [-77.0022808, -12.0175021], [-77.0021981, -12.0173721], [-77.0021271, -12.0172447], [-77.0020493, -12.0170857], [-77.0019925, -12.0169396], [-77.0019478, -12.0168039], [-77.0019012, -12.016617], [-77.0018703, -12.0164521], [-77.0018559, -12.0162777], [-77.001859, -12.0159567], [-77.0018635, -12.0158006], [-77.0019601, -12.0143661], [-77.0020183, -12.0135159], [-77.0020522, -12.0130222], [-77.0020647, -12.0128442], [-77.002098, -12.0125577], [-77.002183, -12.0121388], [-77.0022877, -12.0118253], [-77.0023808, -12.0116222], [-77.0024994, -12.0114012], [-77.0026159, -12.0112074], [-77.002997, -12.010612], [-77.0048921, -12.007651], [-77.0054025, -12.0068697], [-77.005923, -12.006073], [-77.0061025, -12.0058058], [-77.0077881, -12.0030981], [-77.0079348, -12.0028633], [-77.0080564, -12.002616], [-77.0081379, -12.0024372], [-77.0081983, -12.0022893], [-77.0082702, -12.0021064], [-77.0083252, -12.001939], [-77.0088686, -11.9999311], [-77.0097143, -11.9969747], [-77.0099634, -11.9961313], [-77.0102294, -11.9952306], [-77.0109463, -11.9928444], [-77.01099, -11.9926853], [-77.0110115, -11.9925673], [-77.0110602, -11.9922463], [-77.0110927, -11.9918869], [-77.0110972, -11.9917777], [-77.0110897, -11.9914476], [-77.0110587, -11.9911955], [-77.0109926, -11.9907595], [-77.010911, -11.9904131], [-77.0108638, -11.9902472], [-77.0107821, -11.990034], [-77.0106538, -11.9897345], [-77.0103987, -11.9892738], [-77.0100969, -11.9888735], [-77.0098781, -11.9886104], [-77.0096772, -11.9884122], [-77.0086769, -11.9875171], [-77.0078346, -11.9867825], [-77.0076943, -11.9866526], [-77.0075628, -11.986514], [-77.00742, -11.9863648], [-77.0072526, -11.9861438], [-77.0070964, -11.9858681], [-77.0070097, -11.9856873], [-77.0069837, -11.9856209], [-77.0067857, -11.9850453], [-77.006449, -11.9840664], [-77.0051832, -11.9803865], [-77.0048306, -11.9796065], [-77.004484, -11.9789332], [-77.0042696, -11.9785739], [-77.0039837, -11.9781663], [-77.0037334, -11.9778195], [-77.0032051, -11.9771139], [-77.0029659, -11.9768553], [-77.0026337, -11.9765631], [-77.000774, -11.9752114], [-77.0000421, -11.9746963], [-76.9993647, -11.9742195], [-76.9971841, -11.9726546], [-76.9968117, -11.97236], [-76.9964523, -11.9720137], [-76.9963087, -11.9718652], [-76.9961358, -11.9716725], [-76.9958398, -11.9713099], [-76.9951945, -11.97044], [-76.9934325, -11.9680129], [-76.991743, -11.9657255], [-76.9898472, -11.9630741], [-76.9883703, -11.960922], [-76.9876676, -11.9599276], [-76.9874075, -11.9595595], [-76.9867093, -11.9585666], [-76.985525, -11.9568893], [-76.9854537, -11.9567401], [-76.9854317, -11.9565868], [-76.9854448, -11.9563745], [-76.9855294, -11.956175]], [[-76.947022, -12.1811466], [-76.9468272, -12.1824059]], [[-77.0124342, -12.053815], [-77.0124552, -12.0537992], [-77.0131147, -12.0546364], [-77.0130931, -12.0546526], [-77.0128625, -12.0543599], [-77.0125467, -12.0539578], [-77.0124342, -12.053815]], [[-77.0121994, -12.0661826], [-77.0122094, -12.0661116], [-77.0122653, -12.0657151], [-77.0123231, -12.0653283], [-77.0123354, -12.0652315], [-77.0123504, -12.0652339], [-77.0122304, -12.066186], [-77.0121994, -12.0661826]], [[-77.0113279, -12.0420423], [-77.0113414, -12.0420534], [-77.011349, -12.0420597], [-77.011993, -12.0413137], [-77.011984, -12.0413063], [-77.011979, -12.0413021], [-77.0119718, -12.0412962], [-77.0114809, -12.041865], [-77.0113279, -12.0420423]], [[-77.0109867, -12.075301], [-77.011008, -12.0751608], [-77.01106, -12.0747623], [-77.0111081, -12.0743939], [-77.0111181, -12.0743179], [-77.0111439, -12.0743209], [-77.0110115, -12.0753035], [-77.0109867, -12.075301]], [[-77.0109069, -12.0271858], [-77.0109228, -12.0271792], [-77.0109364, -12.0271735], [-77.0111914, -12.0277582], [-77.0112087, -12.0277978], [-77.0113645, -12.0281551], [-77.0113489, -12.0281616], [-77.011335, -12.0281674], [-77.0111785, -12.0278086], [-77.0111612, -12.0277689], [-77.0111496, -12.0277423], [-77.0109347, -12.0272494], [-77.0109069, -12.0271858]], [[-77.0100916, -11.9956407], [-77.0101021, -11.9956437], [-77.0097912, -11.9966918], [-77.0097758, -11.9966875], [-77.0100445, -11.9957968], [-77.0100916, -11.9956407]], [[-77.0098683, -12.0455693], [-77.0097308, -12.0459901], [-77.0096613, -12.046203], [-77.0095395, -12.0465757], [-77.0095603, -12.0465822], [-77.0095753, -12.0465869], [-77.0097672, -12.0459996], [-77.0099041, -12.0455805], [-77.0098939, -12.0455773], [-77.0098683, -12.0455693]], [[-77.006572, -11.9845227], [-77.0068226, -11.9852479], [-77.0068806, -11.9854158], [-77.0069071, -11.985407], [-77.0065985, -11.9845139], [-77.006572, -11.9845227]], [[-77.0056309, -12.0064692], [-77.0056478, -12.0064796], [-77.005091, -12.007343], [-77.0050746, -12.0073328], [-77.0051639, -12.0071945], [-77.0054266, -12.0067859], [-77.0056309, -12.0064692]], [[-77.0037919, -12.086161], [-77.0038214, -12.0861649], [-77.0036818, -12.0871662], [-77.0036524, -12.0871623], [-77.0037786, -12.0862563], [-77.0037919, -12.086161]], [[-77.0024246, -12.0176925], [-77.0024083, -12.0177044], [-77.0028254, -12.0182447], [-77.0029338, -12.0183853], [-77.0030614, -12.0185505], [-77.0030778, -12.0185384], [-77.0024246, -12.0176925]], [[-77.0016788, -12.1009058], [-77.0018211, -12.099876], [-77.0018364, -12.0998795], [-77.0016916, -12.1009064], [-77.0016788, -12.1009058]], [[-77.0005663, -12.1277047], [-77.0005115, -12.1275661], [-77.0004011, -12.1272892], [-77.0002368, -12.1268775], [-77.0001998, -12.1267841], [-77.0002144, -12.1267786], [-77.0005785, -12.1277001], [-77.0005663, -12.1277047]], [[-77.0004096, -12.1097649], [-77.0003862, -12.1097623], [-77.0003319, -12.1102384], [-77.0003019, -12.1105009], [-77.0002688, -12.1107909], [-77.0002922, -12.1107934], [-77.0004096, -12.1097649]], [[-76.9995983, -11.9744167], [-76.9996034, -11.9744099], [-76.9996128, -11.9743973], [-77.0004705, -11.9750036], [-77.0004503, -11.9750283], [-76.999896, -11.9746306], [-76.9995983, -11.9744167]], [[-76.9972054, -12.1342925], [-76.997215, -12.1342992], [-76.9965823, -12.1351664], [-76.9965728, -12.1351598], [-76.9966202, -12.1350948], [-76.9967791, -12.134877], [-76.9971086, -12.1344253], [-76.9972054, -12.1342925]], [[-76.9930964, -11.9675912], [-76.9935236, -11.9681769], [-76.9936377, -11.9683333], [-76.9936505, -11.9683243], [-76.9931093, -11.9675822], [-76.9931031, -11.9675865], [-76.9930964, -11.9675912]], [[-76.9913847, -12.1421203], [-76.9913704, -12.1421079], [-76.9912883, -12.1421987], [-76.990585, -12.1429775], [-76.9905994, -12.1429899], [-76.9913847, -12.1421203]], [[-76.9873265, -11.9594533], [-76.9873126, -11.9594627], [-76.9873445, -11.9595078], [-76.9878433, -11.9602142], [-76.9878571, -11.9602048], [-76.9873265, -11.9594533]], [[-76.9789405, -12.1510535], [-76.9792105, -12.1509329], [-76.9795183, -12.1507955], [-76.9798957, -12.1506266], [-76.9799221, -12.1506146], [-76.9799276, -12.1506262], [-76.9789484, -12.1510703], [-76.9789429, -12.1510586], [-76.9789405, -12.1510535]], [[-76.9652991, -12.1566097], [-76.9653101, -12.1566358], [-76.9662826, -12.1562444], [-76.9662581, -12.1561864], [-76.9652857, -12.1565777], [-76.9652991, -12.1566097]], [[-76.9564502, -12.1608954], [-76.9564538, -12.1608981], [-76.9558118, -12.1617226], [-76.9557862, -12.1617036], [-76.9564283, -12.1608791], [-76.9564502, -12.1608954]], [[-76.9500182, -12.1697366], [-76.9499911, -12.1697219], [-76.9505234, -12.1687874], [-76.9505348, -12.1687936], [-76.9505504, -12.1688021], [-76.9500182, -12.1697366]], [[-76.9399977, -12.1959887], [-76.9400134, -12.1959975], [-76.9400448, -12.1960151], [-76.9395181, -12.1969116], [-76.9394711, -12.1968852], [-76.9399977, -12.1959887]], [[-76.9333919, -12.2070084], [-76.9328912, -12.2078556], [-76.9329361, -12.207881], [-76.9334369, -12.2070337], [-76.9334113, -12.2070202], [-76.9333919, -12.2070084]]]}}, {"type": "Feature", "properties": {"linea": "corredor_azul", "nombre": "Corredor Azul 301 (Corredor Azul 301 → Plaza Butters)", "ref": "301", "osm_id": 3968387}, "geometry": {"type": "MultiLineString", "coordinates": [[[-77.0340194, -12.0260485], [-77.0340903, -12.0261251], [-77.0341379, -12.0261779], [-77.0341686, -12.0262112], [-77.0341834, -12.0262272], [-77.0342282, -12.0262758], [-77.03413, -12.0263609], [-77.0337804, -12.0266824], [-77.0337441, -12.026713], [-77.0334973, -12.0269368], [-77.0334224, -12.0270047], [-77.0333237, -12.0270888], [-77.0332656, -12.02714], [-77.0331336, -12.0272597], [-77.0329207, -12.027451], [-77.0325345, -12.0277981], [-77.0324862, -12.0278415], [-77.0322176, -12.0280835], [-77.0320302, -12.0282526], [-77.0318871, -12.0283804], [-77.0315677, -12.0286659], [-77.0314602, -12.0287608], [-77.0314477, -12.0287732], [-77.0313809, -12.0288329], [-77.0312434, -12.0289558], [-77.0309795, -12.0291912], [-77.0306944, -12.0294455], [-77.0306287, -12.0295052], [-77.0298346, -12.030208], [-77.02979, -12.0302473], [-77.0297396, -12.0302914], [-77.0296714, -12.0303572], [-77.02959, -12.0304331], [-77.0293417, -12.0306537], [-77.0290403, -12.0309211], [-77.0287941, -12.0311399], [-77.0285893, -12.0313182], [-77.028334, -12.0315461], [-77.0280886, -12.0317613], [-77.0280049, -12.0318344], [-77.0279605, -12.0318733], [-77.0278789, -12.0319448], [-77.0279224, -12.0319901], [-77.0279589, -12.032028], [-77.028215, -12.0323268], [-77.0284134, -12.032592], [-77.0285193, -12.0327519], [-77.0286002, -12.032876], [-77.0288152, -12.0332113], [-77.0288662, -12.0332859], [-77.0289833, -12.0334668], [-77.0291903, -12.0337865], [-77.0296023, -12.0344226], [-77.029736, -12.034629], [-77.0297747, -12.0346888], [-77.0298094, -12.0347458], [-77.0298523, -12.0348164], [-77.0299097, -12.0349069], [-77.030229, -12.0354098], [-77.0304409, -12.0357435], [-77.0308378, -12.0363687], [-77.0309475, -12.0365415], [-77.0309725, -12.0365809], [-77.0310979, -12.0367785], [-77.0315707, -12.0375232], [-77.0315986, -12.0375671], [-77.0317721, -12.0378404], [-77.0320564, -12.0382882], [-77.0322069, -12.0385253], [-77.032251, -12.0385947], [-77.0322768, -12.0386354], [-77.032335, -12.038727], [-77.0323521, -12.0387532], [-77.0324471, -12.0388859], [-77.0328727, -12.0395424], [-77.032938, -12.0396378], [-77.0329749, -12.0396913], [-77.0330066, -12.0397393], [-77.0336737, -12.0407081], [-77.0343785, -12.0417312], [-77.0345554, -12.0419976], [-77.0347478, -12.042285], [-77.03487, -12.0424661], [-77.0348934, -12.042496], [-77.0349939, -12.0425116], [-77.0350426, -12.042583], [-77.0350611, -12.0426123], [-77.0352877, -12.0429426], [-77.0355598, -12.0433415], [-77.0355944, -12.0433923], [-77.0356021, -12.0434038], [-77.0356362, -12.0434536], [-77.0356621, -12.0434907], [-77.0356746, -12.0435093], [-77.0360394, -12.0440384], [-77.0362234, -12.0443066], [-77.036236, -12.0443257], [-77.0362647, -12.044369], [-77.0363007, -12.0444238], [-77.036318, -12.0444477], [-77.0363225, -12.0444549], [-77.0363411, -12.0444815], [-77.0364353, -12.0446208], [-77.0366811, -12.0449733], [-77.0367623, -12.0450898], [-77.0368928, -12.0452711], [-77.0369291, -12.0453215], [-77.0369384, -12.0453347], [-77.0369749, -12.045387], [-77.0370041, -12.0454277], [-77.0370321, -12.0454689], [-77.0372894, -12.0458406], [-77.0374196, -12.0460287], [-77.0374258, -12.0460377], [-77.0375109, -12.0461607], [-77.0375343, -12.0461958], [-77.0375455, -12.0462104], [-77.0375766, -12.0462551], [-77.0375995, -12.046286], [-77.0376365, -12.0463391], [-77.0376585, -12.0463717], [-77.037672, -12.0463924], [-77.037694, -12.0464255], [-77.0381128, -12.0470419], [-77.038199, -12.0471711], [-77.0382221, -12.0472057], [-77.0382433, -12.0472341], [-77.0382641, -12.0472669], [-77.0382865, -12.0472998], [-77.0383121, -12.0473375], [-77.0384623, -12.0475532], [-77.039005, -12.0483326], [-77.0391114, -12.0485062], [-77.0391437, -12.0485589], [-77.0391609, -12.0485972], [-77.0391641, -12.0486095], [-77.0391664, -12.0486249], [-77.039167, -12.0486408], [-77.0391656, -12.0486596], [-77.0391536, -12.0487089], [-77.0391359, -12.0487809], [-77.0391167, -12.0488777], [-77.0391097, -12.0489186], [-77.0391042, -12.0489551], [-77.0390874, -12.0490672], [-77.0389268, -12.0503009], [-77.0388994, -12.0505111], [-77.0388866, -12.0506095], [-77.0388538, -12.0509221], [-77.0388478, -12.0509788], [-77.0388376, -12.0510596], [-77.0388308, -12.0511138], [-77.038827, -12.0511535], [-77.0387855, -12.0515223], [-77.0387747, -12.0516071], [-77.0387671, -12.0516709], [-77.038736, -12.0519334], [-77.038715, -12.052107], [-77.0386235, -12.0527745], [-77.0385771, -12.053151], [-77.0385575, -12.0533085], [-77.0384966, -12.0539541], [-77.038487, -12.0540621], [-77.038477, -12.0541706], [-77.0384719, -12.054227], [-77.0384664, -12.0542936], [-77.0383503, -12.0556837], [-77.038337, -12.0558287], [-77.0383306, -12.0559022], [-77.0383263, -12.0559672], [-77.0383211, -12.0560327], [-77.0382547, -12.0568725], [-77.0382212, -12.0573005], [-77.0382126, -12.0574101], [-77.0382069, -12.0574717], [-77.0381827, -12.057739], [-77.0381786, -12.0577901], [-77.0381772, -12.0578165], [-77.0381698, -12.0579107], [-77.0381669, -12.0579475], [-77.0381596, -12.0580423], [-77.0381549, -12.0581064], [-77.0380921, -12.0588771], [-77.0380312, -12.0596367], [-77.0380263, -12.0596976], [-77.0380132, -12.0598293], [-77.03799, -12.0600521], [-77.0379838, -12.060125], [-77.0379203, -12.0609297], [-77.0379047, -12.0611434], [-77.0378628, -12.0612603], [-77.0378565, -12.0613432], [-77.0378434, -12.0615396], [-77.0378296, -12.0616938], [-77.0378194, -12.0618276], [-77.0378074, -12.0619506], [-77.0377853, -12.0621713], [-77.0377347, -12.0623309], [-77.0375873, -12.06395], [-77.0375822, -12.0640055], [-77.0375483, -12.0642746], [-77.0374469, -12.0648975], [-77.037251, -12.066167], [-77.0372168, -12.0665187], [-77.0372048, -12.0667475], [-77.0371837, -12.0669048], [-77.0371806, -12.0669278], [-77.0371789, -12.0669406], [-77.0371695, -12.0670148], [-77.037161, -12.0670812], [-77.0371182, -12.0674109], [-77.0369994, -12.068251], [-77.0369891, -12.0683181], [-77.0369744, -12.0684057], [-77.0367942, -12.069568], [-77.0367848, -12.0696365], [-77.0367477, -12.0698914], [-77.0366901, -12.0702517], [-77.0366741, -12.0703575], [-77.0366365, -12.070607], [-77.0366083, -12.0707934], [-77.0365275, -12.0713286], [-77.0363727, -12.0723538], [-77.0363653, -12.0724029], [-77.0363475, -12.0725206], [-77.0362195, -12.073368], [-77.0362082, -12.0734436], [-77.0361983, -12.0735087], [-77.0361918, -12.0735522], [-77.0361543, -12.0738003], [-77.0361261, -12.0739869], [-77.0360702, -12.0743571], [-77.0360589, -12.0744323], [-77.0360521, -12.0744772], [-77.0360401, -12.0745567], [-77.0360261, -12.0746495], [-77.0358948, -12.0755187], [-77.0358851, -12.0755829], [-77.0358744, -12.0756538], [-77.0358722, -12.0756685], [-77.0358294, -12.0759521], [-77.0357826, -12.076262], [-77.0357202, -12.0766755], [-77.0355616, -12.0777257], [-77.0354296, -12.078618], [-77.0353143, -12.0793981], [-77.0352723, -12.0796819], [-77.0351323, -12.0806287], [-77.0351232, -12.0806903], [-77.0351132, -12.0807577], [-77.035099, -12.0808535], [-77.0350277, -12.081336], [-77.0350216, -12.0813771], [-77.0349361, -12.0819553], [-77.0348727, -12.0823837], [-77.0348602, -12.0824682], [-77.0348491, -12.0825435], [-77.0347953, -12.0829071], [-77.0347476, -12.0832299], [-77.0347192, -12.0834219], [-77.0347058, -12.0835123], [-77.0346938, -12.0835937], [-77.0345565, -12.0845341], [-77.0345509, -12.0845726], [-77.0345398, -12.0846471], [-77.0345258, -12.084723], [-77.0344614, -12.0851657], [-77.0344512, -12.0852356], [-77.0343828, -12.0857051], [-77.0342929, -12.0863431], [-77.0342733, -12.0864748], [-77.0342465, -12.0866541], [-77.034214, -12.0868805], [-77.034203, -12.0869569], [-77.0341907, -12.0870456], [-77.0340632, -12.0879586], [-77.0340527, -12.0880342], [-77.0340197, -12.0882715], [-77.0339347, -12.088826], [-77.0338891, -12.0890981], [-77.0337836, -12.0897849], [-77.0336942, -12.0903665], [-77.0336666, -12.0905458], [-77.0336655, -12.0905533], [-77.0336533, -12.0906388], [-77.0336183, -12.0908381], [-77.0335782, -12.0909895], [-77.0334004, -12.0921255], [-77.0333624, -12.0924104], [-77.0332147, -12.0934042], [-77.0331975, -12.0936887], [-77.0331205, -12.0942778], [-77.0331078, -12.0943751], [-77.0331051, -12.0944022], [-77.0330971, -12.0944786], [-77.0330885, -12.0945466], [-77.0330795, -12.0946112], [-77.0330561, -12.0947797], [-77.0329643, -12.0954413], [-77.0329479, -12.0955413], [-77.0329355, -12.095624], [-77.0328482, -12.0961819], [-77.0327531, -12.0968112], [-77.0327299, -12.0969666], [-77.0327155, -12.0970696], [-77.0327108, -12.0970959], [-77.0326989, -12.0971832], [-77.0325872, -12.0980014], [-77.032573, -12.0980967], [-77.0325638, -12.09816], [-77.0325208, -12.098463], [-77.0324053, -12.0991803], [-77.0323481, -12.0995217], [-77.0323369, -12.0995831], [-77.0323134, -12.0996997], [-77.0322956, -12.0998098], [-77.0322211, -12.1002481], [-77.0321388, -12.1007162], [-77.032039, -12.1013295], [-77.0319596, -12.1017692], [-77.031852, -12.1023887], [-77.0318004, -12.1026898], [-77.0317761, -12.102833], [-77.0316529, -12.1035906], [-77.031648, -12.1036239], [-77.031565, -12.1041087], [-77.0314969, -12.104541], [-77.0313966, -12.1051129], [-77.0313189, -12.105597], [-77.0311628, -12.1064927], [-77.0311472, -12.1065829], [-77.0311326, -12.1066639], [-77.0311155, -12.1067567], [-77.030951, -12.1077457], [-77.0307945, -12.1086428], [-77.0307637, -12.1088013], [-77.0306909, -12.1092321], [-77.0306371, -12.1095416], [-77.0305684, -12.1099674], [-77.0305235, -12.1102433], [-77.0304668, -12.1105917], [-77.030319, -12.1114576], [-77.0302875, -12.1116194], [-77.0301158, -12.1126445], [-77.030043, -12.1130916], [-77.0299854, -12.1134456], [-77.029954, -12.1136388], [-77.0299433, -12.1137042], [-77.0299324, -12.1137763], [-77.0299181, -12.1138633], [-77.0297546, -12.1148553], [-77.0296171, -12.1156632], [-77.029615, -12.1156757], [-77.0295729, -12.1159231], [-77.0294462, -12.1166295], [-77.0294082, -12.1168415], [-77.029404, -12.1168669], [-77.0293879, -12.1169545], [-77.0293696, -12.1170613], [-77.0292544, -12.1177185], [-77.0292289, -12.1178637], [-77.0292057, -12.1179957], [-77.0291931, -12.1180842], [-77.0291488, -12.1183671], [-77.02914, -12.1185086], [-77.0291326, -12.1188082], [-77.0291598, -12.1190049]], [[-77.029251, -12.1193396], [-77.0292483, -12.1194278], [-77.0292462, -12.1195054], [-77.0292496, -12.1195507], [-77.0292554, -12.1195834], [-77.0292674, -12.119611], [-77.0292872, -12.1196483], [-77.0293128, -12.1196851], [-77.0293629, -12.1197503], [-77.0294904, -12.119918], [-77.0297143, -12.1202237], [-77.0298321, -12.1203859], [-77.0300176, -12.1206391], [-77.0301601, -12.1208241], [-77.0302747, -12.1209889], [-77.0308192, -12.1217271], [-77.0311447, -12.1221808], [-77.0312031, -12.1222641], [-77.0312652, -12.122354], [-77.0312969, -12.1223998], [-77.0313429, -12.1224665], [-77.0314854, -12.1226094], [-77.0317189, -12.1228435], [-77.031735, -12.1228597], [-77.0318028, -12.122926], [-77.0318579, -12.1230418], [-77.0321351, -12.1233955], [-77.032194, -12.1235124], [-77.0323391, -12.1237326], [-77.0323992, -12.1238287], [-77.0326118, -12.1241699], [-77.0326729, -12.1242817], [-77.0326875, -12.1243084], [-77.0326984, -12.1243308], [-77.032709, -12.1243588], [-77.032717, -12.1243844], [-77.0327217, -12.1244034], [-77.0327284, -12.1244412], [-77.0327478, -12.124577], [-77.0327565, -12.1246392], [-77.032776, -12.1247627], [-77.0327825, -12.124797], [-77.0327901, -12.1248289], [-77.0328013, -12.1248694], [-77.0328116, -12.1248984], [-77.0328216, -12.124924], [-77.032831, -12.124943], [-77.0328436, -12.1249672], [-77.0329846, -12.1252066], [-77.0330095, -12.1252503], [-77.0330757, -12.1253661], [-77.0331133, -12.1254275], [-77.0330289, -12.1254638], [-77.0327682, -12.1255692], [-77.0323439, -12.1257412], [-77.0317639, -12.1259816], [-77.0307719, -12.1263725], [-77.029763, -12.1267777], [-77.0296553, -12.1268231], [-77.0295742, -12.1268535], [-77.0295303, -12.1268706], [-77.0295472, -12.1269045], [-77.0295683, -12.1269471], [-77.0295916, -12.1269979], [-77.0296563, -12.1277559], [-77.0296851, -12.1280763], [-77.0296902, -12.1281322], [-77.0297301, -12.1285709], [-77.0297386, -12.1286641], [-77.0297447, -12.1287264], [-77.0298402, -12.1297083], [-77.029846, -12.1297683], [-77.0298524, -12.1298416], [-77.0298773, -12.130128], [-77.0298988, -12.1303844], [-77.0299013, -12.1304142], [-77.0299315, -12.1307753], [-77.0299582, -12.1311027], [-77.0299744, -12.1313024], [-77.0299805, -12.1313599], [-77.0299829, -12.1313761], [-77.0300508, -12.131467], [-77.0299388, -12.1315522], [-77.0293786, -12.1319939], [-77.0291248, -12.1321849], [-77.0290789, -12.1322183], [-77.0290585, -12.1322332], [-77.0287304, -12.1324669], [-77.0284451, -12.1326694], [-77.0278263, -12.133133], [-77.0277633, -12.1331807], [-77.0276975, -12.1332325], [-77.0276255, -12.1332965], [-77.0269882, -12.1338377], [-77.0268661, -12.1339414], [-77.0268318, -12.1339705], [-77.0267675, -12.1340251], [-77.0261247, -12.1345327], [-77.0254168, -12.1351132], [-77.0253438, -12.1351731], [-77.0253018, -12.1352064], [-77.0252585, -12.13524], [-77.0252339, -12.1352542], [-77.0252084, -12.1352613], [-77.0251696, -12.1352676], [-77.0251107, -12.1352596], [-77.0250275, -12.1352301], [-77.0250255, -12.1352298], [-77.0249708, -12.1352129], [-77.0249143, -12.1351834], [-77.0249058, -12.1351725], [-77.0248267, -12.1351498], [-77.0244691, -12.1350413], [-77.0237726, -12.1348328], [-77.0237255, -12.1348286], [-77.0236695, -12.1348297], [-77.0235631, -12.1348503], [-77.0234808, -12.1348756], [-77.023403, -12.1349121], [-77.0233313, -12.134959], [-77.0232672, -12.1350154], [-77.0232434, -12.1350414], [-77.0232181, -12.1350709], [-77.0231701, -12.1351531], [-77.0231241, -12.1352562], [-77.0230794, -12.1353776], [-77.0230393, -12.1354934], [-77.0229396, -12.1357816], [-77.0228564, -12.1358669], [-77.0228188, -12.1360641], [-77.0226785, -12.1369635], [-77.0226467, -12.1371815], [-77.0225898, -12.1375714], [-77.0225717, -12.1376954], [-77.0225645, -12.1377447], [-77.0225323, -12.1379658], [-77.0225273, -12.1379966], [-77.0225175, -12.1380778], [-77.0224878, -12.1383296], [-77.0224616, -12.1385839], [-77.0224238, -12.1389869], [-77.0224106, -12.1391246], [-77.0224057, -12.1391594], [-77.0223806, -12.1394694], [-77.0223782, -12.1395012], [-77.0223629, -12.1397065], [-77.0223542, -12.1398002], [-77.0223191, -12.1403168], [-77.0223137, -12.1403926], [-77.0223068, -12.1404638], [-77.0222589, -12.1409562], [-77.0222513, -12.1410318], [-77.0222428, -12.1411574], [-77.0221578, -12.141151], [-77.0221129, -12.1411496], [-77.02206, -12.1411508], [-77.0220204, -12.1411543], [-77.0219671, -12.1411623], [-77.0219063, -12.1411741], [-77.0212819, -12.1412871], [-77.0210691, -12.1413263], [-77.020996, -12.1413393], [-77.0206749, -12.1413965], [-77.0205025, -12.1414272], [-77.0197127, -12.1415679], [-77.0195694, -12.1415942], [-77.0194816, -12.1416103], [-77.0194261, -12.1416205], [-77.0191967, -12.141657], [-77.0186776, -12.1417487], [-77.0184828, -12.1417791], [-77.0182517, -12.1418152], [-77.0181086, -12.1418421], [-77.0179824, -12.1418686], [-77.0178775, -12.1418904], [-77.0178095, -12.141904], [-77.0175946, -12.1419458], [-77.0175825, -12.1419483], [-77.017546, -12.1419618], [-77.0175176, -12.1419771], [-77.0174943, -12.1419927], [-77.0174158, -12.1420601], [-77.0173707, -12.1420988], [-77.0172507, -12.1422018], [-77.0171817, -12.1422611], [-77.0171057, -12.1423263], [-77.016796, -12.1425922], [-77.016504, -12.1428434], [-77.0161057, -12.143186]], [[-77.0291598, -12.1190049], [-77.0291821, -12.1190318], [-77.0291953, -12.119049], [-77.0292067, -12.1190662], [-77.0292184, -12.1190879], [-77.0292288, -12.1191088], [-77.0292376, -12.1191342], [-77.0292462, -12.1191593], [-77.0292554, -12.1191956], [-77.029259, -12.1192189], [-77.0292617, -12.1192417], [-77.0292617, -12.1192694], [-77.0292597, -12.1192956], [-77.0292563, -12.1193173], [-77.029251, -12.1193396], [-77.0292429, -12.1193691], [-77.0292338, -12.1193928], [-77.0292194, -12.1194202], [-77.0292085, -12.1194359], [-77.029196, -12.119451], [-77.0291785, -12.1194681], [-77.029162, -12.1194809], [-77.0291436, -12.1194917], [-77.0291248, -12.1195002], [-77.0291014, -12.1195061], [-77.029081, -12.119507], [-77.0290594, -12.1195045], [-77.0290411, -12.1194995], [-77.0290196, -12.1194915], [-77.0290022, -12.119483], [-77.0289841, -12.1194694], [-77.0289734, -12.1194602], [-77.0289561, -12.1194441], [-77.0289398, -12.1194254], [-77.028928, -12.1194083], [-77.0289173, -12.1193912], [-77.0289063, -12.1193704], [-77.0288949, -12.1193435], [-77.0288887, -12.1193216], [-77.0288816, -12.1192979], [-77.0288794, -12.1192799], [-77.0288761, -12.1192589], [-77.0288748, -12.119234], [-77.0288744, -12.1192051], [-77.0288761, -12.1191737], [-77.028879, -12.1191524], [-77.0288848, -12.1191219], [-77.0288912, -12.1190986], [-77.0288982, -12.1190747], [-77.0289063, -12.1190524], [-77.0289139, -12.1190359], [-77.0289201, -12.1190249], [-77.0289331, -12.1190059], [-77.028943, -12.1189963], [-77.0289559, -12.1189842], [-77.0289727, -12.1189737], [-77.0289877, -12.1189666], [-77.0290062, -12.11896], [-77.0290263, -12.1189554], [-77.0290551, -12.1189551], [-77.0290783, -12.1189591], [-77.0291027, -12.1189673], [-77.0291249, -12.1189783], [-77.0291403, -12.1189882], [-77.0291598, -12.1190049]]]}}, {"type": "Feature", "properties": {"linea": "corredor_azul", "nombre": "Corredor Azul 303 (Corredor Azul 303 → Dos de Mayo)", "ref": "303", "osm_id": 3968388}, "geometry": {"type": "LineString", "coordinates": [[-77.0113556, -12.0250814], [-77.011445, -12.0250905], [-77.0118239, -12.0251345], [-77.0118569, -12.0251402], [-77.0118722, -12.0251419], [-77.0119026, -12.0251455], [-77.0120097, -12.0251581], [-77.0120455, -12.0251622], [-77.0120895, -12.0251673], [-77.012573, -12.0252315], [-77.012695, -12.0252495], [-77.0128006, -12.0252655], [-77.0128978, -12.025283], [-77.0129889, -12.0252985], [-77.0130948, -12.0253178], [-77.0131639, -12.0253303], [-77.0132356, -12.0253491], [-77.013266, -12.0253571], [-77.0133339, -12.0253783], [-77.0134053, -12.0254052], [-77.0134891, -12.0254395], [-77.0135458, -12.0254683], [-77.0136032, -12.0255024], [-77.0136833, -12.0255435], [-77.0137814, -12.0255799], [-77.01389, -12.0256081], [-77.0140502, -12.0256373], [-77.0142198, -12.0256587], [-77.015035, -12.0257431], [-77.0153613, -12.0257819], [-77.0154015, -12.0257867], [-77.0154234, -12.0257902], [-77.015526, -12.0258011], [-77.0156041, -12.0258235], [-77.0163775, -12.0259121], [-77.0170125, -12.0259797], [-77.0172428, -12.0260021], [-77.017473, -12.0260245], [-77.0179348, -12.0260729], [-77.0190975, -12.0261886], [-77.0195689, -12.0262381], [-77.0197513, -12.0262548], [-77.0198255, -12.0262762], [-77.0198798, -12.0263109], [-77.0199279, -12.0263535], [-77.0199693, -12.0264107], [-77.0199841, -12.0264494], [-77.020009, -12.0265177], [-77.0200124, -12.0266006], [-77.0200024, -12.0267017], [-77.0199453, -12.0272445], [-77.0199446, -12.0272516], [-77.0199347, -12.0273048], [-77.0198878, -12.0274676], [-77.0198369, -12.0275641], [-77.019776, -12.0276507], [-77.0195858, -12.0278727], [-77.0194938, -12.02798], [-77.0194515, -12.0280283], [-77.0193639, -12.0281317], [-77.0193063, -12.028202], [-77.0189613, -12.028623], [-77.0189306, -12.0287081], [-77.0189146, -12.0287629], [-77.0189065, -12.0288125], [-77.0189054, -12.0288611], [-77.0189066, -12.0288884], [-77.0189075, -12.0289104], [-77.0189116, -12.0289534], [-77.0189191, -12.0289746], [-77.0189281, -12.0290002], [-77.0189468, -12.0290407], [-77.0190012, -12.0290985], [-77.0190499, -12.0291351], [-77.0191199, -12.0291853], [-77.0195895, -12.0294138], [-77.0197416, -12.0294868], [-77.0204184, -12.0297536], [-77.0208634, -12.0299283], [-77.0210566, -12.0300042], [-77.021386, -12.0301258], [-77.0215736, -12.0301458], [-77.0217198, -12.0301384], [-77.0218185, -12.0301273], [-77.0219265, -12.030103], [-77.0220278, -12.0300691], [-77.0221586, -12.0300148], [-77.0221605, -12.0300137], [-77.0222993, -12.0299321], [-77.0226741, -12.0296705], [-77.0230498, -12.0294284], [-77.0231757, -12.0293519], [-77.0232862, -12.0293013], [-77.0234665, -12.0292512], [-77.0235742, -12.029235], [-77.0236818, -12.0292187], [-77.0238138, -12.0292187], [-77.0239495, -12.0292345], [-77.0240754, -12.0292482], [-77.0241992, -12.02928], [-77.0243174, -12.0293208], [-77.0244323, -12.0293721], [-77.0245019, -12.0294064], [-77.0245563, -12.0294371], [-77.0246444, -12.0294872], [-77.0255577, -12.0301408], [-77.0257963, -12.0303115], [-77.0259219, -12.0304051], [-77.0264937, -12.0308404], [-77.0275075, -12.03162], [-77.0275105, -12.0316223], [-77.0276401, -12.0317216], [-77.0277047, -12.0317755], [-77.0277693, -12.0318293], [-77.0278789, -12.0319448], [-77.0279224, -12.0319901], [-77.0279589, -12.032028], [-77.028215, -12.0323268], [-77.0284134, -12.032592], [-77.0285193, -12.0327519], [-77.0286002, -12.032876], [-77.0288152, -12.0332113], [-77.0288662, -12.0332859], [-77.0289833, -12.0334668], [-77.0291903, -12.0337865], [-77.0296023, -12.0344226], [-77.029736, -12.034629], [-77.0297747, -12.0346888], [-77.0298094, -12.0347458], [-77.0298523, -12.0348164], [-77.0299097, -12.0349069], [-77.030229, -12.0354098], [-77.0304409, -12.0357435], [-77.0308378, -12.0363687], [-77.0309475, -12.0365415], [-77.0309725, -12.0365809], [-77.0310979, -12.0367785], [-77.0315707, -12.0375232], [-77.0315986, -12.0375671], [-77.0317721, -12.0378404], [-77.0320564, -12.0382882], [-77.0322069, -12.0385253], [-77.032251, -12.0385947], [-77.0322768, -12.0386354], [-77.032335, -12.038727], [-77.0323521, -12.0387532], [-77.0324471, -12.0388859], [-77.0328727, -12.0395424], [-77.032938, -12.0396378], [-77.0329749, -12.0396913], [-77.0330066, -12.0397393], [-77.0336737, -12.0407081], [-77.0343785, -12.0417312], [-77.0345554, -12.0419976], [-77.0347478, -12.042285], [-77.03487, -12.0424661], [-77.0348934, -12.042496], [-77.0349939, -12.0425116], [-77.0350426, -12.042583], [-77.0350611, -12.0426123], [-77.0352877, -12.0429426], [-77.0355598, -12.0433415], [-77.0355944, -12.0433923], [-77.0356021, -12.0434038], [-77.0356362, -12.0434536], [-77.0356621, -12.0434907], [-77.0356746, -12.0435093], [-77.0360394, -12.0440384], [-77.0362234, -12.0443066], [-77.036236, -12.0443257], [-77.0362647, -12.044369], [-77.0363007, -12.0444238], [-77.036318, -12.0444477], [-77.0363225, -12.0444549], [-77.0363411, -12.0444815], [-77.0364353, -12.0446208], [-77.0366811, -12.0449733], [-77.0367623, -12.0450898], [-77.0368928, -12.0452711], [-77.0369291, -12.0453215], [-77.0369384, -12.0453347], [-77.0369749, -12.045387], [-77.0370041, -12.0454277], [-77.0370321, -12.0454689], [-77.0372894, -12.0458406], [-77.0374196, -12.0460287], [-77.0374258, -12.0460377], [-77.0375109, -12.0461607], [-77.0375343, -12.0461958], [-77.0375455, -12.0462104], [-77.0375766, -12.0462551], [-77.0375995, -12.046286], [-77.0376365, -12.0463391], [-77.0376585, -12.0463717], [-77.037672, -12.0463924], [-77.037694, -12.0464255], [-77.0381128, -12.0470419], [-77.038199, -12.0471711], [-77.0382221, -12.0472057], [-77.0382433, -12.0472341], [-77.0382641, -12.0472669], [-77.0382865, -12.0472998], [-77.0383121, -12.0473375], [-77.0384623, -12.0475532], [-77.039005, -12.0483326], [-77.0391114, -12.0485062], [-77.0391437, -12.0485589], [-77.0391609, -12.0485972], [-77.0391641, -12.0486095], [-77.0391664, -12.0486249], [-77.039167, -12.0486408], [-77.0391656, -12.0486596], [-77.0391536, -12.0487089], [-77.0391359, -12.0487809], [-77.0391167, -12.0488777], [-77.0391097, -12.0489186], [-77.0391042, -12.0489551], [-77.0390874, -12.0490672], [-77.0389268, -12.0503009], [-77.0388994, -12.0505111], [-77.0388866, -12.0506095], [-77.0388538, -12.0509221], [-77.0388478, -12.0509788], [-77.0388376, -12.0510596], [-77.0388308, -12.0511138], [-77.038827, -12.0511535], [-77.0387855, -12.0515223], [-77.0387747, -12.0516071], [-77.0387671, -12.0516709], [-77.038736, -12.0519334], [-77.038715, -12.052107], [-77.0386235, -12.0527745], [-77.0385771, -12.053151], [-77.0385575, -12.0533085], [-77.0384966, -12.0539541], [-77.038487, -12.0540621], [-77.038477, -12.0541706], [-77.0384719, -12.054227], [-77.0384664, -12.0542936], [-77.0383503, -12.0556837], [-77.038337, -12.0558287], [-77.0383306, -12.0559022], [-77.0383263, -12.0559672], [-77.0383211, -12.0560327], [-77.0382547, -12.0568725], [-77.0382212, -12.0573005], [-77.0382126, -12.0574101], [-77.0382069, -12.0574717], [-77.0381827, -12.057739], [-77.0381786, -12.0577901], [-77.0381772, -12.0578165], [-77.0381698, -12.0579107], [-77.0381669, -12.0579475], [-77.0381596, -12.0580423], [-77.0381549, -12.0581064], [-77.0380921, -12.0588771], [-77.0380312, -12.0596367], [-77.0380263, -12.0596976], [-77.0380132, -12.0598293], [-77.03799, -12.0600521], [-77.0379838, -12.060125], [-77.0379203, -12.0609297], [-77.0379047, -12.0611434], [-77.0378628, -12.0612603], [-77.0378565, -12.0613432], [-77.0378434, -12.0615396], [-77.0378296, -12.0616938], [-77.0378194, -12.0618276], [-77.0378074, -12.0619506], [-77.0377853, -12.0621713], [-77.0377347, -12.0623309], [-77.0375873, -12.06395], [-77.0375822, -12.0640055], [-77.0375483, -12.0642746], [-77.0374469, -12.0648975], [-77.037251, -12.066167], [-77.0372168, -12.0665187], [-77.0372048, -12.0667475], [-77.0371837, -12.0669048], [-77.0371806, -12.0669278], [-77.0371789, -12.0669406], [-77.0371695, -12.0670148], [-77.037161, -12.0670812], [-77.0371182, -12.0674109], [-77.0369994, -12.068251], [-77.0369891, -12.0683181], [-77.0369744, -12.0684057], [-77.0367942, -12.069568], [-77.0367848, -12.0696365], [-77.0367477, -12.0698914], [-77.0366901, -12.0702517], [-77.0366741, -12.0703575], [-77.0366365, -12.070607], [-77.0366083, -12.0707934], [-77.0365275, -12.0713286], [-77.0363727, -12.0723538], [-77.0363653, -12.0724029], [-77.0363475, -12.0725206], [-77.0362195, -12.073368], [-77.0362082, -12.0734436], [-77.0361983, -12.0735087], [-77.0361918, -12.0735522], [-77.0361543, -12.0738003], [-77.0361261, -12.0739869], [-77.0360702, -12.0743571], [-77.0360589, -12.0744323], [-77.0360521, -12.0744772], [-77.0360401, -12.0745567], [-77.0360261, -12.0746495], [-77.0358948, -12.0755187], [-77.0358851, -12.0755829], [-77.0358744, -12.0756538], [-77.0358722, -12.0756685], [-77.0358294, -12.0759521], [-77.0357826, -12.076262], [-77.0357202, -12.0766755], [-77.0355616, -12.0777257], [-77.0354296, -12.078618], [-77.0353143, -12.0793981], [-77.0352723, -12.0796819], [-77.0351323, -12.0806287], [-77.0351232, -12.0806903], [-77.0351132, -12.0807577], [-77.035099, -12.0808535], [-77.0350277, -12.081336], [-77.0350216, -12.0813771], [-77.0349361, -12.0819553], [-77.0348727, -12.0823837], [-77.0348602, -12.0824682], [-77.0348491, -12.0825435], [-77.0347953, -12.0829071], [-77.0347476, -12.0832299], [-77.0347192, -12.0834219], [-77.0347058, -12.0835123], [-77.0346938, -12.0835937], [-77.0345565, -12.0845341], [-77.0345509, -12.0845726], [-77.0345398, -12.0846471], [-77.0345258, -12.084723], [-77.0344614, -12.0851657], [-77.0344512, -12.0852356], [-77.0343828, -12.0857051], [-77.0342929, -12.0863431], [-77.0342733, -12.0864748], [-77.0342465, -12.0866541], [-77.034214, -12.0868805], [-77.034203, -12.0869569], [-77.0341907, -12.0870456], [-77.0340632, -12.0879586], [-77.0340527, -12.0880342], [-77.0340197, -12.0882715], [-77.0339347, -12.088826], [-77.0338891, -12.0890981], [-77.0337836, -12.0897849], [-77.0336942, -12.0903665], [-77.0336666, -12.0905458], [-77.0336655, -12.0905533], [-77.0336533, -12.0906388], [-77.0336183, -12.0908381], [-77.0335782, -12.0909895], [-77.0334004, -12.0921255], [-77.0333624, -12.0924104], [-77.0332147, -12.0934042], [-77.0331975, -12.0936887], [-77.0331205, -12.0942778], [-77.0331078, -12.0943751], [-77.0331051, -12.0944022], [-77.0330971, -12.0944786], [-77.0330885, -12.0945466], [-77.0330795, -12.0946112], [-77.0330561, -12.0947797], [-77.0329643, -12.0954413], [-77.0329479, -12.0955413], [-77.0329355, -12.095624], [-77.0328482, -12.0961819], [-77.0327531, -12.0968112], [-77.0327299, -12.0969666], [-77.0327155, -12.0970696], [-77.0327108, -12.0970959], [-77.0326989, -12.0971832], [-77.0325872, -12.0980014], [-77.032573, -12.0980967], [-77.0325638, -12.09816], [-77.0325208, -12.098463], [-77.0324053, -12.0991803], [-77.0323481, -12.0995217], [-77.0323369, -12.0995831], [-77.0323134, -12.0996997], [-77.0322956, -12.0998098], [-77.0322211, -12.1002481], [-77.0321388, -12.1007162], [-77.032039, -12.1013295], [-77.0319596, -12.1017692], [-77.031852, -12.1023887], [-77.0318004, -12.1026898], [-77.0317761, -12.102833], [-77.0316529, -12.1035906], [-77.031648, -12.1036239], [-77.031565, -12.1041087], [-77.0314969, -12.104541], [-77.0313966, -12.1051129], [-77.0313189, -12.105597], [-77.0311628, -12.1064927], [-77.0311472, -12.1065829], [-77.0311326, -12.1066639], [-77.0311155, -12.1067567], [-77.030951, -12.1077457], [-77.0307945, -12.1086428], [-77.0307637, -12.1088013], [-77.0306909, -12.1092321], [-77.0306371, -12.1095416], [-77.0305684, -12.1099674], [-77.0305235, -12.1102433], [-77.0304668, -12.1105917], [-77.030319, -12.1114576], [-77.0302875, -12.1116194], [-77.0301158, -12.1126445], [-77.030043, -12.1130916], [-77.0299854, -12.1134456], [-77.029954, -12.1136388], [-77.0299433, -12.1137042], [-77.0299324, -12.1137763], [-77.0299181, -12.1138633], [-77.0297546, -12.1148553], [-77.0296171, -12.1156632], [-77.029615, -12.1156757], [-77.0295729, -12.1159231], [-77.0294462, -12.1166295], [-77.0294082, -12.1168415], [-77.029404, -12.1168669], [-77.0293879, -12.1169545], [-77.0293696, -12.1170613], [-77.0292544, -12.1177185], [-77.0292289, -12.1178637], [-77.0292057, -12.1179957], [-77.0291931, -12.1180842], [-77.0291488, -12.1183671], [-77.02914, -12.1185086], [-77.0291326, -12.1188082], [-77.0291598, -12.1190049]]}}, {"type": "Feature", "properties": {"linea": "corredor_azul", "nombre": "Corredor Azul 302 (Corredor Azul 302 → Dos de Mayo)", "ref": "302", "osm_id": 4080205}, "geometry": {"type": "LineString", "coordinates": [[-77.0340194, -12.0260485], [-77.0340903, -12.0261251], [-77.0341379, -12.0261779], [-77.0341686, -12.0262112], [-77.0341834, -12.0262272], [-77.0342282, -12.0262758], [-77.03413, -12.0263609], [-77.0337804, -12.0266824], [-77.0337441, -12.026713], [-77.0334973, -12.0269368], [-77.0334224, -12.0270047], [-77.0333237, -12.0270888], [-77.0332656, -12.02714], [-77.0331336, -12.0272597], [-77.0329207, -12.027451], [-77.0325345, -12.0277981], [-77.0324862, -12.0278415], [-77.0322176, -12.0280835], [-77.0320302, -12.0282526], [-77.0318871, -12.0283804], [-77.0315677, -12.0286659], [-77.0314602, -12.0287608], [-77.0314477, -12.0287732], [-77.0313809, -12.0288329], [-77.0312434, -12.0289558], [-77.0309795, -12.0291912], [-77.0306944, -12.0294455], [-77.0306287, -12.0295052], [-77.0298346, -12.030208], [-77.02979, -12.0302473], [-77.0297396, -12.0302914], [-77.0296714, -12.0303572], [-77.02959, -12.0304331], [-77.0293417, -12.0306537], [-77.0290403, -12.0309211], [-77.0287941, -12.0311399], [-77.0285893, -12.0313182], [-77.028334, -12.0315461], [-77.0280886, -12.0317613], [-77.0280049, -12.0318344], [-77.0279605, -12.0318733], [-77.0278789, -12.0319448], [-77.0279224, -12.0319901], [-77.0279589, -12.032028], [-77.028215, -12.0323268], [-77.0284134, -12.032592], [-77.0285193, -12.0327519], [-77.0286002, -12.032876], [-77.0288152, -12.0332113], [-77.0288662, -12.0332859], [-77.0289833, -12.0334668], [-77.0291903, -12.0337865], [-77.0296023, -12.0344226], [-77.029736, -12.034629], [-77.0297747, -12.0346888], [-77.0298094, -12.0347458], [-77.0298523, -12.0348164], [-77.0299097, -12.0349069], [-77.030229, -12.0354098], [-77.0304409, -12.0357435], [-77.0308378, -12.0363687], [-77.0309475, -12.0365415], [-77.0309725, -12.0365809], [-77.0310979, -12.0367785], [-77.0315707, -12.0375232], [-77.0315986, -12.0375671], [-77.0317721, -12.0378404], [-77.0320564, -12.0382882], [-77.0322069, -12.0385253], [-77.032251, -12.0385947], [-77.0322768, -12.0386354], [-77.032335, -12.038727], [-77.0323521, -12.0387532], [-77.0324471, -12.0388859], [-77.0328727, -12.0395424], [-77.032938, -12.0396378], [-77.0329749, -12.0396913], [-77.0330066, -12.0397393], [-77.0336737, -12.0407081], [-77.0343785, -12.0417312], [-77.0345554, -12.0419976], [-77.0347478, -12.042285], [-77.03487, -12.0424661], [-77.0348934, -12.042496], [-77.0349939, -12.0425116], [-77.0350426, -12.042583], [-77.0350611, -12.0426123], [-77.0352877, -12.0429426], [-77.0355598, -12.0433415], [-77.0355944, -12.0433923], [-77.0356021, -12.0434038], [-77.0356362, -12.0434536], [-77.0356621, -12.0434907], [-77.0356746, -12.0435093], [-77.0360394, -12.0440384], [-77.0362234, -12.0443066], [-77.036236, -12.0443257], [-77.0362647, -12.044369], [-77.0363007, -12.0444238], [-77.036318, -12.0444477], [-77.0363225, -12.0444549], [-77.0363411, -12.0444815], [-77.0364353, -12.0446208], [-77.0366811, -12.0449733], [-77.0367623, -12.0450898], [-77.0368928, -12.0452711], [-77.0369291, -12.0453215], [-77.0369384, -12.0453347], [-77.0369749, -12.045387], [-77.0370041, -12.0454277], [-77.0370321, -12.0454689], [-77.0372894, -12.0458406], [-77.0374196, -12.0460287], [-77.0374258, -12.0460377], [-77.0375109, -12.0461607], [-77.0375343, -12.0461958], [-77.0375455, -12.0462104], [-77.0375766, -12.0462551], [-77.0375995, -12.046286], [-77.0376365, -12.0463391], [-77.0376585, -12.0463717], [-77.037672, -12.0463924], [-77.037694, -12.0464255], [-77.0381128, -12.0470419], [-77.038199, -12.0471711], [-77.0382221, -12.0472057], [-77.0382433, -12.0472341], [-77.0382641, -12.0472669], [-77.0382865, -12.0472998], [-77.0383121, -12.0473375], [-77.0384623, -12.0475532], [-77.039005, -12.0483326], [-77.0391114, -12.0485062], [-77.0391437, -12.0485589], [-77.0391609, -12.0485972], [-77.0391641, -12.0486095], [-77.0391664, -12.0486249], [-77.039167, -12.0486408], [-77.0391656, -12.0486596], [-77.0391536, -12.0487089], [-77.0391359, -12.0487809], [-77.0391167, -12.0488777], [-77.0391097, -12.0489186], [-77.0391042, -12.0489551], [-77.0390874, -12.0490672], [-77.0389268, -12.0503009], [-77.0388994, -12.0505111], [-77.0388866, -12.0506095], [-77.0388538, -12.0509221], [-77.0388478, -12.0509788], [-77.0388376, -12.0510596], [-77.0388308, -12.0511138], [-77.038827, -12.0511535], [-77.0387855, -12.0515223], [-77.0387747, -12.0516071], [-77.0387671, -12.0516709], [-77.038736, -12.0519334], [-77.038715, -12.052107], [-77.0386235, -12.0527745], [-77.0385771, -12.053151], [-77.0385575, -12.0533085], [-77.0384966, -12.0539541], [-77.038487, -12.0540621], [-77.038477, -12.0541706], [-77.0384719, -12.054227], [-77.0384664, -12.0542936], [-77.0383503, -12.0556837], [-77.038337, -12.0558287], [-77.0383306, -12.0559022], [-77.0383263, -12.0559672], [-77.0383211, -12.0560327], [-77.0382547, -12.0568725], [-77.0382212, -12.0573005], [-77.0382126, -12.0574101], [-77.0382069, -12.0574717], [-77.0381827, -12.057739], [-77.0381786, -12.0577901], [-77.0381772, -12.0578165], [-77.0381698, -12.0579107], [-77.0381669, -12.0579475], [-77.0381596, -12.0580423], [-77.0381549, -12.0581064], [-77.0380921, -12.0588771], [-77.0380312, -12.0596367], [-77.0380263, -12.0596976], [-77.0380132, -12.0598293], [-77.03799, -12.0600521], [-77.0379838, -12.060125], [-77.0379203, -12.0609297], [-77.0379047, -12.0611434], [-77.0378628, -12.0612603], [-77.0378565, -12.0613432], [-77.0378434, -12.0615396], [-77.0378296, -12.0616938], [-77.0378194, -12.0618276], [-77.0378074, -12.0619506], [-77.0377853, -12.0621713], [-77.0377347, -12.0623309], [-77.0375873, -12.06395], [-77.0375822, -12.0640055], [-77.0375483, -12.0642746], [-77.0374469, -12.0648975], [-77.037251, -12.066167], [-77.0372168, -12.0665187], [-77.0372048, -12.0667475], [-77.0371837, -12.0669048], [-77.0371806, -12.0669278], [-77.0371789, -12.0669406], [-77.0371695, -12.0670148], [-77.037161, -12.0670812], [-77.0371182, -12.0674109], [-77.0369994, -12.068251], [-77.0369891, -12.0683181], [-77.0369744, -12.0684057], [-77.0367942, -12.069568], [-77.0367848, -12.0696365], [-77.0367477, -12.0698914], [-77.0366901, -12.0702517], [-77.0366741, -12.0703575], [-77.0366365, -12.070607], [-77.0366083, -12.0707934], [-77.0365275, -12.0713286], [-77.0363727, -12.0723538], [-77.0363653, -12.0724029], [-77.0363475, -12.0725206], [-77.0362195, -12.073368], [-77.0362082, -12.0734436], [-77.0361983, -12.0735087], [-77.0361918, -12.0735522], [-77.0361543, -12.0738003], [-77.0361261, -12.0739869], [-77.0360702, -12.0743571], [-77.0360589, -12.0744323], [-77.0360521, -12.0744772], [-77.0360401, -12.0745567], [-77.0360261, -12.0746495], [-77.0358948, -12.0755187], [-77.0358851, -12.0755829], [-77.0358744, -12.0756538], [-77.0358722, -12.0756685], [-77.0358294, -12.0759521], [-77.0357826, -12.076262], [-77.0357202, -12.0766755], [-77.0355616, -12.0777257], [-77.0354296, -12.078618], [-77.0353143, -12.0793981], [-77.0352723, -12.0796819], [-77.0351323, -12.0806287], [-77.0351232, -12.0806903], [-77.0351132, -12.0807577], [-77.035099, -12.0808535], [-77.0350277, -12.081336], [-77.0350216, -12.0813771], [-77.0349361, -12.0819553], [-77.0348727, -12.0823837], [-77.0348602, -12.0824682], [-77.0348491, -12.0825435], [-77.0347953, -12.0829071], [-77.0347476, -12.0832299], [-77.0347192, -12.0834219], [-77.0347058, -12.0835123], [-77.0346938, -12.0835937], [-77.0345565, -12.0845341], [-77.0345509, -12.0845726], [-77.0345398, -12.0846471], [-77.0345258, -12.084723], [-77.0344614, -12.0851657], [-77.0344512, -12.0852356], [-77.0343828, -12.0857051], [-77.0342929, -12.0863431], [-77.0342733, -12.0864748], [-77.0342465, -12.0866541], [-77.034214, -12.0868805], [-77.034203, -12.0869569], [-77.0341907, -12.0870456], [-77.0340632, -12.0879586], [-77.0340527, -12.0880342], [-77.0340197, -12.0882715], [-77.0339347, -12.088826], [-77.0338891, -12.0890981], [-77.0337836, -12.0897849], [-77.0336942, -12.0903665], [-77.0336666, -12.0905458], [-77.0336655, -12.0905533], [-77.0336533, -12.0906388], [-77.0336183, -12.0908381], [-77.0335782, -12.0909895], [-77.0334004, -12.0921255], [-77.0333624, -12.0924104], [-77.0332147, -12.0934042], [-77.0331975, -12.0936887], [-77.0331205, -12.0942778], [-77.0331078, -12.0943751], [-77.0331051, -12.0944022], [-77.0330971, -12.0944786], [-77.0330885, -12.0945466], [-77.0330795, -12.0946112], [-77.0330561, -12.0947797], [-77.0329643, -12.0954413], [-77.0329479, -12.0955413], [-77.0329355, -12.095624], [-77.0328482, -12.0961819], [-77.0327531, -12.0968112], [-77.0327299, -12.0969666], [-77.0327155, -12.0970696], [-77.0327108, -12.0970959], [-77.0326989, -12.0971832], [-77.0325872, -12.0980014], [-77.032573, -12.0980967], [-77.0325638, -12.09816], [-77.0325208, -12.098463], [-77.0324053, -12.0991803], [-77.0323481, -12.0995217], [-77.0323369, -12.0995831], [-77.0323134, -12.0996997], [-77.0322956, -12.0998098], [-77.0322211, -12.1002481], [-77.0321388, -12.1007162], [-77.032039, -12.1013295], [-77.0319596, -12.1017692], [-77.031852, -12.1023887], [-77.0318004, -12.1026898], [-77.0317761, -12.102833], [-77.0316529, -12.1035906], [-77.031648, -12.1036239], [-77.031565, -12.1041087], [-77.0314969, -12.104541], [-77.0313966, -12.1051129], [-77.0313189, -12.105597], [-77.0311628, -12.1064927], [-77.0311472, -12.1065829], [-77.0311326, -12.1066639], [-77.0311155, -12.1067567], [-77.030951, -12.1077457], [-77.0307945, -12.1086428], [-77.0307637, -12.1088013], [-77.0306909, -12.1092321], [-77.0306371, -12.1095416], [-77.0305684, -12.1099674], [-77.0305235, -12.1102433], [-77.0304668, -12.1105917], [-77.030319, -12.1114576], [-77.0302875, -12.1116194], [-77.0301158, -12.1126445], [-77.030043, -12.1130916], [-77.0299854, -12.1134456], [-77.029954, -12.1136388], [-77.0299433, -12.1137042], [-77.0299324, -12.1137763], [-77.0299181, -12.1138633], [-77.0297546, -12.1148553], [-77.0296171, -12.1156632], [-77.029615, -12.1156757], [-77.0295729, -12.1159231], [-77.0294462, -12.1166295], [-77.0294082, -12.1168415], [-77.029404, -12.1168669], [-77.0293879, -12.1169545], [-77.0293696, -12.1170613], [-77.0292544, -12.1177185]]}}, {"type": "Feature", "properties": {"linea": "metro_l1", "nombre": "Metro Línea 1 (Bayóvar → Villa El Salvador)", "ref": "L1", "osm_id": 7727213}, "geometry": {"type": "MultiLineString", "coordinates": [[[-76.9855689, -11.9561914], [-76.985475, -11.9563829], [-76.9854656, -11.9565722], [-76.9855026, -11.9567389], [-76.9855506, -11.9568666], [-76.986638, -11.9584243], [-76.9872233, -11.9592417], [-76.9874361, -11.9595388], [-76.9884003, -11.9609052], [-76.9898803, -11.9630661], [-76.9917501, -11.9656721], [-76.9934685, -11.9679907], [-76.9952302, -11.9704085], [-76.9959278, -11.9713634], [-76.9962026, -11.9717006], [-76.9964898, -11.9720147], [-76.9968801, -11.9723626], [-76.9972086, -11.9726253], [-76.9993836, -11.9741915], [-77.0000577, -11.9746696], [-77.0007873, -11.975187], [-77.0026555, -11.9765292], [-77.0029832, -11.9768107], [-77.0030622, -11.976895], [-77.0032659, -11.9771379], [-77.003893, -11.9779843], [-77.004325, -11.9786], [-77.0045125, -11.9788963], [-77.0048667, -11.9795837], [-77.0050816, -11.9800808], [-77.0052239, -11.9804028], [-77.0064803, -11.9840553], [-77.0068189, -11.9850291], [-77.0070195, -11.9856061], [-77.0070489, -11.9856832], [-77.0071076, -11.9857922], [-77.0073027, -11.9861421], [-77.007493, -11.9863854], [-77.0076091, -11.9865235], [-77.0077482, -11.9866447], [-77.0079189, -11.986797], [-77.0087828, -11.9875117], [-77.0098205, -11.9885039], [-77.0100285, -11.9887203], [-77.0102552, -11.989], [-77.0104462, -11.9892831], [-77.0106968, -11.9897467], [-77.0108511, -11.9900927], [-77.0109198, -11.990264], [-77.0109734, -11.9904605], [-77.011076, -11.990974], [-77.0111092, -11.9912575], [-77.0111342, -11.9915052], [-77.0111342, -11.9918646], [-77.0111177, -11.9920662], [-77.0110972, -11.9922438], [-77.011056, -11.9925238], [-77.0110255, -11.9926726], [-77.0109818, -11.9928566], [-77.0102705, -11.9952358], [-77.0099996, -11.9961407], [-77.0097459, -11.9969879], [-77.0089123, -11.9999395], [-77.0086341, -12.0009439], [-77.0083977, -12.0018846], [-77.0083448, -12.0020438], [-77.0082708, -12.0022389], [-77.0082062, -12.0023889], [-77.0081351, -12.0025534], [-77.0080344, -12.0027659], [-77.0078293, -12.003108], [-77.0061276, -12.0058267], [-77.0059546, -12.006082], [-77.0054369, -12.0068886], [-77.004935, -12.0076704], [-77.0026401, -12.0112572], [-77.0025355, -12.0114459], [-77.0024428, -12.0116352], [-77.0023657, -12.0118112], [-77.0022534, -12.0121359], [-77.0021506, -12.012537], [-77.0021114, -12.0128268], [-77.0020957, -12.0130121], [-77.0019924, -12.0143855], [-77.0019097, -12.015837], [-77.0019028, -12.0160711], [-77.0019044, -12.0162353], [-77.0019074, -12.0163503], [-77.0019365, -12.0166054], [-77.0019642, -12.0167452], [-77.0020005, -12.0168899], [-77.0020573, -12.017036], [-77.0021351, -12.017195], [-77.0022327, -12.0173593], [-77.0023063, -12.0174839], [-77.0027868, -12.0181034], [-77.0028401, -12.0181722], [-77.0033044, -12.0187709], [-77.0034054, -12.0188923], [-77.0035198, -12.0190023], [-77.0035865, -12.0190652], [-77.0038163, -12.0192791], [-77.0041432, -12.0195612], [-77.0045635, -12.0199053], [-77.0047556, -12.020063], [-77.0050614, -12.0203645], [-77.0052338, -12.0205229], [-77.0073552, -12.0227952], [-77.0076487, -12.0231176], [-77.0086019, -12.0241057], [-77.0099043, -12.025489], [-77.0103537, -12.0260344], [-77.0104527, -12.0261619], [-77.010543, -12.0262892], [-77.0107667, -12.0266865], [-77.011182, -12.0276291], [-77.0115476, -12.028459], [-77.0116292, -12.028677], [-77.0117125, -12.0289405], [-77.0119765, -12.0298201], [-77.0121977, -12.0306585], [-77.0122404, -12.0308511], [-77.0122606, -12.031062], [-77.0122582, -12.0313313], [-77.0122473, -12.0315654], [-77.0122115, -12.031883], [-77.0120614, -12.0327575], [-77.011949, -12.0335649], [-77.0119348, -12.0338098], [-77.0119357, -12.0341734], [-77.0119465, -12.0343599], [-77.0119705, -12.0345519], [-77.0120127, -12.0347896], [-77.0120472, -12.034931], [-77.0121005, -12.035118], [-77.0123702, -12.0361515], [-77.0127371, -12.0375142], [-77.0129936, -12.0384795], [-77.0130504, -12.0387701], [-77.0130841, -12.0389794], [-77.0131024, -12.0391961], [-77.013091, -12.0393759], [-77.0130579, -12.0396376], [-77.0130085, -12.0398395], [-77.0129611, -12.0399903], [-77.0129, -12.0401437], [-77.0127974, -12.0403609], [-77.0126643, -12.0405826], [-77.0125368, -12.040747], [-77.0117007, -12.0417328], [-77.0111205, -12.0424251], [-77.0110618, -12.0425027], [-77.0110072, -12.0425832], [-77.0109401, -12.0426961], [-77.0108812, -12.0428133], [-77.0108443, -12.0428901], [-77.0108101, -12.0429681], [-77.0107785, -12.0430473], [-77.0107497, -12.0431275], [-77.0105853, -12.0436204], [-77.0097958, -12.0460657], [-77.0095069, -12.0469606], [-77.0094567, -12.0471966], [-77.0094354, -12.0473762], [-77.0094161, -12.0476378], [-77.009456, -12.0486029], [-77.0095062, -12.0495235], [-77.0095248, -12.0496636], [-77.0095742, -12.0498802], [-77.0096344, -12.0500786], [-77.0097153, -12.0502735], [-77.009824, -12.050474], [-77.0098951, -12.0505832], [-77.0099487, -12.0506586], [-77.0108607, -12.0517465], [-77.0122023, -12.0534217], [-77.0127643, -12.0541286], [-77.0138155, -12.0554507], [-77.0139616, -12.055661], [-77.0140381, -12.0557958], [-77.0141122, -12.0559479], [-77.0142372, -12.0562567], [-77.0143107, -12.0566072], [-77.014347, -12.056885], [-77.0143527, -12.0571844], [-77.0143122, -12.0575669], [-77.0142699, -12.05777], [-77.0142502, -12.0578557], [-77.014213, -12.0579562], [-77.0138355, -12.0589249], [-77.0132363, -12.0603913], [-77.0131182, -12.0606645], [-77.0130479, -12.0608548], [-77.0129937, -12.061014], [-77.0129308, -12.061229], [-77.0127932, -12.0620968], [-77.0127492, -12.0625769], [-77.0123953, -12.0653165], [-77.0120713, -12.0678249], [-77.0119126, -12.0690531], [-77.0116391, -12.0710518], [-77.0111362, -12.0747278], [-77.010921, -12.0763005], [-77.0108731, -12.0767268], [-77.0108527, -12.0768414], [-77.0107956, -12.0771072], [-77.0107283, -12.0773176], [-77.0104073, -12.0782428], [-77.0103487, -12.0783813], [-77.0102544, -12.0785633], [-77.010182, -12.078702], [-77.0100935, -12.0788534], [-77.0099989, -12.0790045], [-77.0099339, -12.0790872], [-77.0097777, -12.0792563], [-77.0096452, -12.0793895], [-77.009483, -12.0795465], [-77.0092733, -12.079699], [-77.0090309, -12.0798326], [-77.0087748, -12.079953], [-77.0084825, -12.0800669], [-77.0083247, -12.0801217], [-77.0076, -12.080328], [-77.0070073, -12.0805072], [-77.0066585, -12.0806072], [-77.006411, -12.0806887], [-77.0061505, -12.0808024], [-77.0059849, -12.0808857], [-77.0058201, -12.0809833], [-77.0056788, -12.0810775], [-77.0055227, -12.0811956], [-77.005324, -12.0813621], [-77.00517, -12.0815143], [-77.0051004, -12.0815879], [-77.004942, -12.0817786], [-77.0048387, -12.0819218], [-77.0047275, -12.0821038], [-77.0046194, -12.0823007], [-77.0045357, -12.0824751], [-77.0044815, -12.0826007], [-77.0043914, -12.0828667], [-77.0043343, -12.0830887], [-77.0042971, -12.0832739], [-77.0042591, -12.0835058], [-77.0042046, -12.0838671], [-77.0039074, -12.0858576], [-77.0037928, -12.0868084], [-77.0037126, -12.0874741], [-77.0032894, -12.0901691], [-77.0027787, -12.0938648], [-77.0021347, -12.0981442], [-77.0018215, -12.1003705], [-77.0016695, -12.1014514], [-77.0013762, -12.10338], [-77.0006757, -12.1084052], [-77.0006207, -12.1088514], [-77.0005945, -12.1090488], [-77.0004761, -12.1096892], [-77.0003895, -12.1104318], [-77.0002807, -12.111365], [-77.0002531, -12.1116122], [-77.0001421, -12.1123443], [-77.0000556, -12.1128068], [-77.0000311, -12.1129202], [-76.9998327, -12.1136357], [-76.9996375, -12.1143406], [-76.9994101, -12.1151391], [-76.9992615, -12.1156559], [-76.9991354, -12.1161199], [-76.9989743, -12.1167015], [-76.9988174, -12.1172782], [-76.9986033, -12.1180268], [-76.9985559, -12.1181995], [-76.9985365, -12.1182728], [-76.9985209, -12.1183423], [-76.9984724, -12.1185453], [-76.9984184, -12.1188639], [-76.998338, -12.1194698], [-76.9983095, -12.119846], [-76.9983, -12.1201465], [-76.9982964, -12.1203874], [-76.9982897, -12.1206418], [-76.9983104, -12.1210875], [-76.998345, -12.1215136], [-76.998365, -12.1216787], [-76.9983773, -12.1217719], [-76.998398, -12.121863], [-76.9984207, -12.1219648], [-76.9984451, -12.1220603], [-76.9985943, -12.1224874], [-77.0004561, -12.1272446], [-77.0007199, -12.1279187], [-77.0007432, -12.127991], [-77.0007921, -12.1281489], [-77.00081, -12.1282181], [-77.0008378, -12.128372], [-77.0008479, -12.1286141], [-77.0008394, -12.1287623], [-77.0008167, -12.1289232], [-77.0007777, -12.1290926], [-77.000746, -12.1291909], [-77.0007025, -12.1292875], [-77.0006451, -12.1294088], [-76.9995849, -12.1310297], [-76.9980816, -12.1332191], [-76.9969951, -12.1346967], [-76.9962051, -12.1357712], [-76.9945323, -12.1381763], [-76.9938014, -12.1392721], [-76.993209, -12.1400992], [-76.9930096, -12.1403511], [-76.9928826, -12.1405048], [-76.9923587, -12.1411098], [-76.9922945, -12.1411895], [-76.9910694, -12.1425549], [-76.9899895, -12.1437584], [-76.9893282, -12.1445458], [-76.987703, -12.1466348], [-76.9875878, -12.1467645], [-76.9874253, -12.1469306], [-76.9872725, -12.1470795], [-76.9871132, -12.1472078], [-76.9869315, -12.1473436], [-76.9867849, -12.1474448], [-76.9866527, -12.1475206], [-76.9855057, -12.1481123], [-76.9843121, -12.1487222], [-76.9833947, -12.1491486], [-76.9826173, -12.1494973], [-76.9819678, -12.1497791], [-76.9805472, -12.1504021], [-76.9800518, -12.1506304], [-76.9794047, -12.1509155], [-76.9779739, -12.151546], [-76.9696781, -12.1549107], [-76.9655735, -12.1565791], [-76.9617096, -12.1581497], [-76.958209, -12.1595552], [-76.958027, -12.1596414], [-76.9578767, -12.1597232], [-76.9577002, -12.1598241], [-76.9575618, -12.1599156], [-76.9574432, -12.1599974], [-76.957304, -12.1600989], [-76.9571892, -12.1601909], [-76.9569794, -12.1603655], [-76.9568834, -12.160463], [-76.9567921, -12.1605673], [-76.9562763, -12.1612151], [-76.9557573, -12.1618669], [-76.9556292, -12.1620361], [-76.9534649, -12.1648538], [-76.9525984, -12.1659878], [-76.9516044, -12.1672576], [-76.9513522, -12.1676072], [-76.9512098, -12.1678221], [-76.951125, -12.1679621], [-76.9507894, -12.168527], [-76.9503392, -12.1693008], [-76.9498688, -12.1701092], [-76.9494653, -12.1708386], [-76.9492788, -12.1712163], [-76.9491699, -12.1715479], [-76.9491499, -12.1717681], [-76.9491541, -12.1719785], [-76.949158, -12.1720801], [-76.9491752, -12.1722172], [-76.9493362, -12.1730055], [-76.9493959, -12.1733261], [-76.9494189, -12.1735135], [-76.9494247, -12.1737052], [-76.9494138, -12.1748787], [-76.9493944, -12.1751698], [-76.9493696, -12.1754189], [-76.9493299, -12.1756143], [-76.9492434, -12.17593], [-76.9491057, -12.1762448], [-76.9489645, -12.1765362], [-76.9482012, -12.177912], [-76.9475849, -12.1790293], [-76.9475036, -12.1792141], [-76.9474041, -12.1794717], [-76.9473259, -12.1797316], [-76.9472689, -12.1800009], [-76.9471884, -12.1805371], [-76.9470393, -12.1815146], [-76.9469406, -12.1821617], [-76.9468843, -12.1825309], [-76.9467104, -12.1836706], [-76.9466021, -12.1843148], [-76.9465212, -12.1849257], [-76.946463, -12.1851561], [-76.946392, -12.1854117], [-76.9463324, -12.1855732], [-76.9462642, -12.1857346], [-76.94621, -12.1858469], [-76.94613, -12.1859887], [-76.9458318, -12.1864813], [-76.9454665, -12.1870896], [-76.9451961, -12.1875446], [-76.9447213, -12.1883426], [-76.944086, -12.189401], [-76.9433562, -12.1906183], [-76.9403694, -12.1956002], [-76.9398828, -12.1964118], [-76.9393119, -12.1973718], [-76.9390523, -12.1977898], [-76.9346512, -12.2051286], [-76.9345311, -12.2053188], [-76.9333063, -12.2073505], [-76.9328727, -12.2080699], [-76.9324653, -12.2087489], [-76.9322869, -12.2090463], [-76.9321539, -12.2092679], [-76.9304232, -12.2121553], [-76.9295443, -12.2136324], [-76.9285623, -12.2152602]], [[-76.9469144, -12.1824198], [-76.9471196, -12.1811709]], [[-77.0125009, -12.0537474], [-77.0124796, -12.0537636], [-77.0131477, -12.0546012], [-77.0131682, -12.0545856], [-77.0129433, -12.0543036], [-77.012657, -12.053943], [-77.0125009, -12.0537474]], [[-77.0124327, -12.0652436], [-77.0124197, -12.0653438], [-77.0123713, -12.065735], [-77.0123215, -12.0661235], [-77.0123126, -12.0661918], [-77.0122891, -12.0661889], [-77.0124122, -12.065241], [-77.0124327, -12.0652436]], [[-77.0120631, -12.0413336], [-77.0120511, -12.0413239], [-77.011387, -12.0421081], [-77.0113989, -12.0421177], [-77.0115628, -12.0419243], [-77.0120631, -12.0413336]], [[-77.0112208, -12.0743276], [-77.0111999, -12.0743253], [-77.0110705, -12.0752998], [-77.0110981, -12.0753023], [-77.0111178, -12.0751468], [-77.0111668, -12.0747574], [-77.0112122, -12.0743962], [-77.0112208, -12.0743276]], [[-77.0110174, -12.0271616], [-77.0110076, -12.0271658], [-77.0109907, -12.0271729], [-77.0112452, -12.0277513], [-77.0112577, -12.0277797], [-77.0114187, -12.0281455], [-77.0114303, -12.0281406], [-77.0114454, -12.0281342], [-77.0114176, -12.0280711], [-77.0112735, -12.0277435], [-77.011261, -12.0277152], [-77.0110459, -12.0272263], [-77.0110174, -12.0271616]], [[-77.0099725, -12.0456324], [-77.0098438, -12.0460221], [-77.0098284, -12.0460689], [-77.0097769, -12.0462248], [-77.0096421, -12.0466331], [-77.0096187, -12.0466257], [-77.0098204, -12.0460149], [-77.0099491, -12.045625], [-77.0099725, -12.0456324]], [[-77.0098596, -11.9967081], [-77.0098411, -11.9967045], [-77.0101535, -11.995651], [-77.0101729, -11.9956567], [-77.010124, -11.9958209], [-77.0098596, -11.9967081]], [[-77.0069787, -11.9853796], [-77.0069207, -11.9852147], [-77.0066621, -11.9844795], [-77.0066341, -11.9844889], [-77.0069507, -11.985389], [-77.0069787, -11.9853796]], [[-77.005151, -12.0073721], [-77.0052381, -12.0072373], [-77.0055172, -12.0068066], [-77.0057091, -12.0065098], [-77.005693, -12.0064998], [-77.0051354, -12.0073625], [-77.005151, -12.0073721]], [[-77.0037841, -12.0871533], [-77.0037669, -12.0871511], [-77.0038985, -12.086172], [-77.0039177, -12.0861745], [-77.0038886, -12.0863907], [-77.003816, -12.0869161], [-77.0037841, -12.0871533]], [[-77.0024568, -12.0176674], [-77.0031011, -12.0184968], [-77.0031315, -12.0184765], [-77.0030354, -12.0183541], [-77.0029242, -12.0182125], [-77.0024779, -12.017644], [-77.0024568, -12.0176674]], [[-77.0017793, -12.1009248], [-77.0017627, -12.1009226], [-77.0019073, -12.0998829], [-77.0019239, -12.0998851], [-77.0017793, -12.1009248]], [[-77.0005119, -11.9749507], [-76.9999583, -11.974554], [-76.9997013, -11.9743693], [-76.9996943, -11.9743786], [-76.9996881, -11.9743841], [-76.9996757, -11.9743761], [-76.9996666, -11.9743892], [-77.0004936, -11.9749752], [-77.0005119, -11.9749507]], [[-77.0003639, -12.1107949], [-77.0003885, -12.1107976], [-77.000425, -12.110481], [-77.0004522, -12.110245], [-77.0005066, -12.1097731], [-77.0004819, -12.1097704], [-77.0003639, -12.1107949]], [[-77.0003112, -12.1267388], [-77.0003605, -12.1268605], [-77.0005269, -12.127271], [-77.0006435, -12.1275607], [-77.0006908, -12.1276772], [-77.0006557, -12.1276908], [-77.0002755, -12.1267526], [-77.0003112, -12.1267388]], [[-76.9972929, -12.1343169], [-76.9971767, -12.1344805], [-76.9968184, -12.1349761], [-76.9967002, -12.1351342], [-76.9966534, -12.1351967], [-76.9966456, -12.1351917], [-76.9972846, -12.1343122], [-76.9972929, -12.1343169]], [[-76.9937135, -11.9682777], [-76.9936165, -11.968147], [-76.9931696, -11.9675386], [-76.9931573, -11.9675472], [-76.9931546, -11.9675491], [-76.9937013, -11.9682863], [-76.9937135, -11.9682777]], [[-76.9914517, -12.1421655], [-76.9914406, -12.1421561], [-76.9906766, -12.1430213], [-76.9906882, -12.143031], [-76.9911883, -12.1424636], [-76.9914517, -12.1421655]], [[-76.9873301, -11.9593674], [-76.9878984, -11.9601769], [-76.9879106, -11.9601686], [-76.9873979, -11.9594383], [-76.9873423, -11.9593591], [-76.9873301, -11.9593674]], [[-76.9799589, -12.1507161], [-76.9799228, -12.1507317], [-76.9795536, -12.1508932], [-76.9792875, -12.1510099], [-76.9789792, -12.151143], [-76.9789749, -12.1511336], [-76.9789663, -12.1511146], [-76.9799479, -12.1506918], [-76.9799589, -12.1507161]], [[-76.9662961, -12.1562939], [-76.9653284, -12.1566865], [-76.9653324, -12.1566959], [-76.965351, -12.1567398], [-76.9663187, -12.1563471], [-76.9662961, -12.1562939]], [[-76.9565137, -12.1609373], [-76.9565319, -12.1609504], [-76.9558874, -12.1617641], [-76.9558601, -12.1617444], [-76.9565059, -12.1609316], [-76.9565137, -12.1609373]], [[-76.9506331, -12.1688325], [-76.9500824, -12.1697882], [-76.9501122, -12.1698046], [-76.950663, -12.1688489], [-76.9506495, -12.1688415], [-76.9506331, -12.1688325]], [[-76.9401182, -12.1960577], [-76.9401413, -12.1960707], [-76.9401604, -12.1960815], [-76.9396351, -12.1969702], [-76.9395929, -12.1969464], [-76.9401182, -12.1960577]], [[-76.9330071, -12.2078979], [-76.9330629, -12.2079295], [-76.9333807, -12.2073912], [-76.9334845, -12.2072179], [-76.9335607, -12.2070893], [-76.9335396, -12.2070774], [-76.9335049, -12.2070577], [-76.933428, -12.2071875], [-76.9333256, -12.2073604], [-76.9330071, -12.2078979]]]}}, {"type": "Feature", "properties": {"linea": "corredor_morado", "nombre": "Corredor Morado 409 (Corredor Morado 409)", "ref": "409", "osm_id": 13392452}, "geometry": {"type": "MultiLineString", "coordinates": [[[-77.0278026, -12.0497307], [-77.027857, -12.0498314], [-77.0282232, -12.0505386], [-77.0282575, -12.0506059], [-77.0283128, -12.0506989], [-77.0283569, -12.0507764], [-77.0284608, -12.050962], [-77.0286604, -12.0513467], [-77.0287544, -12.0515215], [-77.0287986, -12.0516075], [-77.0288531, -12.0517134], [-77.0289154, -12.0518344], [-77.0289699, -12.0519402], [-77.029328, -12.0526171], [-77.0293544, -12.0526677], [-77.0293807, -12.0527183], [-77.029432, -12.0528193], [-77.0294889, -12.0529214], [-77.0298234, -12.0535617], [-77.0300078, -12.053922], [-77.0301408, -12.0541736], [-77.0302037, -12.0542866], [-77.0302252, -12.054328], [-77.0302714, -12.0544177], [-77.0303104, -12.0545038], [-77.0303508, -12.0546017], [-77.0303806, -12.054684], [-77.0304044, -12.0547763], [-77.0304177, -12.0548596], [-77.0304279, -12.0549526], [-77.0304263, -12.0550456], [-77.0304235, -12.0551859], [-77.0303901, -12.0554361], [-77.0303892, -12.0554424], [-77.0303532, -12.0557506], [-77.0303462, -12.0558065], [-77.0302956, -12.0562624], [-77.0302744, -12.0564531], [-77.0302692, -12.0564885], [-77.0302617, -12.0565689], [-77.030251, -12.0566456], [-77.0302449, -12.0566919], [-77.0302346, -12.0567627], [-77.0301025, -12.057716], [-77.0300887, -12.0578115], [-77.030078, -12.0578903], [-77.0300761, -12.0579026], [-77.0299915, -12.0585506], [-77.029965, -12.0587354], [-77.0299496, -12.0588436], [-77.0299368, -12.0589364], [-77.0299332, -12.058962], [-77.0299033, -12.059176], [-77.0298939, -12.0592428], [-77.0298819, -12.0593215], [-77.0298397, -12.059654], [-77.0297492, -12.0603694], [-77.0297438, -12.0604119], [-77.029729, -12.0605221], [-77.029715, -12.0606295], [-77.029584, -12.0615771], [-77.0295699, -12.0616879], [-77.0295651, -12.0617258], [-77.0295534, -12.0618239], [-77.0295387, -12.0619334], [-77.0294246, -12.0627724], [-77.0293788, -12.0631325], [-77.0293582, -12.0633117], [-77.0292952, -12.0638102], [-77.0292774, -12.0639413], [-77.0292213, -12.0643558], [-77.0292117, -12.0644268], [-77.0291982, -12.0645368], [-77.0291888, -12.0646065], [-77.0291792, -12.0646768], [-77.0290355, -12.0657375], [-77.0290307, -12.0657724], [-77.0290116, -12.0659136], [-77.0289999, -12.0660002], [-77.0289118, -12.06665], [-77.0288686, -12.0669687], [-77.0288609, -12.0670254], [-77.0288601, -12.0670313], [-77.0288511, -12.0670977], [-77.028844, -12.0671505], [-77.0288361, -12.0672087], [-77.0288242, -12.0672963], [-77.028709, -12.0681465], [-77.0286638, -12.0684802], [-77.0285883, -12.0690371], [-77.0285797, -12.0691004], [-77.0285729, -12.0691509], [-77.0285635, -12.0692204], [-77.0285173, -12.0695609], [-77.0284673, -12.06993], [-77.0284553, -12.0700188], [-77.028447, -12.0700796], [-77.0284353, -12.0701661], [-77.0284253, -12.0702359], [-77.0284167, -12.0702956], [-77.0283221, -12.0709676], [-77.0282792, -12.0712726], [-77.0281492, -12.0722032], [-77.0281444, -12.0722386], [-77.0281358, -12.0723015], [-77.0281257, -12.0723753], [-77.0280813, -12.0726975], [-77.0280625, -12.0728337], [-77.0279944, -12.0733274], [-77.0278974, -12.0739428], [-77.0278571, -12.0743385], [-77.0278364, -12.0744896], [-77.0277193, -12.0753467], [-77.0276908, -12.0755705], [-77.0276824, -12.0756368], [-77.0276637, -12.0757833], [-77.0276063, -12.0762266], [-77.0287018, -12.0766308], [-77.0287479, -12.0766478], [-77.0289262, -12.076715], [-77.0289474, -12.076723], [-77.0291522, -12.0767927], [-77.0291756, -12.0768021], [-77.0292948, -12.0768425], [-77.0293219, -12.0768633], [-77.0293356, -12.0768796], [-77.0293526, -12.0769104], [-77.0293721, -12.0769813], [-77.0292998, -12.0771531], [-77.0292912, -12.0771735], [-77.0292664, -12.0772272], [-77.0290716, -12.0776493], [-77.0290163, -12.0777672], [-77.0289816, -12.0778882], [-77.0289553, -12.0780157], [-77.0289431, -12.0781059], [-77.0289134, -12.0783261], [-77.0288978, -12.0784413], [-77.0288898, -12.0785005], [-77.0288518, -12.0787815], [-77.0288393, -12.0788743], [-77.028776, -12.0790634], [-77.0287636, -12.0791789], [-77.0287088, -12.0796834], [-77.0287004, -12.0797696], [-77.0286892, -12.0798744], [-77.0286761, -12.0799777], [-77.0286171, -12.08046], [-77.0286134, -12.0804904], [-77.0284621, -12.0815628], [-77.0283404, -12.0823498], [-77.0283246, -12.0824518], [-77.0283094, -12.0825496], [-77.0282979, -12.0826306], [-77.0282885, -12.0826926], [-77.0282792, -12.0827585], [-77.0282128, -12.0833101], [-77.0281947, -12.0834601], [-77.0281736, -12.0836354], [-77.0281637, -12.0837209], [-77.0281547, -12.0838087], [-77.0281731, -12.0839401], [-77.0281966, -12.0840234], [-77.0282216, -12.0840918], [-77.028284, -12.0842306], [-77.0283641, -12.0844003], [-77.0284198, -12.084557], [-77.0284717, -12.0848759], [-77.0285383, -12.0855314], [-77.0285589, -12.0856663], [-77.0286715, -12.0860975], [-77.0287175, -12.0862711], [-77.0287542, -12.0864096], [-77.0288267, -12.0866835], [-77.0288983, -12.0869553], [-77.0290098, -12.0873496], [-77.0290511, -12.0875079], [-77.0291255, -12.0877633], [-77.0292167, -12.0880764], [-77.0293236, -12.088479], [-77.0293361, -12.0885269], [-77.0293661, -12.0886417], [-77.029413, -12.0888212], [-77.0295047, -12.0891921], [-77.0295159, -12.0892375], [-77.0297561, -12.0901067], [-77.0299707, -12.0907805], [-77.0300323, -12.0909765], [-77.0300794, -12.0911221], [-77.0301559, -12.0913584], [-77.0301943, -12.0914772], [-77.0302299, -12.0915874], [-77.0302383, -12.0916134], [-77.0302659, -12.0916988], [-77.0302899, -12.0917728], [-77.0303278, -12.091911]], [[-77.0301103, -12.0918805], [-77.0299444, -12.0918581], [-77.0294231, -12.0917877], [-77.0283878, -12.0916479], [-77.028138, -12.0916141], [-77.0272306, -12.0914916], [-77.0271896, -12.091486], [-77.0270325, -12.0914648], [-77.0268525, -12.0914378], [-77.026194, -12.0913393], [-77.0260836, -12.091323], [-77.0260209, -12.0913137], [-77.0258909, -12.0912979]], [[-76.9872651, -11.9507756], [-76.987332, -11.9507726], [-76.9874084, -11.9507931], [-76.98759, -11.950893], [-76.9876228, -11.9509101], [-76.9877239, -11.9509803], [-76.9878007, -11.9510376], [-76.9878994, -11.9511341], [-76.9881412, -11.9514147], [-76.988289, -11.9515877], [-76.9883995, -11.9517167], [-76.9884692, -11.951798], [-76.9886467, -11.952005], [-76.9886907, -11.9520566], [-76.9889398, -11.9523447], [-76.9889687, -11.9523786], [-76.9891936, -11.9526431], [-76.9895856, -11.9530989], [-76.9896926, -11.9532253], [-76.989986, -11.9535676], [-76.9901761, -11.9537903], [-76.9902496, -11.9538766], [-76.9905322, -11.954208], [-76.990695, -11.954399], [-76.9909043, -11.9546462], [-76.991234, -11.9550279], [-76.9913697, -11.9551925], [-76.99148, -11.9553138], [-76.9915287, -11.9553615], [-76.9916194, -11.9554608], [-76.9917456, -11.9555489], [-76.9918593, -11.9556043], [-76.9920427, -11.9556579], [-76.9924187, -11.9557221], [-76.9931224, -11.9558068], [-76.9934647, -11.9558489], [-76.9937764, -11.9558864], [-76.9940662, -11.9559235], [-76.9941675, -11.9559364], [-76.9943371, -11.955958], [-76.994465, -11.9559739], [-76.9946567, -11.9559977], [-76.9949708, -11.9560374], [-76.9950757, -11.956049], [-76.9953057, -11.9560745], [-76.9960244, -11.9561752], [-76.9963494, -11.9562176], [-76.9966744, -11.95626], [-76.9974288, -11.9563695], [-76.9977773, -11.956417], [-76.998196, -11.9564831], [-76.9981845, -11.9565775], [-76.9981791, -11.9566084], [-76.9981485, -11.9566607], [-76.9981131, -11.956705], [-76.9980743, -11.9567495], [-76.9980386, -11.9568116], [-76.9980225, -11.9568707], [-76.9980212, -11.9569245], [-76.9980413, -11.9569901], [-76.9981391, -11.9572144], [-76.9982612, -11.9574663], [-76.9983825, -11.9577039], [-76.9984101, -11.9577563], [-76.9984369, -11.957816], [-76.9984614, -11.9578702], [-76.998559, -11.9580699], [-76.9986079, -11.9581702], [-76.9987114, -11.9584029], [-76.9987281, -11.9584416], [-76.9988428, -11.9586909], [-76.9988991, -11.9588116], [-76.9989608, -11.9589455], [-76.9990574, -11.9591619], [-76.9991575, -11.9593761], [-76.9991975, -11.9594797], [-76.9992451, -11.9595875], [-76.9992808, -11.9596639], [-76.9993459, -11.9598149], [-76.9994137, -11.9599593], [-76.9995542, -11.9602611], [-76.9997012, -11.9606007], [-76.9997599, -11.9607423], [-76.9998606, -11.9609867], [-76.999889, -11.9610528], [-76.9999163, -11.9611184], [-77.0000241, -11.9613594], [-77.0001548, -11.9616595], [-77.0002964, -11.9619994], [-77.0003683, -11.9621265], [-77.0004058, -11.9621841], [-77.0006837, -11.9626069], [-77.0007545, -11.9627156], [-77.0008253, -11.9628243], [-77.0008544, -11.962869], [-77.0009405, -11.9630002], [-77.0011158, -11.9632628], [-77.0016532, -11.96412], [-77.0018711, -11.9644605], [-77.0019147, -11.9645287], [-77.0020279, -11.9647418], [-77.0020975, -11.9648739], [-77.0021591, -11.9649908], [-77.002338, -11.9653582], [-77.0026173, -11.9659318], [-77.0027244, -11.9661], [-77.0027631, -11.9661585], [-77.0028819, -11.9663112], [-77.0029212, -11.9663587], [-77.0029434, -11.9663849], [-77.0031379, -11.9666479], [-77.0033126, -11.9668839], [-77.003417, -11.9670179], [-77.0035001, -11.967126], [-77.0035177, -11.967148], [-77.0035724, -11.967218], [-77.0038275, -11.9675444], [-77.0038601, -11.9675882], [-77.0041472, -11.9679747], [-77.0041962, -11.9680407], [-77.0042911, -11.9681208], [-77.0044167, -11.9681812], [-77.0044371, -11.9681919], [-77.0044604, -11.9682095], [-77.0046573, -11.9684374], [-77.0047185, -11.9685169], [-77.0050503, -11.9689479], [-77.0051119, -11.9690332], [-77.0051321, -11.9690617], [-77.0053582, -11.9693815], [-77.0056317, -11.9697955], [-77.0056714, -11.9698524], [-77.0057656, -11.9699976], [-77.0058445, -11.9701304], [-77.0058684, -11.9701702], [-77.0059095, -11.970241], [-77.0062873, -11.9708343], [-77.0067179, -11.9715034], [-77.006926, -11.9718286], [-77.0069593, -11.9718785], [-77.0069979, -11.9719592], [-77.0070174, -11.97207], [-77.0070304, -11.9722064], [-77.0070545, -11.972289], [-77.0071468, -11.9724345], [-77.0071764, -11.9724811], [-77.0072809, -11.9726459], [-77.0077058, -11.973309], [-77.0077847, -11.9734322], [-77.0078487, -11.9735334], [-77.0083594, -11.9743362], [-77.0085774, -11.9746789], [-77.0089545, -11.9752719], [-77.0098441, -11.9766754], [-77.0098855, -11.9767402], [-77.0101609, -11.9771808], [-77.0102863, -11.97738], [-77.0106877, -11.9780159], [-77.0107054, -11.978044], [-77.0112947, -11.9789593], [-77.0114076, -11.9791339], [-77.0116055, -11.9794482], [-77.0119824, -11.9800482], [-77.0120353, -11.9801317], [-77.0123981, -11.980704], [-77.01245, -11.9807859], [-77.0125082, -11.9808755], [-77.0130029, -11.9816377], [-77.013023, -11.9816687], [-77.0130787, -11.9817546], [-77.0131471, -11.9818633], [-77.0131928, -11.9819792], [-77.0132262, -11.9821078], [-77.0132495, -11.9822083], [-77.0132667, -11.9822861], [-77.0132871, -11.98237], [-77.0133287, -11.9824621], [-77.013389, -11.982559], [-77.0137079, -11.9830158], [-77.0137619, -11.9830947], [-77.0137893, -11.983133], [-77.014017, -11.9834616], [-77.0140668, -11.9835333], [-77.0142703, -11.9838205], [-77.0143279, -11.9838964], [-77.0143857, -11.9839654], [-77.0144422, -11.9840304], [-77.0144835, -11.9840704], [-77.0146188, -11.9841908], [-77.0148988, -11.9844056], [-77.0149693, -11.9844597], [-77.0153751, -11.984768], [-77.0154629, -11.9848601], [-77.0155107, -11.9849331], [-77.0155408, -11.9850131], [-77.0155674, -11.9851219], [-77.015691, -11.9856287], [-77.0157291, -11.985785], [-77.0157897, -11.9860332], [-77.0158162, -11.9861615], [-77.0158181, -11.9861858], [-77.0158227, -11.9862466], [-77.0158231, -11.9863345], [-77.0157919, -11.9866517], [-77.0157883, -11.9866953], [-77.0157836, -11.9867514], [-77.0157274, -11.9872058], [-77.015624, -11.988107], [-77.0156171, -11.988167], [-77.0156003, -11.9883134], [-77.0155762, -11.988524], [-77.015568, -11.9885952], [-77.0155131, -11.98909], [-77.0154704, -11.9894714], [-77.0154181, -11.9898064], [-77.0153904, -11.989984], [-77.0153608, -11.9901771], [-77.0153543, -11.9902289], [-77.0153532, -11.9902376], [-77.0153324, -11.990403], [-77.0151004, -11.9918609], [-77.0151009, -11.9919349], [-77.01511, -11.9919855], [-77.0151298, -11.9920829], [-77.015225, -11.9923935], [-77.0152843, -11.9926375], [-77.0153062, -11.9927474], [-77.0153134, -11.9928253], [-77.0153165, -11.9928999], [-77.0153109, -11.9931447], [-77.0152816, -11.9936442], [-77.0152734, -11.9938195], [-77.0152692, -11.9939088], [-77.0152122, -11.995034], [-77.0152004, -11.9953197], [-77.015189, -11.9956318], [-77.0151889, -11.9956366], [-77.0151897, -11.9956899], [-77.01519, -11.9957079], [-77.0152149, -11.9958148], [-77.0152282, -11.9958619], [-77.015403, -11.9962906], [-77.0155104, -11.9965689], [-77.0155497, -11.9966708], [-77.0155533, -11.9967452], [-77.0155434, -11.9967912], [-77.0155206, -11.9968529], [-77.0154945, -11.9969042], [-77.0154732, -11.9969391], [-77.0152544, -11.9972973], [-77.0149944, -11.997776], [-77.0147549, -11.998192], [-77.014559, -11.9985394], [-77.0145345, -11.9986041], [-77.0145145, -11.9986567], [-77.0144739, -11.9988294], [-77.0143214, -11.9991963], [-77.014176, -11.9995338], [-77.0141395, -11.9996187], [-77.0133916, -12.0013818], [-77.012814, -12.002726], [-77.0124759, -12.0035127], [-77.0123548, -12.0038325], [-77.0123155, -12.0039286], [-77.0122847, -12.0040333], [-77.0121417, -12.0044893], [-77.0115435, -12.0063101], [-77.0113042, -12.0070258], [-77.0112446, -12.0072119], [-77.011088, -12.0076854], [-77.0110756, -12.0077173], [-77.0110681, -12.0077389], [-77.0110515, -12.00782], [-77.0110458, -12.0079297], [-77.0110468, -12.0079688], [-77.0110478, -12.008011], [-77.0110995, -12.008442], [-77.0111616, -12.008962], [-77.011172, -12.009048], [-77.0111807, -12.0091156], [-77.0111919, -12.0092031], [-77.0111957, -12.0092382], [-77.0114271, -12.01111], [-77.0115072, -12.011732], [-77.011543, -12.0120729], [-77.01155, -12.0121408], [-77.0115508, -12.0121482], [-77.0115568, -12.012206], [-77.0115698, -12.0123117], [-77.0115774, -12.0123687], [-77.011579, -12.0123792], [-77.0117682, -12.0139141], [-77.011826, -12.014376], [-77.0118378, -12.014468], [-77.0120063, -12.0157683], [-77.0120212, -12.0159015], [-77.0120625, -12.0162723], [-77.0121322, -12.0168975], [-77.0122152, -12.0176024], [-77.0122255, -12.0176902], [-77.0123336, -12.0186137], [-77.0123421, -12.0186865], [-77.0123496, -12.0187504], [-77.0124266, -12.0193759], [-77.0125501, -12.0203717], [-77.0125664, -12.020503], [-77.012577, -12.0205967], [-77.0125829, -12.0206376], [-77.0125936, -12.0207311], [-77.0126503, -12.0211932], [-77.012655, -12.0212315], [-77.0127718, -12.0221845], [-77.0127937, -12.0223542], [-77.0127985, -12.0224294], [-77.0128007, -12.0224782], [-77.0128002, -12.0225331], [-77.0127976, -12.0226053], [-77.0127926, -12.0226666], [-77.0127801, -12.022754], [-77.0127604, -12.0228701], [-77.0127472, -12.0229475], [-77.0127334, -12.0229952], [-77.0127306, -12.0230049], [-77.0127107, -12.0230733], [-77.012669, -12.0231869], [-77.0125941, -12.0233658], [-77.0123755, -12.0237776], [-77.0122273, -12.0240592], [-77.0121689, -12.0242117], [-77.0121342, -12.0243544], [-77.0120754, -12.0246675], [-77.0120354, -12.0249597], [-77.012024, -12.0250515], [-77.0120199, -12.0250803], [-77.0120121, -12.0251397], [-77.0120097, -12.0251581], [-77.0119984, -12.0252408], [-77.0118875, -12.0252371], [-77.011807, -12.0252365], [-77.0114416, -12.0251937], [-77.0110412, -12.0251505], [-77.0109708, -12.0251434], [-77.0109202, -12.0251462], [-77.0108955, -12.0251511], [-77.0108642, -12.0251619], [-77.0108353, -12.0251736], [-77.0107772, -12.0252078], [-77.0107213, -12.0252507], [-77.0106749, -12.0252929], [-77.0106387, -12.0253287], [-77.0106164, -12.0253507], [-77.0105737, -12.025398], [-77.0105291, -12.0254562], [-77.0105177, -12.0254736], [-77.0104973, -12.0255541], [-77.0104904, -12.0255999], [-77.0104874, -12.0256584], [-77.0104909, -12.0257203], [-77.0105074, -12.0258397], [-77.0105428, -12.0259791], [-77.0105746, -12.0260832], [-77.0106121, -12.0262042], [-77.0107168, -12.0263969], [-77.0107628, -12.0264869], [-77.0107883, -12.026537], [-77.0109534, -12.0268555], [-77.0109594, -12.0268706], [-77.0111995, -12.0273938], [-77.0112045, -12.0274046], [-77.011487, -12.0280441], [-77.0116045, -12.0283581], [-77.0116074, -12.0283685], [-77.0116103, -12.0283789], [-77.0116164, -12.0284627], [-77.0116443, -12.0285601], [-77.0117332, -12.0288452], [-77.0119558, -12.029616], [-77.0120281, -12.0298664], [-77.0121271, -12.030229], [-77.0121859, -12.0304461], [-77.0121942, -12.0304768], [-77.0122175, -12.030565], [-77.0122548, -12.0307204], [-77.0122784, -12.030845], [-77.012298, -12.0309733], [-77.0123054, -12.0310617], [-77.0123096, -12.0311774], [-77.0123062, -12.0313034], [-77.0122951, -12.0314385], [-77.0122726, -12.0316625], [-77.0122696, -12.0317164], [-77.012269, -12.0317689], [-77.0122732, -12.0318978], [-77.0123001, -12.0320561], [-77.0123104, -12.0320945], [-77.0123468, -12.0322073], [-77.0123802, -12.0323138], [-77.0123862, -12.0323315], [-77.0124095, -12.0323996], [-77.0124873, -12.0326212], [-77.0124997, -12.0326597], [-77.0125436, -12.0328384], [-77.0125819, -12.033057], [-77.0125951, -12.0331692], [-77.0126131, -12.0333651], [-77.0126294, -12.0335422], [-77.0126541, -12.0338941], [-77.0127288, -12.0347145], [-77.012764, -12.0349259], [-77.0128024, -12.035103], [-77.0128315, -12.0352178], [-77.0129244, -12.0355842], [-77.0130085, -12.0359244], [-77.0130733, -12.0361868], [-77.0132622, -12.0369471], [-77.0132903, -12.0370514], [-77.0133044, -12.0370937], [-77.0133228, -12.0371275], [-77.0133594, -12.0371822], [-77.0134569, -12.0372744], [-77.0135624, -12.037336], [-77.0137506, -12.0374049], [-77.0137726, -12.037413], [-77.0139309, -12.03747], [-77.0140674, -12.0375266], [-77.0141862, -12.0375956], [-77.0143534, -12.0377084], [-77.0145152, -12.037826], [-77.0147496, -12.0379993], [-77.0159963, -12.0389297], [-77.0165784, -12.0393641], [-77.0168748, -12.0395872], [-77.0174996, -12.040084], [-77.017584, -12.0401472], [-77.0176106, -12.0401661], [-77.0176423, -12.0401885], [-77.0176911, -12.0402173], [-77.0178356, -12.0402867], [-77.018007, -12.04035], [-77.0180523, -12.0403629], [-77.0180998, -12.0403743], [-77.0181325, -12.0403822], [-77.0181988, -12.040398], [-77.0183086, -12.0404267], [-77.0183732, -12.0404414], [-77.0185295, -12.0404856], [-77.0187328, -12.0405431], [-77.0189225, -12.0406046], [-77.0190934, -12.0406593], [-77.0192974, -12.0407262], [-77.0194262, -12.0407782], [-77.0198155, -12.0409616], [-77.0204045, -12.0412354], [-77.0208021, -12.0414178], [-77.0210568, -12.0415229], [-77.0214239, -12.0416745], [-77.0216753, -12.0417791], [-77.0217981, -12.0418326], [-77.021835, -12.041852], [-77.0218811, -12.0418762], [-77.0219335, -12.0419079], [-77.0221715, -12.0420857], [-77.0222948, -12.0421791], [-77.0223256, -12.0421997], [-77.022511, -12.0423238], [-77.0226822, -12.0424162], [-77.0227364, -12.0424455], [-77.0228514, -12.0425023], [-77.0229574, -12.0425397], [-77.0229764, -12.0425462], [-77.0230278, -12.0425537], [-77.0231342, -12.0425625], [-77.0232934, -12.0425712], [-77.0233264, -12.0425722], [-77.0234384, -12.0425682], [-77.023492, -12.0425638], [-77.0235315, -12.0425606], [-77.0237857, -12.0425326], [-77.0238111, -12.0425294], [-77.0238365, -12.0425262], [-77.0238703, -12.0425359], [-77.0239025, -12.0425501], [-77.0239323, -12.0425685], [-77.0239611, -12.0425926], [-77.023986, -12.0426206], [-77.0240441, -12.0426987], [-77.0241563, -12.0428776], [-77.0241808, -12.0429196], [-77.0242765, -12.0430833], [-77.0251022, -12.0446425], [-77.0251633, -12.0447579], [-77.0252552, -12.0449139], [-77.0253088, -12.0450097], [-77.0253146, -12.0450201], [-77.0253615, -12.0451041], [-77.0253893, -12.0451565], [-77.0255938, -12.0455422], [-77.0260085, -12.0463246], [-77.0260759, -12.0464525], [-77.0261539, -12.046595], [-77.0262063, -12.0466908], [-77.0266408, -12.0475237], [-77.0266608, -12.0475622], [-77.0267214, -12.0476752], [-77.0267701, -12.0477696], [-77.0271392, -12.0484697], [-77.0272112, -12.0486063], [-77.0272704, -12.0487186], [-77.0273179, -12.0488087], [-77.0275872, -12.0493195]], [[-77.0258909, -12.0912979], [-77.0257415, -12.0912774], [-77.0253156, -12.0912189], [-77.0248129, -12.091204], [-77.0244092, -12.0911445], [-77.0242493, -12.0911231], [-77.0239734, -12.0910849], [-77.0239301, -12.0910789], [-77.0238574, -12.091116], [-77.0238311, -12.0911399], [-77.0238017, -12.0911666], [-77.0237617, -12.0912114], [-77.023735, -12.0912528], [-77.0237197, -12.0912994], [-77.0237071, -12.0913672], [-77.0236251, -12.0919005], [-77.023602, -12.0920337], [-77.0235927, -12.0921227], [-77.0235875, -12.092173], [-77.0235797, -12.0922486], [-77.0235616, -12.092409], [-77.023543, -12.0925735], [-77.0235389, -12.0926608], [-77.0235397, -12.0927183], [-77.0235511, -12.0927718], [-77.023574, -12.0928518], [-77.0238772, -12.0935401], [-77.0239457, -12.0936919], [-77.0241117, -12.0940493], [-77.0242995, -12.0944725], [-77.0243237, -12.0945322], [-77.0243679, -12.0946318], [-77.0245889, -12.0950905], [-77.0249013, -12.09575], [-77.0249247, -12.0958007], [-77.0250992, -12.0961796], [-77.0251846, -12.096364], [-77.0252805, -12.0965719], [-77.0252998, -12.0966143], [-77.0253322, -12.096685], [-77.0254339, -12.0966602], [-77.0259052, -12.0964909], [-77.0260305, -12.0964422], [-77.0261172, -12.0964082], [-77.026095, -12.09636], [-77.0260697, -12.0963049], [-77.0260389, -12.096238], [-77.0260054, -12.0961651], [-77.0259866, -12.0961242], [-77.0257065, -12.0955152], [-77.025585, -12.095251], [-77.025543, -12.0951597], [-77.0255175, -12.0951043], [-77.0251674, -12.094343], [-77.0251226, -12.0942455], [-77.0250853, -12.0941645], [-77.0250555, -12.0940997], [-77.0248672, -12.0936902], [-77.0247039, -12.093335], [-77.0246677, -12.0932564], [-77.0247382, -12.0932271], [-77.0250268, -12.0931069], [-77.0250711, -12.0930885], [-77.0252037, -12.0930404], [-77.0252911, -12.0930183], [-77.0253887, -12.093013], [-77.0256478, -12.0930428], [-77.0256552, -12.0929886], [-77.0257343, -12.0923946], [-77.0257475, -12.0922954], [-77.0257587, -12.0922222], [-77.0258536, -12.0915585], [-77.0258757, -12.0914042], [-77.0258777, -12.0913899], [-77.0258909, -12.0912979]], [[-77.0258909, -12.0912979], [-77.0259113, -12.0911537], [-77.0259652, -12.0907396], [-77.0260275, -12.0903255], [-77.0260316, -12.0902859], [-77.0261325, -12.0896108], [-77.0261704, -12.0893059], [-77.0261868, -12.0891742], [-77.0262046, -12.0890311], [-77.0262385, -12.0887828], [-77.0262427, -12.0887481], [-77.0262538, -12.0886717], [-77.026286, -12.0884531], [-77.0263463, -12.0880428], [-77.0263566, -12.0879895], [-77.0263686, -12.0879103], [-77.026428, -12.0875335], [-77.0264709, -12.0872181], [-77.0264749, -12.087189], [-77.0265684, -12.0865016], [-77.0265731, -12.086467], [-77.0265789, -12.0864398], [-77.0271196, -12.0865123], [-77.0271997, -12.0865252], [-77.0277296, -12.0866028], [-77.0285395, -12.0867204], [-77.0286558, -12.0867413], [-77.0286009, -12.0865352], [-77.0284898, -12.0860567], [-77.0284673, -12.0859484], [-77.0284237, -12.0856951], [-77.0283934, -12.0854964], [-77.0283877, -12.0854163], [-77.0283394, -12.0848844], [-77.0283119, -12.0846403], [-77.0282726, -12.0844928], [-77.0282351, -12.084403], [-77.0281, -12.0841134], [-77.0280543, -12.0840057], [-77.0280311, -12.0838954], [-77.0280201, -12.0837941], [-77.0280293, -12.0837023], [-77.0280413, -12.0836167], [-77.0280808, -12.0833354], [-77.0281149, -12.0830919], [-77.0281453, -12.0828753], [-77.0281638, -12.0827419], [-77.0281704, -12.0826742], [-77.0281786, -12.0826144], [-77.0281903, -12.0825296], [-77.0283257, -12.0815455], [-77.0283676, -12.0812411], [-77.0284369, -12.0807375], [-77.0284734, -12.0804718], [-77.0284777, -12.0804404], [-77.028544, -12.0799587], [-77.0285582, -12.0798559], [-77.028576, -12.0797522], [-77.0285861, -12.0796777], [-77.0286564, -12.0791688], [-77.0287048, -12.0788174], [-77.0287131, -12.0787568], [-77.0287855, -12.0781962], [-77.0287843, -12.0781636], [-77.0287769, -12.0781374], [-77.0287535, -12.0780932], [-77.0287391, -12.0780661], [-77.0287334, -12.0780477], [-77.0287324, -12.0780304], [-77.0287356, -12.0779849], [-77.0287389, -12.07796], [-77.0287459, -12.0779358], [-77.0288073, -12.0777678], [-77.0288372, -12.0776886], [-77.0290397, -12.0772355], [-77.0290827, -12.0771393], [-77.029101, -12.0770856], [-77.0290509, -12.0770669], [-77.0290294, -12.0770603], [-77.0288847, -12.0770038], [-77.0286379, -12.0769099], [-77.0286085, -12.0768962], [-77.027768, -12.0765046], [-77.0273839, -12.0763649], [-77.0272667, -12.0763377], [-77.0269384, -12.076217], [-77.0268088, -12.0761701], [-77.0264758, -12.0760471], [-77.0260832, -12.075904], [-77.0260487, -12.0758699], [-77.0260283, -12.0758457], [-77.0260149, -12.0758266], [-77.0260045, -12.0758076], [-77.0259994, -12.0757916], [-77.0259962, -12.0757763], [-77.0259974, -12.0757607], [-77.0260039, -12.0757445], [-77.0260152, -12.0757309], [-77.0260301, -12.0757196], [-77.0260473, -12.0757121], [-77.0260752, -12.0757034], [-77.0261194, -12.075697], [-77.0262379, -12.0757393], [-77.0271602, -12.076068], [-77.0271941, -12.0760801], [-77.0273636, -12.0761405], [-77.0273912, -12.0761503], [-77.0274682, -12.0761778], [-77.0274924, -12.0759762], [-77.0275171, -12.0757646], [-77.0275484, -12.0755145], [-77.027573, -12.0753183], [-77.027721, -12.0743206], [-77.0277722, -12.0739892], [-77.0277923, -12.0738595], [-77.0278288, -12.073623], [-77.0278637, -12.0733081], [-77.0279244, -12.0728966], [-77.0280007, -12.0723793], [-77.0280032, -12.0723599], [-77.0280131, -12.0722835], [-77.0280201, -12.0722243], [-77.0280828, -12.071772], [-77.0281297, -12.0714338], [-77.0281541, -12.0712581], [-77.0282097, -12.0708531], [-77.0282668, -12.0704365], [-77.0282861, -12.0703095], [-77.0282907, -12.0702795], [-77.0282995, -12.0702156], [-77.0283107, -12.0701501], [-77.0283225, -12.0700624], [-77.0283219, -12.0700497], [-77.0283393, -12.0699378], [-77.028439, -12.0692004], [-77.0284476, -12.0691366], [-77.0284552, -12.0690799], [-77.0284637, -12.0690176], [-77.0285381, -12.0684668], [-77.028681, -12.067409], [-77.0286873, -12.0673622], [-77.0286926, -12.0673231], [-77.0286988, -12.0672769], [-77.0286999, -12.0672691], [-77.0287099, -12.067195], [-77.0287192, -12.0671258], [-77.0287249, -12.0670839], [-77.0287595, -12.0668277], [-77.0287859, -12.0666324], [-77.0288686, -12.0660203], [-77.0288735, -12.0659839], [-77.0288853, -12.0658969], [-77.0289042, -12.0657565], [-77.0289614, -12.0653336], [-77.0290323, -12.0648087], [-77.0290458, -12.0647085], [-77.0290526, -12.0646582], [-77.0290712, -12.0645206], [-77.0290801, -12.0644432], [-77.0290843, -12.0644064], [-77.0291164, -12.0641359], [-77.029216, -12.0632956], [-77.0292401, -12.0631169], [-77.0293224, -12.0625038], [-77.0293815, -12.0620699], [-77.0293968, -12.0619574], [-77.0293979, -12.0619493], [-77.0294018, -12.0619208], [-77.0294071, -12.0618816], [-77.0294168, -12.0618104], [-77.0294298, -12.0617149], [-77.0294688, -12.0614287], [-77.0294936, -12.0612443], [-77.0295634, -12.060723], [-77.0295713, -12.0606673], [-77.0295792, -12.0606116], [-77.029593, -12.0605046], [-77.0296081, -12.060395], [-77.0296802, -12.0598922], [-77.029736, -12.0594984], [-77.0297544, -12.0593545], [-77.0297616, -12.0593061], [-77.0297722, -12.0592263], [-77.029781, -12.0591615], [-77.0298103, -12.0589474], [-77.0298139, -12.058921], [-77.0298263, -12.058828], [-77.0299404, -12.0578856], [-77.0299528, -12.0577941], [-77.0299645, -12.057701], [-77.0300751, -12.056947], [-77.030104, -12.0567459], [-77.0301086, -12.0567121], [-77.0301137, -12.0566755], [-77.0301293, -12.0565473], [-77.0302095, -12.0559555], [-77.0303063, -12.0552824], [-77.0303082, -12.0552572], [-77.0303151, -12.0551733], [-77.0303191, -12.0550623], [-77.0303133, -12.0549334], [-77.0302981, -12.0548482], [-77.0302832, -12.0547998], [-77.0302717, -12.0547627], [-77.0302409, -12.054682], [-77.0302333, -12.054662], [-77.0301978, -12.0545848], [-77.0301564, -12.0544961], [-77.0301005, -12.0543922], [-77.0298626, -12.0539701], [-77.0297738, -12.0538011], [-77.0296518, -12.0535691], [-77.0296068, -12.0534836], [-77.029426, -12.0531242], [-77.0293739, -12.0530176], [-77.0293564, -12.0529883], [-77.0293078, -12.0529019], [-77.0292449, -12.0527925], [-77.0288445, -12.0520588], [-77.0287979, -12.0519709], [-77.028761, -12.0519024], [-77.0287062, -12.051797], [-77.028649, -12.0516885], [-77.028602, -12.0515994], [-77.02833, -12.0510874], [-77.0283093, -12.0510435], [-77.0282246, -12.05088], [-77.0281701, -12.0507693], [-77.02777, -12.0499966], [-77.0277249, -12.0499065], [-77.0276706, -12.0498055], [-77.0276361, -12.0497463], [-77.0272475, -12.0490237], [-77.0271937, -12.0489249], [-77.027169, -12.0488779], [-77.0271481, -12.0488382], [-77.0271272, -12.0487985], [-77.0270704, -12.0486903], [-77.0267024, -12.0479783], [-77.0266629, -12.0479018], [-77.0266315, -12.047841], [-77.0265879, -12.047749], [-77.0265223, -12.0476297], [-77.0262247, -12.0470631], [-77.0261941, -12.0470074], [-77.0260599, -12.0467636], [-77.0260388, -12.046725], [-77.0259969, -12.0466485], [-77.0259321, -12.0465239], [-77.0253716, -12.0454564], [-77.0252171, -12.0451617], [-77.0251847, -12.0450962], [-77.0250565, -12.0448226], [-77.0249915, -12.0446766], [-77.0241936, -12.043122], [-77.0241623, -12.0430662], [-77.0241093, -12.0429843], [-77.0240453, -12.0428922], [-77.0239882, -12.0428593], [-77.023953, -12.0428407], [-77.0239357, -12.0428318], [-77.0239146, -12.0428234], [-77.0238789, -12.0428114], [-77.0238454, -12.0428045], [-77.0238092, -12.0427965], [-77.023773, -12.0427878], [-77.0237265, -12.0427811], [-77.0236538, -12.0427734], [-77.0235345, -12.0427622], [-77.02347, -12.0427557], [-77.0232522, -12.0427313], [-77.0231321, -12.0427364], [-77.0231095, -12.0427374], [-77.0230446, -12.0427402], [-77.0228233, -12.0427178], [-77.0226354, -12.0427119], [-77.0226149, -12.0427113], [-77.0225869, -12.0426995], [-77.0223588, -12.0426036], [-77.0222604, -12.0425564], [-77.0217313, -12.0422558], [-77.0216744, -12.0422196], [-77.0216198, -12.0421834], [-77.0215392, -12.042058], [-77.0214324, -12.0419926], [-77.0210524, -12.0417595], [-77.0205386, -12.0414921], [-77.0204398, -12.0414504], [-77.0203373, -12.0414071], [-77.0203085, -12.041395], [-77.0202602, -12.0413746], [-77.02018, -12.0413358], [-77.0195709, -12.0410414], [-77.0192719, -12.0409111], [-77.0190113, -12.0407908], [-77.0187681, -12.0406851], [-77.0185909, -12.0406176], [-77.0185427, -12.0406012], [-77.0185362, -12.040599], [-77.0184642, -12.0405768], [-77.0183112, -12.0405346], [-77.0181013, -12.0404766], [-77.0179836, -12.0404483], [-77.0178939, -12.0404205], [-77.0178533, -12.0404032], [-77.0178169, -12.0403879], [-77.0177423, -12.0403468], [-77.0176543, -12.0402919], [-77.0175272, -12.0402006], [-77.0171253, -12.0398782], [-77.0168338, -12.0396475], [-77.0165294, -12.0394107], [-77.0160523, -12.0390523], [-77.0155843, -12.0387114], [-77.0147084, -12.0380623], [-77.0144578, -12.0378749], [-77.0142467, -12.0377259], [-77.0140729, -12.0376254], [-77.0139626, -12.037573], [-77.0138668, -12.0375383], [-77.0138195, -12.0375237], [-77.0137024, -12.0374864], [-77.013607, -12.0374584], [-77.0135011, -12.0374131], [-77.0134209, -12.0373642], [-77.0133548, -12.0373012], [-77.0132777, -12.0372174], [-77.0132234, -12.0371396], [-77.0132123, -12.0371091], [-77.0130099, -12.0363151], [-77.0128649, -12.0357004], [-77.0127148, -12.0351215], [-77.0126704, -12.0348778], [-77.0126295, -12.0345842], [-77.012577, -12.0340103], [-77.0125338, -12.0335355], [-77.0124918, -12.0332655], [-77.0124559, -12.0330829], [-77.0124, -12.0328881], [-77.0123655, -12.0328058], [-77.012331, -12.0327234], [-77.0122468, -12.0325537], [-77.0121774, -12.0324449], [-77.012153, -12.0324067], [-77.0120483, -12.0322601], [-77.0120229, -12.0322351], [-77.0119997, -12.0321953], [-77.0119889, -12.0321507], [-77.0119911, -12.0321049], [-77.0120064, -12.0320616], [-77.0120334, -12.0320241], [-77.012063, -12.0319998], [-77.0120976, -12.0319827], [-77.0121226, -12.0318635], [-77.0121358, -12.031786], [-77.0121461, -12.031723], [-77.012179, -12.0314933], [-77.0121962, -12.0313773], [-77.0121982, -12.0312572], [-77.0121957, -12.0311709], [-77.012191, -12.0310393], [-77.0121767, -12.0309433], [-77.0121506, -12.0307947], [-77.0120854, -12.0305437], [-77.0120775, -12.0305149], [-77.0119403, -12.0300142], [-77.0117566, -12.0294025], [-77.0116867, -12.0291649], [-77.0115659, -12.0287696], [-77.0115037, -12.028593], [-77.0114732, -12.0285371], [-77.0114379, -12.0284858], [-77.0114153, -12.0284595], [-77.0113935, -12.0284378], [-77.0113705, -12.0284213], [-77.011351, -12.0284035], [-77.0113359, -12.0283759], [-77.0112309, -12.0281149], [-77.0111148, -12.0278313], [-77.0110707, -12.0277235], [-77.0108643, -12.027271], [-77.0107492, -12.0270149], [-77.0106096, -12.0267029], [-77.0104433, -12.0263649], [-77.0104115, -12.0263037], [-77.0103765, -12.0262416], [-77.0103241, -12.0261596], [-77.0102862, -12.0261111], [-77.0102268, -12.0260399], [-77.0101723, -12.0259771], [-77.0100995, -12.0258839], [-77.010034, -12.0257999], [-77.0101504, -12.0256927], [-77.0101599, -12.025684], [-77.0102154, -12.0256358], [-77.0102565, -12.0255981], [-77.0105903, -12.0252738], [-77.0106255, -12.0252393], [-77.0106668, -12.0251998], [-77.0107122, -12.0251615], [-77.0107453, -12.0251334], [-77.0108093, -12.0250885], [-77.0108184, -12.0250841], [-77.0108398, -12.0250739], [-77.0108949, -12.0250551], [-77.0109827, -12.0250434], [-77.0113556, -12.0250814], [-77.011445, -12.0250905], [-77.0118239, -12.0251345], [-77.0118569, -12.0251402], [-77.0118722, -12.0251419], [-77.0119026, -12.0251455], [-77.0119053, -12.0251256], [-77.011913, -12.0250685], [-77.0120155, -12.024313], [-77.0120504, -12.0241613], [-77.0120868, -12.0240618], [-77.0121305, -12.0239781], [-77.0121725, -12.0238976], [-77.0124852, -12.0232941], [-77.0125008, -12.0232583], [-77.0125649, -12.0231041], [-77.012572, -12.0230869], [-77.0125784, -12.023066], [-77.0126067, -12.022972], [-77.0126129, -12.0229514], [-77.0126161, -12.0229402], [-77.0126207, -12.0229239], [-77.0126314, -12.0228782], [-77.0126355, -12.022854], [-77.0126395, -12.0228298], [-77.0126462, -12.0227938], [-77.0126543, -12.0227183], [-77.0126634, -12.0225916], [-77.0126658, -12.0224843], [-77.0126659, -12.022421], [-77.0126627, -12.0223665], [-77.0126484, -12.0222019], [-77.01253, -12.0212465], [-77.0124828, -12.0208654], [-77.0124579, -12.0206518], [-77.0124429, -12.0205174], [-77.0122962, -12.0193198], [-77.0122299, -12.0187784], [-77.0122204, -12.0187009], [-77.0122109, -12.0186233], [-77.0121117, -12.0178066], [-77.0121097, -12.0177733], [-77.0120995, -12.0177061], [-77.0120339, -12.0172047], [-77.011924, -12.0163019], [-77.0118926, -12.0160334], [-77.0118802, -12.015927], [-77.0117177, -12.0146554], [-77.011696, -12.0144853], [-77.011507, -12.0129381], [-77.0114909, -12.012806], [-77.0114412, -12.0123916], [-77.01144, -12.0123818], [-77.0114338, -12.0123286], [-77.0113704, -12.0122309], [-77.0113351, -12.0121732], [-77.0113297, -12.0121638], [-77.0110985, -12.0103239], [-77.0110426, -12.0098649], [-77.0109943, -12.0094576], [-77.0109899, -12.0094205], [-77.0109819, -12.0093532], [-77.0109712, -12.0092595], [-77.0109675, -12.0092252], [-77.010908, -12.0087749], [-77.0108779, -12.0084777], [-77.0108353, -12.0080572], [-77.010829, -12.0079953], [-77.0108279, -12.007969], [-77.010824, -12.0078722], [-77.0108397, -12.0077758], [-77.0108769, -12.0076503], [-77.0108968, -12.0075829], [-77.0109526, -12.0074223], [-77.0110003, -12.0072857], [-77.0110481, -12.0071491], [-77.0111127, -12.0069578], [-77.0113538, -12.0062286], [-77.0116811, -12.0051742], [-77.0118288, -12.0047244], [-77.0120542, -12.0040496], [-77.0120842, -12.0039628], [-77.0121185, -12.0038702], [-77.0122856, -12.003437], [-77.0125271, -12.0028753], [-77.0127125, -12.0024393], [-77.0133942, -12.0008331], [-77.0139094, -11.9996352], [-77.0139502, -11.9995403], [-77.0139937, -11.9994411], [-77.0140257, -11.9993682], [-77.0141175, -11.9991362], [-77.0142394, -11.9988218], [-77.0142568, -11.9987769], [-77.014315, -11.9986079], [-77.0143425, -11.9985412], [-77.0143846, -11.9984391], [-77.0148322, -11.9976153], [-77.0150745, -11.9971752], [-77.0152056, -11.9969446], [-77.0152565, -11.996855], [-77.0153123, -11.9967945], [-77.0153357, -11.9967773], [-77.0153714, -11.9967512], [-77.0153772, -11.9967481], [-77.0154096, -11.9967305], [-77.0154342, -11.9967091], [-77.0154599, -11.9966862], [-77.0154634, -11.9966533], [-77.0154587, -11.9966188], [-77.0154469, -11.9965903], [-77.0154384, -11.9965681], [-77.0153014, -11.9962156], [-77.0152617, -11.9961135], [-77.0152082, -11.9959873], [-77.0151952, -11.9959566], [-77.015125, -11.9958533], [-77.0150763, -11.9957745], [-77.0150342, -11.9957092], [-77.0150126, -11.9956567], [-77.0150077, -11.9956326], [-77.0150223, -11.9952199], [-77.0150702, -11.9943825], [-77.0150803, -11.9942062], [-77.015088, -11.9940132], [-77.015117, -11.9932813], [-77.0151396, -11.9929385], [-77.0151351, -11.9928361], [-77.0151039, -11.9926831], [-77.0150617, -11.9925166], [-77.0149855, -11.9922162], [-77.0149788, -11.9921882], [-77.0149483, -11.9920599], [-77.0149341, -11.9919766], [-77.014928, -11.9918908], [-77.0149327, -11.9918161], [-77.0149388, -11.9917288], [-77.0149454, -11.9916537], [-77.0151196, -11.9906556], [-77.0151693, -11.9903652], [-77.0151847, -11.9902752], [-77.0152061, -11.9901501], [-77.0152265, -11.9899564], [-77.0153019, -11.9894002], [-77.0153377, -11.9890695], [-77.0154052, -11.9885024], [-77.0154201, -11.9883769], [-77.0154298, -11.9882957], [-77.0154397, -11.9882121], [-77.0154473, -11.988146], [-77.015595, -11.9868601], [-77.0155966, -11.986846], [-77.0156047, -11.9867751], [-77.0156279, -11.9866083], [-77.0156471, -11.9864315], [-77.0156473, -11.9863737], [-77.0156474, -11.986335], [-77.0156476, -11.9862567], [-77.0156411, -11.9861991], [-77.0156284, -11.9860874], [-77.0156078, -11.9859349], [-77.0155782, -11.9858145], [-77.0155618, -11.9857478], [-77.0155393, -11.985666], [-77.0154053, -11.98518], [-77.0153885, -11.9851189], [-77.0153225, -11.9849933], [-77.0152518, -11.9849044], [-77.0151344, -11.9847902], [-77.0147902, -11.9845497], [-77.0145042, -11.9843305], [-77.0143863, -11.9842312], [-77.01431, -11.9841471], [-77.0142911, -11.9841249], [-77.0141915, -11.9839923], [-77.0141694, -11.983959], [-77.0137067, -11.9833009], [-77.0136718, -11.9832527], [-77.0136537, -11.9832276], [-77.0132167, -11.9826064], [-77.0131792, -11.9825505], [-77.0131364, -11.9824728], [-77.0130999, -11.9823707], [-77.0131166, -11.9822194], [-77.0131188, -11.9821287], [-77.0131152, -11.9820563], [-77.0130709, -11.9819464], [-77.0130491, -11.9819075], [-77.0129989, -11.9818183], [-77.0129812, -11.9817867], [-77.0126841, -11.9813409], [-77.0125599, -11.9811436], [-77.0124147, -11.980913], [-77.0123697, -11.9808415], [-77.0116826, -11.979781], [-77.0113942, -11.979317], [-77.0113112, -11.9791867], [-77.0108485, -11.978464], [-77.0103468, -11.9776766], [-77.0101951, -11.9774387], [-77.009854, -11.9768971], [-77.0098028, -11.9768166], [-77.0088522, -11.9753358], [-77.0086101, -11.9749438], [-77.008544, -11.9748435], [-77.0078271, -11.9737204], [-77.0077516, -11.9736021], [-77.0076815, -11.9734953], [-77.0075032, -11.9732092], [-77.0074284, -11.9730924], [-77.007168, -11.972691], [-77.0070678, -11.9725318], [-77.0070452, -11.972496], [-77.0069775, -11.9723934], [-77.006902, -11.9722747], [-77.0066306, -11.9718562], [-77.0058481, -11.9706425], [-77.005764, -11.9705066], [-77.005723, -11.9704368], [-77.0056937, -11.9703884], [-77.005455, -11.9700075], [-77.0054041, -11.9699304], [-77.0051157, -11.9694871], [-77.0050863, -11.9694433], [-77.0050365, -11.9693728], [-77.0050131, -11.9693402], [-77.0045057, -11.9686678], [-77.0044578, -11.9685973], [-77.0043323, -11.9684356], [-77.0042924, -11.9683813], [-77.0042475, -11.9683278], [-77.0041861, -11.9682585], [-77.0041014, -11.968147], [-77.0040746, -11.9681102], [-77.0036678, -11.9675727], [-77.0033873, -11.9671919], [-77.0032175, -11.9669554], [-77.0030406, -11.9667283], [-77.0028668, -11.9664951], [-77.002826, -11.9664379], [-77.002789, -11.9663896], [-77.0026167, -11.9661529], [-77.0025207, -11.965997], [-77.0024281, -11.9658259], [-77.0023643, -11.9656789], [-77.0020088, -11.964914], [-77.0019379, -11.964779], [-77.0018992, -11.9646988], [-77.0018395, -11.964583], [-77.0016867, -11.9643527], [-77.0009083, -11.9631626], [-77.0008422, -11.9630624], [-77.0007276, -11.9628895], [-77.0003223, -11.9622879], [-77.0001818, -11.9620522], [-76.9998502, -11.9612717], [-76.9998138, -11.9611822], [-76.9997173, -11.9609343], [-76.9996283, -11.9607213], [-76.9995502, -11.9605311], [-76.99951, -11.9604369], [-76.9994558, -11.9603135], [-76.9992564, -11.9598552], [-76.9991509, -11.9596271], [-76.9990789, -11.9594714], [-76.9989346, -11.9591781], [-76.998592, -11.9584437], [-76.9983779, -11.9579848], [-76.9983479, -11.9579205], [-76.9983255, -11.9578659], [-76.9981082, -11.9574155], [-76.9977515, -11.9566807], [-76.9977168, -11.9565494], [-76.9974203, -11.9565144], [-76.9970878, -11.9564715], [-76.9967215, -11.9564225], [-76.9963673, -11.9563767], [-76.996034, -11.9563264], [-76.9957144, -11.9562817], [-76.9953823, -11.9562401], [-76.9951412, -11.9562059], [-76.9950251, -11.9561894], [-76.9950017, -11.9561861], [-76.9946619, -11.956145], [-76.9944459, -11.9561194], [-76.9943361, -11.9561064], [-76.9941472, -11.9560779], [-76.9940094, -11.956063], [-76.9936681, -11.9560177], [-76.9933231, -11.9559724], [-76.9925775, -11.9558743], [-76.992249, -11.9558316], [-76.9920615, -11.9558033], [-76.9919986, -11.9557938], [-76.9919374, -11.9557817], [-76.9918049, -11.9557378], [-76.9917015, -11.9556884], [-76.9916046, -11.9556303], [-76.9914883, -11.9555342], [-76.9914317, -11.9554738], [-76.991379, -11.9554149], [-76.9910564, -11.9550544], [-76.9908447, -11.9548039], [-76.9906127, -11.9545353], [-76.9904203, -11.9543027], [-76.9903937, -11.9542705], [-76.9902114, -11.9540555], [-76.9901696, -11.9540068], [-76.9899187, -11.953721], [-76.9897036, -11.9534647], [-76.9894704, -11.9532059], [-76.9892318, -11.9529298], [-76.9890166, -11.9526701], [-76.9888558, -11.9524772], [-76.9887903, -11.9523987], [-76.9884183, -11.9519406], [-76.9883718, -11.951884], [-76.9883318, -11.9518353], [-76.9883014, -11.9518112], [-76.9882276, -11.9517525], [-76.9879926, -11.951679], [-76.9876652, -11.9515765], [-76.9874839, -11.9515088], [-76.9874404, -11.9513765], [-76.9873861, -11.9512843], [-76.9873255, -11.9511925], [-76.9872661, -11.9511014], [-76.9871382, -11.9509051], [-76.9871228, -11.9508787], [-76.987024, -11.950736], [-76.986983, -11.9506768], [-76.9867417, -11.9503285], [-76.9857726, -11.9489352], [-76.9849866, -11.9478211], [-76.9849385, -11.9477458], [-76.9849038, -11.947695], [-76.9848524, -11.9476174], [-76.9839242, -11.9462563], [-76.9834326, -11.9455467], [-76.9826972, -11.9444838], [-76.9821915, -11.9437578], [-76.9820316, -11.943508], [-76.9819713, -11.9434257], [-76.9819397, -11.9433866], [-76.9811467, -11.9422236], [-76.9805132, -11.9413351], [-76.9803495, -11.9410852], [-76.979762, -11.9402441], [-76.9797154, -11.9401871], [-76.9796131, -11.9400839], [-76.9795208, -11.9400057], [-76.9793468, -11.9398645], [-76.9792244, -11.939774], [-76.9791168, -11.9397016], [-76.9788514, -11.9395589], [-76.9785878, -11.9394524], [-76.9783593, -11.9393812], [-76.9769479, -11.9389801], [-76.9767984, -11.9389425], [-76.9753372, -11.9385167], [-76.9751197, -11.9384556], [-76.9749552, -11.9384182], [-76.9748111, -11.9383985], [-76.9746902, -11.9383931], [-76.9745874, -11.9383987], [-76.974514, -11.9384086], [-76.974394, -11.9384329], [-76.973922, -11.9385933], [-76.9737046, -11.9386633], [-76.9735129, -11.9387345], [-76.9733611, -11.9387908], [-76.9731751, -11.9388445], [-76.9730941, -11.9388605], [-76.9729943, -11.938865], [-76.9729226, -11.938861], [-76.972866, -11.9388499], [-76.9727801, -11.9388208], [-76.9727123, -11.9387847], [-76.9726512, -11.9387466], [-76.972602, -11.9387051], [-76.9725458, -11.9386457], [-76.9724979, -11.9385878], [-76.9721094, -11.938035], [-76.9720582, -11.9379557], [-76.9720206, -11.9378972], [-76.9716785, -11.9374125], [-76.9713594, -11.9369429], [-76.9713051, -11.9368613], [-76.9712564, -11.9367907], [-76.9712223, -11.9367417], [-76.9705057, -11.9357121], [-76.9704526, -11.9356357], [-76.9697189, -11.9345857]], [[-76.9696442, -11.9341515], [-76.9698072, -11.9343637], [-76.9706125, -11.9355309], [-76.9706696, -11.9356073], [-76.9713096, -11.9365254], [-76.9713911, -11.9366382], [-76.9714283, -11.9366897], [-76.9714421, -11.93671], [-76.9714738, -11.9367565], [-76.9721912, -11.9377903], [-76.972226, -11.9378404], [-76.9722829, -11.9379214], [-76.9727359, -11.9386009], [-76.9727723, -11.9386411], [-76.972803, -11.9386695], [-76.9728345, -11.9386909], [-76.9728774, -11.9387123], [-76.9729148, -11.9387281], [-76.9729591, -11.9387361], [-76.9730024, -11.93874], [-76.9730647, -11.938733], [-76.9731229, -11.9387268], [-76.973188, -11.9387113], [-76.973549, -11.9385869], [-76.9736606, -11.9385463], [-76.9745052, -11.9382746], [-76.9746754, -11.9382437], [-76.9748116, -11.9382426], [-76.9749336, -11.9382624], [-76.9757082, -11.9384704], [-76.9764454, -11.9386684], [-76.9767726, -11.9387562], [-76.9777622, -11.9390396], [-76.9785218, -11.9392525], [-76.9787403, -11.9393293], [-76.978799, -11.9393534], [-76.9788496, -11.9393741], [-76.9790022, -11.9394466], [-76.9791438, -11.9395214], [-76.9793055, -11.9396211], [-76.9793819, -11.9396783], [-76.9794479, -11.9397277], [-76.9795807, -11.9398334], [-76.979714, -11.939942], [-76.9798027, -11.9400286], [-76.9799062, -11.9401659], [-76.9801686, -11.9405601], [-76.9802118, -11.9406231], [-76.9803739, -11.9408595], [-76.9804716, -11.9410019], [-76.9814863, -11.942462], [-76.9819618, -11.9431504], [-76.9820701, -11.9433071], [-76.9821038, -11.9433559], [-76.9821606, -11.9434393], [-76.9822027, -11.9435005], [-76.9822708, -11.9435993], [-76.9823842, -11.9437639], [-76.9829836, -11.9446337], [-76.9835518, -11.9454598], [-76.9835664, -11.945481], [-76.9840348, -11.946142], [-76.9843747, -11.9466215], [-76.9848155, -11.9472959], [-76.9849473, -11.9474874], [-76.984978, -11.947532], [-76.9850313, -11.9476095], [-76.9864632, -11.9496573], [-76.986979, -11.9503859], [-76.987156, -11.9506434], [-76.9872651, -11.9507756]], [[-76.9872651, -11.9507756], [-76.9872241, -11.9508493], [-76.9872207, -11.9509313], [-76.9872661, -11.9511014], [-76.9872207, -11.9509313], [-76.9872241, -11.9508493], [-76.9872651, -11.9507756]]]}}, {"type": "Feature", "properties": {"linea": "corredor_morado", "nombre": "Corredor Morado 412 (Corredor Morado 412)", "ref": "412", "osm_id": 13394864}, "geometry": {"type": "MultiLineString", "coordinates": [[[-76.9872661, -11.9511014], [-76.9872207, -11.9509313], [-76.9872241, -11.9508493], [-76.9872651, -11.9507756]], [[-76.9696442, -11.9341515], [-76.9698072, -11.9343637], [-76.9706125, -11.9355309], [-76.9706696, -11.9356073], [-76.9713096, -11.9365254], [-76.9713911, -11.9366382], [-76.9714283, -11.9366897], [-76.9714421, -11.93671], [-76.9714738, -11.9367565], [-76.9721912, -11.9377903], [-76.972226, -11.9378404], [-76.9722829, -11.9379214], [-76.9727359, -11.9386009], [-76.9727723, -11.9386411], [-76.972803, -11.9386695], [-76.9728345, -11.9386909], [-76.9728774, -11.9387123], [-76.9729148, -11.9387281], [-76.9729591, -11.9387361], [-76.9730024, -11.93874], [-76.9730647, -11.938733], [-76.9731229, -11.9387268], [-76.973188, -11.9387113], [-76.973549, -11.9385869], [-76.9736606, -11.9385463], [-76.9745052, -11.9382746], [-76.9746754, -11.9382437], [-76.9748116, -11.9382426], [-76.9749336, -11.9382624], [-76.9757082, -11.9384704], [-76.9764454, -11.9386684], [-76.9767726, -11.9387562], [-76.9777622, -11.9390396], [-76.9785218, -11.9392525], [-76.9787403, -11.9393293], [-76.978799, -11.9393534], [-76.9788496, -11.9393741], [-76.9790022, -11.9394466], [-76.9791438, -11.9395214], [-76.9793055, -11.9396211], [-76.9793819, -11.9396783], [-76.9794479, -11.9397277], [-76.9795807, -11.9398334], [-76.979714, -11.939942], [-76.9798027, -11.9400286], [-76.9799062, -11.9401659], [-76.9801686, -11.9405601], [-76.9802118, -11.9406231], [-76.9803739, -11.9408595], [-76.9804716, -11.9410019], [-76.9814863, -11.942462], [-76.9819618, -11.9431504], [-76.9820701, -11.9433071], [-76.9821038, -11.9433559], [-76.9821606, -11.9434393], [-76.9822027, -11.9435005], [-76.9822708, -11.9435993], [-76.9823842, -11.9437639], [-76.9829836, -11.9446337], [-76.9835518, -11.9454598], [-76.9835664, -11.945481], [-76.9840348, -11.946142], [-76.9843747, -11.9466215], [-76.9848155, -11.9472959], [-76.9849473, -11.9474874], [-76.984978, -11.947532], [-76.9850313, -11.9476095], [-76.9864632, -11.9496573], [-76.986979, -11.9503859], [-76.987156, -11.9506434], [-76.9872651, -11.9507756]], [[-76.9872651, -11.9507756], [-76.98743, -11.9510122], [-76.9875265, -11.9511675], [-76.987585, -11.9512856], [-76.9876333, -11.951415], [-76.9876652, -11.9515765], [-76.987676, -11.9517045], [-76.9876803, -11.9517554], [-76.9876665, -11.9519077], [-76.9876349, -11.9520458], [-76.9875188, -11.9523094], [-76.987194, -11.9529552], [-76.9865024, -11.9543855], [-76.9860256, -11.9553715], [-76.9857971, -11.9558442], [-76.9856571, -11.9561338], [-76.9856332, -11.9561832], [-76.985559, -11.9563492], [-76.9855279, -11.9564856], [-76.9855323, -11.956631], [-76.9855691, -11.9567598], [-76.9856484, -11.9568939], [-76.9860787, -11.957525], [-76.9862254, -11.9577568], [-76.986765, -11.9585301], [-76.986894, -11.9587061], [-76.9870079, -11.9588698], [-76.9870569, -11.9589371], [-76.9873936, -11.9593927], [-76.9874724, -11.9595061], [-76.9875346, -11.9595946], [-76.98826, -11.9606467], [-76.9884076, -11.9608559], [-76.9889651, -11.9616901], [-76.9895929, -11.9625993], [-76.9897683, -11.9628589], [-76.9904382, -11.9637947], [-76.991024, -11.9646098], [-76.99124, -11.9649206], [-76.9918019, -11.9657002], [-76.992355, -11.9664299], [-76.9924621, -11.9665778], [-76.992677, -11.9668745], [-76.9927464, -11.9669667], [-76.993221, -11.9675719], [-76.9934992, -11.9679599], [-76.9936592, -11.9681853], [-76.9937528, -11.9683172], [-76.9939489, -11.9685911], [-76.9939865, -11.9686466], [-76.9940787, -11.9688085], [-76.9941348, -11.96889], [-76.9952404, -11.9703842], [-76.9959078, -11.9713041], [-76.9960539, -11.9715014], [-76.9963174, -11.9718062], [-76.9964746, -11.9719695], [-76.9965407, -11.9720343], [-76.9966366, -11.9721307], [-76.9967093, -11.9721976], [-76.9967936, -11.9722752], [-76.9969835, -11.9724412], [-76.9972776, -11.9726628], [-76.9982561, -11.9733347], [-76.9990129, -11.9738417], [-76.9996242, -11.9742649], [-76.9998607, -11.9744323], [-77.0000973, -11.9745996], [-77.0002343, -11.9747051], [-77.0003173, -11.974769], [-77.0004048, -11.9748372], [-77.000512, -11.9749168], [-77.0012516, -11.9754655], [-77.0014607, -11.9756206], [-77.0017437, -11.9758171], [-77.0024129, -11.9763048], [-77.0027046, -11.9765169], [-77.0029409, -11.9767163], [-77.0030761, -11.9768485], [-77.0031458, -11.9769281], [-77.0031909, -11.9769796], [-77.0033288, -11.9771474], [-77.0039852, -11.9780085], [-77.0043854, -11.978567], [-77.0045359, -11.9788479], [-77.0047509, -11.9792873], [-77.0048581, -11.9795063], [-77.0049044, -11.9796063], [-77.0050783, -11.9799821], [-77.0051852, -11.9802131], [-77.005265, -11.9803929], [-77.0053131, -11.9805335], [-77.0054174, -11.980838], [-77.0055405, -11.9811971], [-77.0055519, -11.9812305], [-77.0059962, -11.9824977], [-77.0061357, -11.9828955], [-77.0061486, -11.9829323], [-77.0066235, -11.9842061], [-77.0067337, -11.984504], [-77.0067738, -11.9846125], [-77.0068094, -11.9847089], [-77.0068612, -11.9848601], [-77.0068908, -11.9849402], [-77.0069644, -11.9851751], [-77.0070873, -11.9855669], [-77.0071909, -11.9858039], [-77.0072975, -11.9859953], [-77.0074123, -11.986156], [-77.0075294, -11.9863071], [-77.0076574, -11.9864386], [-77.0078145, -11.9865901], [-77.0081212, -11.9868646], [-77.0083495, -11.9870688], [-77.0096123, -11.9881787], [-77.0099963, -11.9885261], [-77.010215, -11.9887555], [-77.0102492, -11.9887979], [-77.0103746, -11.9889531], [-77.010478, -11.9891129], [-77.0105293, -11.9891922], [-77.0105917, -11.9893079], [-77.0106512, -11.9894183], [-77.0107669, -11.9896482], [-77.0108299, -11.9897735], [-77.010874, -11.9898817], [-77.0109144, -11.9899921], [-77.0109848, -11.9902334], [-77.0110751, -11.990647], [-77.011113, -11.9908432], [-77.0111699, -11.9911274], [-77.0112051, -11.9913687], [-77.0112176, -11.9915279], [-77.0112227, -11.9916983], [-77.0112227, -11.9918685], [-77.0112161, -11.9919956], [-77.0112073, -11.99214], [-77.0111941, -11.9922757], [-77.0111677, -11.9924459], [-77.0111412, -11.9925751], [-77.0110983, -11.9927645], [-77.0109119, -11.9934176], [-77.0109029, -11.9934504], [-77.0108928, -11.9934868], [-77.0108188, -11.9937342], [-77.0108115, -11.9937579], [-77.0108019, -11.9937886], [-77.0101119, -11.996078], [-77.0100847, -11.9961693], [-77.0100625, -11.996243], [-77.009897, -11.9967912], [-77.0098147, -11.9970638], [-77.0098091, -11.9970823], [-77.0098027, -11.9971038], [-77.0097906, -11.9971439], [-77.0097654, -11.9972261], [-77.0097379, -11.9973176], [-77.0097285, -11.9973525], [-77.0097252, -11.9973647], [-77.0097182, -11.9973905], [-77.009702, -11.9974506], [-77.0091681, -11.9994254], [-77.0090442, -11.9998871], [-77.0086115, -12.0014986], [-77.0085929, -12.001568], [-77.0085661, -12.0016562], [-77.0084991, -12.0018768], [-77.0084359, -12.0020821], [-77.0083809, -12.0022415], [-77.0083259, -12.002381], [-77.0082717, -12.0025113], [-77.0082118, -12.0026242], [-77.0080563, -12.0028971], [-77.007949, -12.0030778], [-77.0078022, -12.0033317], [-77.0073601, -12.0040412], [-77.0063486, -12.0056248], [-77.0062809, -12.0057309], [-77.0061941, -12.0058668], [-77.0061817, -12.0058862], [-77.0061801, -12.0058887], [-77.0061255, -12.0059742], [-77.0060481, -12.006096], [-77.0059653, -12.0062192], [-77.005943, -12.0062541], [-77.0058934, -12.0063317], [-77.0056531, -12.0066935], [-77.0056283, -12.006733], [-77.0050918, -12.0075706], [-77.0046061, -12.0083296], [-77.0045551, -12.0084054], [-77.0039144, -12.0094104], [-77.0034409, -12.0101544], [-77.0028423, -12.0110961], [-77.0025491, -12.0115699], [-77.0024903, -12.0116788], [-77.0024389, -12.0117803], [-77.0023927, -12.0118957], [-77.0023415, -12.0120311], [-77.002302, -12.0121561], [-77.0022597, -12.0123265], [-77.002224, -12.0124965], [-77.0022019, -12.0126451], [-77.0021795, -12.0128488], [-77.0021568, -12.0130931], [-77.0021517, -12.0131433], [-77.0021468, -12.0131988], [-77.0021428, -12.0132448], [-77.0021387, -12.0133111], [-77.0020052, -12.0154513], [-77.0019945, -12.0156222], [-77.0019744, -12.0160048], [-77.00197, -12.016259], [-77.0019798, -12.0164215], [-77.0019864, -12.0164818], [-77.0019967, -12.0165799], [-77.0020402, -12.0168025], [-77.0020482, -12.0168313], [-77.0020586, -12.0168606], [-77.0020644, -12.016873], [-77.0021794, -12.0171184], [-77.0022766, -12.01732], [-77.0023362, -12.0174063], [-77.0024132, -12.0174887], [-77.0025622, -12.0176764], [-77.0025795, -12.0176978], [-77.0026125, -12.0177399], [-77.0026444, -12.0177804], [-77.0026834, -12.0178303], [-77.002704, -12.0178565], [-77.0027611, -12.0179286], [-77.0028053, -12.017981], [-77.0029224, -12.0181239], [-77.0030117, -12.0182387], [-77.0031606, -12.0184303], [-77.003317, -12.018639], [-77.0033913, -12.0187293], [-77.003518, -12.0188754], [-77.0036146, -12.0189868], [-77.0037474, -12.0191307], [-77.0038708, -12.019283], [-77.0042597, -12.0196036], [-77.0044005, -12.0197133], [-77.0044105, -12.0197211], [-77.0046138, -12.0198795], [-77.0048876, -12.0201294], [-77.0050802, -12.020328], [-77.0051317, -12.0203855], [-77.0052783, -12.0205352], [-77.0062225, -12.0215235], [-77.0068975, -12.022244], [-77.0076515, -12.0230445], [-77.0077477, -12.0231466], [-77.0077763, -12.023177], [-77.0078201, -12.0232226], [-77.0079002, -12.0233098], [-77.0079646, -12.0233777], [-77.0095195, -12.0250075], [-77.0096836, -12.0250636], [-77.0097681, -12.025149], [-77.0097951, -12.0251763], [-77.0098542, -12.025242], [-77.0100975, -12.0255126], [-77.0101423, -12.0255614], [-77.0102154, -12.0256358], [-77.0102565, -12.0255981], [-77.0105903, -12.0252738], [-77.0106255, -12.0252393], [-77.0106668, -12.0251998], [-77.0107122, -12.0251615], [-77.0107453, -12.0251334], [-77.0108093, -12.0250885], [-77.0108184, -12.0250841], [-77.0108398, -12.0250739], [-77.0108949, -12.0250551], [-77.0109827, -12.0250434], [-77.0113556, -12.0250814], [-77.011445, -12.0250905], [-77.0118239, -12.0251345], [-77.0118569, -12.0251402], [-77.0118722, -12.0251419], [-77.0119026, -12.0251455], [-77.0120097, -12.0251581], [-77.0120455, -12.0251622], [-77.0120895, -12.0251673], [-77.012573, -12.0252315], [-77.012695, -12.0252495], [-77.0128006, -12.0252655], [-77.0128978, -12.025283], [-77.0129889, -12.0252985], [-77.0130948, -12.0253178], [-77.0131639, -12.0253303], [-77.0132356, -12.0253491], [-77.013266, -12.0253571], [-77.0133339, -12.0253783], [-77.0134053, -12.0254052], [-77.0134891, -12.0254395], [-77.0135458, -12.0254683], [-77.0136032, -12.0255024], [-77.0136833, -12.0255435], [-77.0137814, -12.0255799], [-77.01389, -12.0256081], [-77.0140502, -12.0256373], [-77.0142198, -12.0256587], [-77.015035, -12.0257431], [-77.0153613, -12.0257819], [-77.0154015, -12.0257867], [-77.0154234, -12.0257902], [-77.015526, -12.0258011], [-77.0156041, -12.0258235], [-77.0163775, -12.0259121], [-77.0170125, -12.0259797], [-77.0172428, -12.0260021], [-77.017473, -12.0260245], [-77.0179348, -12.0260729], [-77.0190975, -12.0261886], [-77.0195689, -12.0262381], [-77.0197513, -12.0262548], [-77.0198255, -12.0262762], [-77.0198798, -12.0263109], [-77.0199279, -12.0263535], [-77.0199693, -12.0264107], [-77.0199841, -12.0264494], [-77.020009, -12.0265177], [-77.0200124, -12.0266006], [-77.0200024, -12.0267017], [-77.0199453, -12.0272445], [-77.0199446, -12.0272516], [-77.0199347, -12.0273048], [-77.0198878, -12.0274676], [-77.0198369, -12.0275641], [-77.019776, -12.0276507], [-77.0195858, -12.0278727], [-77.0194938, -12.02798], [-77.0194515, -12.0280283], [-77.0193639, -12.0281317], [-77.0193063, -12.028202], [-77.0189613, -12.028623], [-77.0189306, -12.0287081], [-77.0189146, -12.0287629], [-77.0189065, -12.0288125], [-77.0189054, -12.0288611], [-77.0189066, -12.0288884], [-77.0189075, -12.0289104], [-77.0189116, -12.0289534], [-77.0189191, -12.0289746], [-77.0189281, -12.0290002], [-77.0189468, -12.0290407], [-77.0190012, -12.0290985], [-77.0190499, -12.0291351], [-77.0191199, -12.0291853], [-77.0195895, -12.0294138], [-77.0197416, -12.0294868], [-77.0204184, -12.0297536], [-77.0208634, -12.0299283], [-77.0210566, -12.0300042], [-77.021386, -12.0301258], [-77.0215736, -12.0301458], [-77.0217198, -12.0301384], [-77.0218185, -12.0301273], [-77.0219265, -12.030103], [-77.0220278, -12.0300691], [-77.0221586, -12.0300148], [-77.0221605, -12.0300137], [-77.0222993, -12.0299321], [-77.0226741, -12.0296705], [-77.0230498, -12.0294284], [-77.0231757, -12.0293519], [-77.0232862, -12.0293013], [-77.0234665, -12.0292512], [-77.0235742, -12.029235], [-77.0236818, -12.0292187], [-77.0238138, -12.0292187], [-77.0239495, -12.0292345], [-77.0240754, -12.0292482], [-77.0241992, -12.02928], [-77.0243174, -12.0293208], [-77.0244323, -12.0293721], [-77.0245019, -12.0294064], [-77.0245563, -12.0294371], [-77.0246444, -12.0294872], [-77.0255577, -12.0301408], [-77.0257963, -12.0303115], [-77.0259219, -12.0304051], [-77.0264937, -12.0308404], [-77.0275075, -12.03162], [-77.0275105, -12.0316223], [-77.0276401, -12.0317216], [-77.0277047, -12.0317755], [-77.0277693, -12.0318293], [-77.0278789, -12.0319448], [-77.0279224, -12.0319901], [-77.0279589, -12.032028], [-77.028215, -12.0323268], [-77.0284134, -12.032592], [-77.0285193, -12.0327519], [-77.0286002, -12.032876], [-77.0288152, -12.0332113], [-77.0288662, -12.0332859], [-77.0289833, -12.0334668], [-77.0291903, -12.0337865], [-77.0296023, -12.0344226], [-77.029736, -12.034629], [-77.0297747, -12.0346888], [-77.0298094, -12.0347458], [-77.0298523, -12.0348164], [-77.0299097, -12.0349069], [-77.030229, -12.0354098], [-77.0304409, -12.0357435], [-77.0308378, -12.0363687], [-77.0309475, -12.0365415], [-77.0309725, -12.0365809], [-77.0310979, -12.0367785], [-77.0315707, -12.0375232], [-77.0315986, -12.0375671], [-77.0317721, -12.0378404], [-77.0320564, -12.0382882], [-77.0322069, -12.0385253], [-77.032251, -12.0385947], [-77.0322768, -12.0386354], [-77.032335, -12.038727], [-77.0323521, -12.0387532], [-77.0324471, -12.0388859], [-77.0328727, -12.0395424], [-77.032938, -12.0396378], [-77.0329749, -12.0396913], [-77.0330066, -12.0397393], [-77.0336737, -12.0407081], [-77.0343785, -12.0417312], [-77.0345554, -12.0419976], [-77.0347478, -12.042285], [-77.03487, -12.0424661], [-77.0348934, -12.042496], [-77.0349939, -12.0425116], [-77.0350426, -12.042583], [-77.0350611, -12.0426123], [-77.0352877, -12.0429426], [-77.0355598, -12.0433415], [-77.0355944, -12.0433923], [-77.0356021, -12.0434038], [-77.0356362, -12.0434536], [-77.0356621, -12.0434907], [-77.0356746, -12.0435093], [-77.0360394, -12.0440384], [-77.0362234, -12.0443066], [-77.036236, -12.0443257], [-77.0362647, -12.044369], [-77.0363007, -12.0444238], [-77.0365927, -12.0442405], [-77.0368097, -12.0441043], [-77.0370499, -12.0439535], [-77.0370674, -12.0439771], [-77.0374478, -12.0444891], [-77.0377243, -12.0448612], [-77.037774, -12.0449282], [-77.0371654, -12.045275], [-77.0370696, -12.0453326], [-77.0369907, -12.0453788], [-77.0369749, -12.045387], [-77.0369244, -12.045416], [-77.036845, -12.0454668], [-77.0368098, -12.0454885], [-77.0367648, -12.0454249], [-77.0363091, -12.0447566], [-77.0361957, -12.0445904], [-77.036168, -12.0445479], [-77.0361472, -12.0445168], [-77.0360831, -12.0444305], [-77.0356257, -12.0437485], [-77.0355777, -12.0436756], [-77.0355252, -12.0436011], [-77.0354873, -12.043549], [-77.0354422, -12.0434876], [-77.0352076, -12.0431416], [-77.034927, -12.0427377], [-77.0348918, -12.0426915], [-77.0348367, -12.0426063], [-77.0344608, -12.0420581], [-77.0335657, -12.0407524], [-77.0329343, -12.0398314], [-77.0329019, -12.0398017], [-77.0328803, -12.0397796], [-77.0328602, -12.0397591], [-77.0325635, -12.0393269], [-77.0324056, -12.0390914], [-77.0323215, -12.0389717], [-77.0322774, -12.0389098], [-77.0322109, -12.0388198], [-77.0321523, -12.0387283], [-77.0318755, -12.038296], [-77.031855, -12.038264], [-77.0317638, -12.0381214], [-77.031645, -12.0379359], [-77.0311587, -12.0371764], [-77.0310456, -12.0369997], [-77.0309356, -12.0368278], [-77.0308878, -12.0367532], [-77.0308651, -12.0367177], [-77.0308322, -12.0366663], [-77.0307483, -12.0365353], [-77.0303153, -12.0358591], [-77.0298884, -12.0351922], [-77.0298563, -12.0351413], [-77.0297627, -12.0349975], [-77.0297392, -12.0349614], [-77.0297157, -12.0349253], [-77.0296286, -12.0347914], [-77.0295842, -12.0347231], [-77.0294895, -12.0345776], [-77.0293359, -12.0343415], [-77.0291781, -12.0340989], [-77.0288534, -12.0335997], [-77.028821, -12.0335498], [-77.0287952, -12.0335102], [-77.0287195, -12.0333943], [-77.0285894, -12.0331935], [-77.0284133, -12.032923], [-77.0284013, -12.032905], [-77.0283413, -12.0328151], [-77.0282698, -12.032708], [-77.0282361, -12.0326605], [-77.0282051, -12.0326221], [-77.0281434, -12.0325491], [-77.0281124, -12.0325125], [-77.0280415, -12.03243], [-77.0278494, -12.0322065], [-77.027805, -12.0321548], [-77.0277362, -12.0320705], [-77.0276386, -12.031952], [-77.0275268, -12.0318508], [-77.0274629, -12.0317954], [-77.0273406, -12.0316943], [-77.0272021, -12.0315815], [-77.0262983, -12.030846], [-77.0262065, -12.0307713], [-77.0258414, -12.0304742], [-77.025719, -12.0303839], [-77.0255952, -12.0302942], [-77.0247657, -12.0296931], [-77.0246778, -12.0296366], [-77.024653, -12.02962], [-77.0245938, -12.0295804], [-77.0244994, -12.029525], [-77.0244097, -12.0294794], [-77.0242965, -12.029434], [-77.0241938, -12.0293992], [-77.0240999, -12.0293695], [-77.0240122, -12.0293555], [-77.0239279, -12.029347], [-77.0238158, -12.0293426], [-77.0236948, -12.0293414], [-77.0236043, -12.0293512], [-77.023467, -12.0293768], [-77.0233523, -12.0294075], [-77.0232607, -12.0294448], [-77.0232039, -12.0294729], [-77.0231471, -12.029501], [-77.0230882, -12.0295356], [-77.0230308, -12.0295793], [-77.0223314, -12.0300931], [-77.0221778, -12.0302065], [-77.022006, -12.0302879], [-77.0219325, -12.0303144], [-77.021895, -12.0303251], [-77.0218424, -12.0303402], [-77.0217851, -12.0303456], [-77.021735, -12.0303504], [-77.0216248, -12.030355], [-77.0214549, -12.0303489], [-77.0212563, -12.0303113], [-77.0212142, -12.0303014], [-77.0211511, -12.0302866], [-77.0210879, -12.0302717], [-77.0206793, -12.0300904], [-77.0199995, -12.0297886], [-77.0196937, -12.0296619], [-77.0195795, -12.0296047], [-77.0194832, -12.0295526], [-77.0189629, -12.0292116], [-77.0189136, -12.0291814], [-77.018857, -12.0291467], [-77.0187734, -12.0291101], [-77.0187152, -12.0290859], [-77.0186729, -12.0290701], [-77.0186465, -12.0290655], [-77.0186328, -12.0290632], [-77.018587, -12.0290563], [-77.0185445, -12.0290516], [-77.018524, -12.0290501], [-77.0184924, -12.0290477], [-77.0184441, -12.0290489], [-77.0183222, -12.0290572], [-77.0182238, -12.0291073], [-77.0182114, -12.0291136], [-77.0179685, -12.0292372], [-77.0178522, -12.0293015], [-77.017708, -12.0293687], [-77.0176724, -12.0293756], [-77.0176204, -12.0293785], [-77.0172879, -12.0293406], [-77.0171193, -12.0293214], [-77.0164362, -12.0292403], [-77.0162655, -12.0292213], [-77.0157856, -12.029167], [-77.0152597, -12.0290931], [-77.0151376, -12.0290696], [-77.0150529, -12.0290604], [-77.0149778, -12.0290462], [-77.0148919, -12.0290313], [-77.0148367, -12.0290138], [-77.0145734, -12.0289416], [-77.0143191, -12.0288773], [-77.014025, -12.0288085], [-77.0137759, -12.0287492], [-77.0136098, -12.02872], [-77.0131123, -12.0286392], [-77.0125421, -12.0285631], [-77.0122915, -12.0285358], [-77.0121753, -12.0285231], [-77.0120867, -12.028513], [-77.0120735, -12.0285115], [-77.0118823, -12.0284896], [-77.0117451, -12.0284698], [-77.0116815, -12.028466], [-77.0116164, -12.0284627], [-77.0114379, -12.0284858], [-77.0114153, -12.0284595], [-77.0113935, -12.0284378], [-77.0113705, -12.0284213], [-77.011351, -12.0284035], [-77.0113359, -12.0283759], [-77.0112309, -12.0281149], [-77.0111148, -12.0278313], [-77.0110707, -12.0277235], [-77.0108643, -12.027271], [-77.0107492, -12.0270149], [-77.0106096, -12.0267029], [-77.0104433, -12.0263649], [-77.0104115, -12.0263037], [-77.0103765, -12.0262416], [-77.0103241, -12.0261596], [-77.0102862, -12.0261111], [-77.0102268, -12.0260399], [-77.0101723, -12.0259771], [-77.0100995, -12.0258839], [-77.010034, -12.0257999], [-77.0099631, -12.0257136], [-77.0093966, -12.0250762], [-77.0093216, -12.0249968], [-77.007926, -12.0235194], [-77.0078731, -12.0234634], [-77.0078335, -12.0234215], [-77.007806, -12.0233923], [-77.0077307, -12.0233052], [-77.0076842, -12.0232562], [-77.0076452, -12.0232151], [-77.0061168, -12.021604], [-77.0051867, -12.0206155], [-77.0051369, -12.0205629], [-77.0050981, -12.0205241], [-77.0049906, -12.0204166], [-77.0047864, -12.0202124], [-77.0045843, -12.0200332], [-77.0044095, -12.0198848], [-77.0042623, -12.0197596], [-77.0040469, -12.0196095], [-77.0039034, -12.0195219], [-77.0037107, -12.0193836], [-77.0035614, -12.0192565], [-77.0033995, -12.0191111], [-77.0032447, -12.0189485], [-77.0031147, -12.0187923], [-77.0029697, -12.0186144], [-77.0028616, -12.0184869], [-77.0027771, -12.0183789], [-77.0026814, -12.0182508], [-77.0026298, -12.018187], [-77.0025946, -12.0181417], [-77.0025269, -12.018053], [-77.0024246, -12.0179238], [-77.0023486, -12.0178326], [-77.0021453, -12.0175516], [-77.0021012, -12.017487], [-77.0020564, -12.0173437], [-77.002035, -12.0172912], [-77.0019907, -12.0171983], [-77.0019524, -12.0171131], [-77.0019186, -12.0170325], [-77.0018907, -12.0169574], [-77.0018615, -12.0168609], [-77.001841, -12.0167746], [-77.0018034, -12.0166126], [-77.0017814, -12.0165023], [-77.0017792, -12.0164828], [-77.0017664, -12.0163674], [-77.0017569, -12.0162641], [-77.0017481, -12.0161632], [-77.0017475, -12.0160402], [-77.0017709, -12.0156387], [-77.0017772, -12.0155268], [-77.0017819, -12.0154439], [-77.0017956, -12.0151444], [-77.0018616, -12.0142069], [-77.001899, -12.0135067], [-77.0019104, -12.0132904], [-77.0019118, -12.0132645], [-77.0019144, -12.0132173], [-77.0019188, -12.0131673], [-77.0019241, -12.0131079], [-77.0019283, -12.0130646], [-77.0019659, -12.0126807], [-77.0020047, -12.0124288], [-77.0020671, -12.01216], [-77.0021196, -12.0119864], [-77.0021899, -12.0118131], [-77.0022577, -12.01165], [-77.0023411, -12.0114843], [-77.0024323, -12.0113237], [-77.0026499, -12.0109744], [-77.0037088, -12.0093182], [-77.0043615, -12.0082902], [-77.0046463, -12.0078518], [-77.0049532, -12.0073695], [-77.0054101, -12.0066531], [-77.0054294, -12.0066229], [-77.0055826, -12.0063824], [-77.0056522, -12.0062735], [-77.0057354, -12.0061435], [-77.0057628, -12.0061006], [-77.0057712, -12.0060874], [-77.0058028, -12.006038], [-77.0058355, -12.0059868], [-77.0058907, -12.0059022], [-77.0059159, -12.0058635], [-77.005973, -12.0057746], [-77.0059943, -12.0057414], [-77.0076725, -12.0031312], [-77.0077723, -12.0029728], [-77.0078099, -12.0029171], [-77.0079571, -12.002656], [-77.0080304, -12.0025026], [-77.0080843, -12.0023831], [-77.0081466, -12.0022196], [-77.0081873, -12.002096], [-77.0082322, -12.0019705], [-77.0083422, -12.001596], [-77.0083638, -12.0015155], [-77.0083843, -12.001443], [-77.0088166, -11.9998365], [-77.0094802, -11.9973781], [-77.0094923, -11.9973331], [-77.0094992, -11.9973075], [-77.0095127, -11.9972573], [-77.009538, -11.9971614], [-77.0095614, -11.9970838], [-77.0095802, -11.9970213], [-77.009587, -11.9969987], [-77.0097035, -11.9966114], [-77.0098525, -11.9961158], [-77.0098765, -11.9960356], [-77.0106187, -11.9935735], [-77.0106336, -11.993524], [-77.0106512, -11.9934655], [-77.0106802, -11.9933633], [-77.0106898, -11.9933312], [-77.0107064, -11.993276], [-77.0108809, -11.9926959], [-77.0109377, -11.9924386], [-77.0109715, -11.992218], [-77.0109924, -11.9920028], [-77.0109989, -11.9918223], [-77.0109924, -11.9916174], [-77.0109784, -11.9914041], [-77.010949, -11.9911907], [-77.0108827, -11.9908114], [-77.0108383, -11.9905706], [-77.0107915, -11.9903576], [-77.0107557, -11.9902113], [-77.0107471, -11.9901866], [-77.0107155, -11.990075], [-77.0106923, -11.9900018], [-77.0106519, -11.989912], [-77.0106105, -11.9898264], [-77.0105322, -11.9896645], [-77.0104579, -11.9895289], [-77.0103539, -11.9893392], [-77.0102172, -11.9891288], [-77.010092, -11.9889605], [-77.0099323, -11.9887921], [-77.0097226, -11.9885972], [-77.009474, -11.9883844], [-77.0085207, -11.9875612], [-77.0082423, -11.9873188], [-77.0079364, -11.9870348], [-77.0077557, -11.9868752], [-77.0075762, -11.9867064], [-77.0073987, -11.9865182], [-77.0072447, -11.9863211], [-77.0071374, -11.9861557], [-77.0070233, -11.9859801], [-77.0069246, -11.9858008], [-77.0068118, -11.9855585], [-77.0067081, -11.98522], [-77.0066725, -11.9851037], [-77.0066454, -11.9850152], [-77.0066255, -11.9849378], [-77.0065774, -11.9847798], [-77.0065441, -11.9846829], [-77.0065241, -11.9846248], [-77.0064641, -11.9844503], [-77.0060094, -11.9829766], [-77.0054244, -11.9812752], [-77.0054126, -11.9812413], [-77.0052869, -11.9808803], [-77.0051453, -11.9804707], [-77.0050709, -11.9802771], [-77.0049566, -11.980035], [-77.0048848, -11.9798866], [-77.0047319, -11.9795703], [-77.0046235, -11.9793461], [-77.0044945, -11.9790792], [-77.0043763, -11.9788704], [-77.0041986, -11.9785889], [-77.0038432, -11.9781074], [-77.0032131, -11.9772389], [-77.0030785, -11.9770683], [-77.0030457, -11.9770301], [-77.0029684, -11.9769402], [-77.0028341, -11.9768215], [-77.0025866, -11.9766323], [-77.0021747, -11.9763249], [-77.0020553, -11.9762358], [-77.0019396, -11.9761495], [-77.0017608, -11.976016], [-77.0016563, -11.975938], [-77.0015537, -11.9758615], [-77.0005699, -11.9752066], [-77.0003847, -11.9750849], [-77.0002806, -11.9750159], [-77.0001678, -11.9749419], [-77.0000934, -11.9748883], [-76.9991695, -11.974222], [-76.998196, -11.9734871], [-76.9981315, -11.9734384], [-76.9972239, -11.9727743], [-76.9969286, -11.9725603], [-76.996786, -11.9724471], [-76.9967187, -11.9723932], [-76.9966487, -11.9723272], [-76.9966159, -11.9722945], [-76.9965408, -11.9722243], [-76.9964474, -11.9721288], [-76.9963174, -11.9720082], [-76.9960447, -11.9717168], [-76.9958163, -11.9714272], [-76.9954149, -11.9708826], [-76.9951224, -11.9704767], [-76.9948597, -11.9701179], [-76.9940534, -11.9690217], [-76.9940221, -11.9689811], [-76.9939457, -11.9688886], [-76.9938586, -11.9687882], [-76.9938075, -11.9687196], [-76.9935624, -11.9684183], [-76.9931742, -11.9679116], [-76.9930266, -11.9677017], [-76.9928895, -11.9674904], [-76.9926524, -11.9671522], [-76.9925976, -11.967069], [-76.9925336, -11.9669708], [-76.9920662, -11.9663164], [-76.9917351, -11.9658637], [-76.9911602, -11.9650629], [-76.9908987, -11.9646989], [-76.9904876, -11.9641273], [-76.9899607, -11.9633939], [-76.9897461, -11.9630875], [-76.9896425, -11.9629403], [-76.9889624, -11.9619844], [-76.9888393, -11.9618024], [-76.9887969, -11.9617434], [-76.9885251, -11.9613958], [-76.9884244, -11.9612602], [-76.9882327, -11.9609658], [-76.9881122, -11.9607956], [-76.9880217, -11.9606679], [-76.9874551, -11.9598678], [-76.9874114, -11.9598015], [-76.9873289, -11.9596765], [-76.9872872, -11.9596132], [-76.9869727, -11.9591287], [-76.9869101, -11.9590323], [-76.9868317, -11.9589164], [-76.9867968, -11.9588638], [-76.9867546, -11.9588047], [-76.9866973, -11.9587241], [-76.9866302, -11.9586279], [-76.9860847, -11.9578529], [-76.985999, -11.9577311], [-76.9859528, -11.9576685], [-76.9854857, -11.9569639], [-76.9854104, -11.9568259], [-76.9853623, -11.9566671], [-76.9853485, -11.9564921], [-76.9853705, -11.9563376], [-76.9854177, -11.9562002], [-76.9855144, -11.9560105], [-76.9857088, -11.9556191], [-76.986032, -11.9549682], [-76.986633, -11.9537163], [-76.9870925, -11.952814], [-76.9871331, -11.9527175], [-76.9871651, -11.9526413], [-76.9873645, -11.9522349], [-76.9874613, -11.9520216], [-76.987495, -11.9519059], [-76.9875096, -11.9518164], [-76.987512, -11.9517085], [-76.9875009, -11.9515921], [-76.9874839, -11.9515088], [-76.9874404, -11.9513765], [-76.9873861, -11.9512843], [-76.9873255, -11.9511925], [-76.9872661, -11.9511014], [-76.9871382, -11.9509051], [-76.9871228, -11.9508787], [-76.987024, -11.950736], [-76.986983, -11.9506768], [-76.9867417, -11.9503285], [-76.9857726, -11.9489352], [-76.9849866, -11.9478211], [-76.9849385, -11.9477458], [-76.9849038, -11.947695], [-76.9848524, -11.9476174], [-76.9839242, -11.9462563], [-76.9834326, -11.9455467], [-76.9826972, -11.9444838], [-76.9821915, -11.9437578], [-76.9820316, -11.943508], [-76.9819713, -11.9434257], [-76.9819397, -11.9433866], [-76.9811467, -11.9422236], [-76.9805132, -11.9413351], [-76.9803495, -11.9410852], [-76.979762, -11.9402441], [-76.9797154, -11.9401871], [-76.9796131, -11.9400839], [-76.9795208, -11.9400057], [-76.9793468, -11.9398645], [-76.9792244, -11.939774], [-76.9791168, -11.9397016], [-76.9788514, -11.9395589], [-76.9785878, -11.9394524], [-76.9783593, -11.9393812], [-76.9769479, -11.9389801], [-76.9767984, -11.9389425], [-76.9753372, -11.9385167], [-76.9751197, -11.9384556], [-76.9749552, -11.9384182], [-76.9748111, -11.9383985], [-76.9746902, -11.9383931], [-76.9745874, -11.9383987], [-76.974514, -11.9384086], [-76.974394, -11.9384329], [-76.973922, -11.9385933], [-76.9737046, -11.9386633], [-76.9735129, -11.9387345], [-76.9733611, -11.9387908], [-76.9731751, -11.9388445], [-76.9730941, -11.9388605], [-76.9729943, -11.938865], [-76.9729226, -11.938861], [-76.972866, -11.9388499], [-76.9727801, -11.9388208], [-76.9727123, -11.9387847], [-76.9726512, -11.9387466], [-76.972602, -11.9387051], [-76.9725458, -11.9386457], [-76.9724979, -11.9385878], [-76.9721094, -11.938035], [-76.9720582, -11.9379557], [-76.9720206, -11.9378972], [-76.9716785, -11.9374125], [-76.9713594, -11.9369429], [-76.9713051, -11.9368613], [-76.9712564, -11.9367907], [-76.9712223, -11.9367417], [-76.9705057, -11.9357121], [-76.9704526, -11.9356357], [-76.9697189, -11.9345857]]]}}, {"type": "Feature", "properties": {"linea": "corredor_azul", "nombre": "Corredor Azul 306 (Corredor Azul 306 -> Javier Prado)", "ref": "306", "osm_id": 13572648}, "geometry": {"type": "LineString", "coordinates": [[-77.0360189, -12.0074833], [-77.0359723, -12.0075346], [-77.03579, -12.0077326], [-77.0357567, -12.0077755], [-77.0354948, -12.0080983], [-77.0353519, -12.0082744], [-77.0345228, -12.0092655], [-77.0344363, -12.0093668], [-77.0343873, -12.0094262], [-77.0341114, -12.0097601], [-77.0338956, -12.0100213], [-77.0336423, -12.0103322], [-77.0332464, -12.0108001], [-77.0328124, -12.0113092], [-77.0326316, -12.0115213], [-77.0326124, -12.0115439], [-77.0325939, -12.0115655], [-77.0325235, -12.0116545], [-77.0324506, -12.0117467], [-77.0323425, -12.0118971], [-77.0320948, -12.0122803], [-77.0319813, -12.0124554], [-77.0319055, -12.0125928], [-77.0318525, -12.0126979], [-77.0317801, -12.0128338], [-77.0316495, -12.0130892], [-77.0314885, -12.0134267], [-77.0314351, -12.0135428], [-77.0313566, -12.0137132], [-77.0313335, -12.0137635], [-77.0313123, -12.0138097], [-77.0312919, -12.013854], [-77.0309943, -12.0145005], [-77.0305594, -12.0154743], [-77.0304643, -12.0156872], [-77.0303718, -12.0158942], [-77.0301392, -12.0164189], [-77.0300969, -12.0165142], [-77.0304415, -12.0166587], [-77.0304973, -12.0166896], [-77.0310089, -12.0171953], [-77.0309245, -12.017221], [-77.0304638, -12.0173613], [-77.0299073, -12.0175307], [-77.029783, -12.0175783], [-77.0296477, -12.017637], [-77.0295345, -12.0177109], [-77.0294252, -12.0178085], [-77.0293161, -12.0179017], [-77.0291959, -12.0180359], [-77.02912, -12.0181287], [-77.0288898, -12.0183865], [-77.0287783, -12.018531], [-77.0286925, -12.0186491], [-77.0286315, -12.0187477], [-77.028561, -12.0189154], [-77.0285162, -12.0189702], [-77.0285442, -12.0190161], [-77.0285556, -12.0190804], [-77.0285489, -12.0192723], [-77.0285478, -12.0193238], [-77.0285433, -12.019367], [-77.028534, -12.0194025], [-77.0284724, -12.0195341], [-77.028395, -12.0196947], [-77.0283757, -12.0197484], [-77.0283727, -12.0197995], [-77.0284011, -12.0198492], [-77.028463, -12.0199307], [-77.0285807, -12.0200371], [-77.0286496, -12.0201021], [-77.029554, -12.0210238], [-77.0296565, -12.0211308], [-77.0299587, -12.0214489], [-77.0300008, -12.0214932], [-77.0303943, -12.0218898], [-77.0306759, -12.0221779], [-77.0307687, -12.0222847], [-77.0308189, -12.0223723], [-77.0309544, -12.0226085], [-77.0311291, -12.0228891], [-77.031168, -12.0229537], [-77.0313526, -12.0231658], [-77.0315544, -12.0233827], [-77.0315806, -12.0234109], [-77.0316342, -12.0234685], [-77.0317321, -12.0235744], [-77.0321473, -12.0240247], [-77.0326396, -12.0245585], [-77.0332582, -12.0252286], [-77.0338479, -12.0258634], [-77.0340194, -12.0260485], [-77.0340903, -12.0261251], [-77.0341379, -12.0261779], [-77.0341686, -12.0262112], [-77.0341834, -12.0262272], [-77.0342282, -12.0262758], [-77.03413, -12.0263609], [-77.0337804, -12.0266824], [-77.0337441, -12.026713], [-77.0334973, -12.0269368], [-77.0334224, -12.0270047], [-77.0333237, -12.0270888], [-77.0332656, -12.02714], [-77.0331336, -12.0272597], [-77.0329207, -12.027451], [-77.0325345, -12.0277981], [-77.0324862, -12.0278415], [-77.0322176, -12.0280835], [-77.0320302, -12.0282526], [-77.0318871, -12.0283804], [-77.0315677, -12.0286659], [-77.0314602, -12.0287608], [-77.0314477, -12.0287732], [-77.0313809, -12.0288329], [-77.0312434, -12.0289558], [-77.0309795, -12.0291912], [-77.0306944, -12.0294455], [-77.0306287, -12.0295052], [-77.0298346, -12.030208], [-77.02979, -12.0302473], [-77.0297396, -12.0302914], [-77.0296714, -12.0303572], [-77.02959, -12.0304331], [-77.0293417, -12.0306537], [-77.0290403, -12.0309211], [-77.0287941, -12.0311399], [-77.0285893, -12.0313182], [-77.028334, -12.0315461], [-77.0280886, -12.0317613], [-77.0280049, -12.0318344], [-77.0279605, -12.0318733], [-77.0278789, -12.0319448], [-77.0279224, -12.0319901], [-77.0279589, -12.032028], [-77.028215, -12.0323268], [-77.0284134, -12.032592], [-77.0285193, -12.0327519], [-77.0286002, -12.032876], [-77.0288152, -12.0332113], [-77.0288662, -12.0332859], [-77.0289833, -12.0334668], [-77.0291903, -12.0337865], [-77.0296023, -12.0344226], [-77.029736, -12.034629], [-77.0297747, -12.0346888], [-77.0298094, -12.0347458], [-77.0298523, -12.0348164], [-77.0299097, -12.0349069], [-77.030229, -12.0354098], [-77.0304409, -12.0357435], [-77.0308378, -12.0363687], [-77.0309475, -12.0365415], [-77.0309725, -12.0365809], [-77.0310979, -12.0367785], [-77.0315707, -12.0375232], [-77.0315986, -12.0375671], [-77.0317721, -12.0378404], [-77.0320564, -12.0382882], [-77.0322069, -12.0385253], [-77.032251, -12.0385947], [-77.0322768, -12.0386354], [-77.032335, -12.038727], [-77.0323521, -12.0387532], [-77.0324471, -12.0388859], [-77.0328727, -12.0395424], [-77.032938, -12.0396378], [-77.0329749, -12.0396913], [-77.0330066, -12.0397393], [-77.0336737, -12.0407081], [-77.0343785, -12.0417312], [-77.0345554, -12.0419976], [-77.0347478, -12.042285], [-77.03487, -12.0424661], [-77.0348934, -12.042496], [-77.0349939, -12.0425116], [-77.0350426, -12.042583], [-77.0350611, -12.0426123], [-77.0352877, -12.0429426], [-77.0355598, -12.0433415], [-77.0355944, -12.0433923], [-77.0356021, -12.0434038], [-77.0356362, -12.0434536], [-77.0356621, -12.0434907], [-77.0356746, -12.0435093], [-77.0360394, -12.0440384], [-77.0362234, -12.0443066], [-77.036236, -12.0443257], [-77.0362647, -12.044369], [-77.0363007, -12.0444238], [-77.036318, -12.0444477], [-77.0363225, -12.0444549], [-77.0363411, -12.0444815], [-77.0364353, -12.0446208], [-77.0366811, -12.0449733], [-77.0367623, -12.0450898], [-77.0368928, -12.0452711], [-77.0369291, -12.0453215], [-77.0369384, -12.0453347], [-77.0369749, -12.045387], [-77.0370041, -12.0454277], [-77.0370321, -12.0454689], [-77.0372894, -12.0458406], [-77.0374196, -12.0460287], [-77.0374258, -12.0460377], [-77.0375109, -12.0461607], [-77.0375343, -12.0461958], [-77.0375455, -12.0462104], [-77.0375766, -12.0462551], [-77.0375995, -12.046286], [-77.0376365, -12.0463391], [-77.0376585, -12.0463717], [-77.037672, -12.0463924], [-77.037694, -12.0464255], [-77.0381128, -12.0470419], [-77.038199, -12.0471711], [-77.0382221, -12.0472057], [-77.0382433, -12.0472341], [-77.0382641, -12.0472669], [-77.0382865, -12.0472998], [-77.0383121, -12.0473375], [-77.0384623, -12.0475532], [-77.039005, -12.0483326], [-77.0391114, -12.0485062], [-77.0391437, -12.0485589], [-77.0391609, -12.0485972], [-77.0391641, -12.0486095], [-77.0391664, -12.0486249], [-77.039167, -12.0486408], [-77.0391656, -12.0486596], [-77.0391536, -12.0487089], [-77.0391359, -12.0487809], [-77.0391167, -12.0488777], [-77.0391097, -12.0489186], [-77.0391042, -12.0489551], [-77.0390874, -12.0490672], [-77.0389268, -12.0503009], [-77.0388994, -12.0505111], [-77.0388866, -12.0506095], [-77.0388538, -12.0509221], [-77.0388478, -12.0509788], [-77.0388376, -12.0510596], [-77.0388308, -12.0511138], [-77.038827, -12.0511535], [-77.0387855, -12.0515223], [-77.0387747, -12.0516071], [-77.0387671, -12.0516709], [-77.038736, -12.0519334], [-77.038715, -12.052107], [-77.0386235, -12.0527745], [-77.0385771, -12.053151], [-77.0385575, -12.0533085], [-77.0384966, -12.0539541], [-77.038487, -12.0540621], [-77.038477, -12.0541706], [-77.0384719, -12.054227], [-77.0384664, -12.0542936], [-77.0383503, -12.0556837], [-77.038337, -12.0558287], [-77.0383306, -12.0559022], [-77.0383263, -12.0559672], [-77.0383211, -12.0560327], [-77.0382547, -12.0568725], [-77.0382212, -12.0573005], [-77.0382126, -12.0574101], [-77.0382069, -12.0574717], [-77.0381827, -12.057739], [-77.0381786, -12.0577901], [-77.0381772, -12.0578165], [-77.0381698, -12.0579107], [-77.0381669, -12.0579475], [-77.0381596, -12.0580423], [-77.0381549, -12.0581064], [-77.0380921, -12.0588771], [-77.0380312, -12.0596367], [-77.0380263, -12.0596976], [-77.0380132, -12.0598293], [-77.03799, -12.0600521], [-77.0379838, -12.060125], [-77.0379203, -12.0609297], [-77.0379047, -12.0611434], [-77.0378628, -12.0612603], [-77.0378565, -12.0613432], [-77.0378434, -12.0615396], [-77.0378296, -12.0616938], [-77.0378194, -12.0618276], [-77.0378074, -12.0619506], [-77.0377853, -12.0621713], [-77.0377347, -12.0623309], [-77.0375873, -12.06395], [-77.0375822, -12.0640055], [-77.0375483, -12.0642746], [-77.0374469, -12.0648975], [-77.037251, -12.066167], [-77.0372168, -12.0665187], [-77.0372048, -12.0667475], [-77.0371837, -12.0669048], [-77.0371806, -12.0669278], [-77.0371789, -12.0669406], [-77.0371695, -12.0670148], [-77.037161, -12.0670812], [-77.0371182, -12.0674109], [-77.0369994, -12.068251], [-77.0369891, -12.0683181], [-77.0369744, -12.0684057], [-77.0367942, -12.069568], [-77.0367848, -12.0696365], [-77.0367477, -12.0698914], [-77.0366901, -12.0702517], [-77.0366741, -12.0703575], [-77.0366365, -12.070607], [-77.0366083, -12.0707934], [-77.0365275, -12.0713286], [-77.0363727, -12.0723538], [-77.0363653, -12.0724029], [-77.0363475, -12.0725206], [-77.0362195, -12.073368], [-77.0362082, -12.0734436], [-77.0361983, -12.0735087], [-77.0361918, -12.0735522], [-77.0361543, -12.0738003], [-77.0361261, -12.0739869], [-77.0360702, -12.0743571], [-77.0360589, -12.0744323], [-77.0360521, -12.0744772], [-77.0360401, -12.0745567], [-77.0360261, -12.0746495], [-77.0358948, -12.0755187], [-77.0358851, -12.0755829], [-77.0358744, -12.0756538], [-77.0358722, -12.0756685], [-77.0358294, -12.0759521], [-77.0357826, -12.076262], [-77.0357202, -12.0766755], [-77.0355616, -12.0777257], [-77.0354296, -12.078618], [-77.0353143, -12.0793981], [-77.0352723, -12.0796819], [-77.0351323, -12.0806287], [-77.0351232, -12.0806903], [-77.0351132, -12.0807577], [-77.035099, -12.0808535], [-77.0350277, -12.081336], [-77.0350216, -12.0813771], [-77.0349361, -12.0819553], [-77.0348727, -12.0823837], [-77.0348602, -12.0824682], [-77.0348491, -12.0825435], [-77.0347953, -12.0829071], [-77.0347476, -12.0832299], [-77.0347192, -12.0834219], [-77.0347058, -12.0835123], [-77.0346938, -12.0835937], [-77.0345565, -12.0845341], [-77.0345509, -12.0845726], [-77.0345398, -12.0846471], [-77.0345258, -12.084723], [-77.0344614, -12.0851657], [-77.0344512, -12.0852356], [-77.0343828, -12.0857051], [-77.0342929, -12.0863431], [-77.0342733, -12.0864748], [-77.0342465, -12.0866541], [-77.034214, -12.0868805], [-77.034203, -12.0869569], [-77.0341907, -12.0870456], [-77.0340632, -12.0879586], [-77.0340527, -12.0880342], [-77.0340197, -12.0882715], [-77.0340717, -12.0883841], [-77.0341195, -12.0884453], [-77.0341571, -12.0884728], [-77.0341967, -12.0884892], [-77.0342737, -12.0885158], [-77.0345826, -12.08856], [-77.0349419, -12.0886115], [-77.035027, -12.0886237], [-77.0350056, -12.0887443], [-77.0349933, -12.0888256], [-77.0349257, -12.0892621], [-77.0348317, -12.0899383], [-77.0348241, -12.0899908], [-77.0348112, -12.0900798], [-77.0348017, -12.0901453], [-77.0347546, -12.0904699], [-77.0347217, -12.0906971], [-77.0347082, -12.0907985], [-77.034697, -12.0908726], [-77.0345349, -12.0920044], [-77.0345043, -12.092227], [-77.0345008, -12.0922495], [-77.0344844, -12.0923573]]}}, {"type": "Feature", "properties": {"linea": "corredor_morado", "nombre": "Corredor Morado 405 (Corredor Morado 405 → Javier Prado)", "ref": "405", "osm_id": 13572816}, "geometry": {"type": "MultiLineString", "coordinates": [[[-76.9872651, -11.9507756], [-76.98743, -11.9510122], [-76.9875265, -11.9511675], [-76.987585, -11.9512856], [-76.9876333, -11.951415], [-76.9876652, -11.9515765], [-76.987676, -11.9517045], [-76.9876803, -11.9517554], [-76.9876665, -11.9519077], [-76.9876349, -11.9520458], [-76.9875188, -11.9523094], [-76.987194, -11.9529552], [-76.9865024, -11.9543855], [-76.9860256, -11.9553715], [-76.9857971, -11.9558442], [-76.9856571, -11.9561338], [-76.9856332, -11.9561832], [-76.985559, -11.9563492], [-76.9855279, -11.9564856], [-76.9855323, -11.956631], [-76.9855691, -11.9567598], [-76.9856484, -11.9568939], [-76.9860787, -11.957525], [-76.9862254, -11.9577568], [-76.986765, -11.9585301], [-76.986894, -11.9587061], [-76.9870079, -11.9588698], [-76.9870569, -11.9589371], [-76.9873936, -11.9593927], [-76.9874724, -11.9595061], [-76.9875346, -11.9595946], [-76.98826, -11.9606467], [-76.9884076, -11.9608559], [-76.9889651, -11.9616901], [-76.9895929, -11.9625993], [-76.9897683, -11.9628589], [-76.9904382, -11.9637947], [-76.991024, -11.9646098], [-76.99124, -11.9649206], [-76.9918019, -11.9657002], [-76.992355, -11.9664299], [-76.9924621, -11.9665778], [-76.992677, -11.9668745], [-76.9927464, -11.9669667], [-76.993221, -11.9675719], [-76.9934992, -11.9679599], [-76.9936592, -11.9681853], [-76.9937528, -11.9683172], [-76.9939489, -11.9685911], [-76.9939865, -11.9686466], [-76.9940787, -11.9688085], [-76.9941348, -11.96889], [-76.9952404, -11.9703842], [-76.9959078, -11.9713041], [-76.9960539, -11.9715014], [-76.9963174, -11.9718062], [-76.9964746, -11.9719695], [-76.9965407, -11.9720343], [-76.9966366, -11.9721307], [-76.9967093, -11.9721976], [-76.9967936, -11.9722752], [-76.9969835, -11.9724412], [-76.9972776, -11.9726628], [-76.9982561, -11.9733347], [-76.9990129, -11.9738417], [-76.9996242, -11.9742649], [-76.9998607, -11.9744323], [-77.0000973, -11.9745996], [-77.0002343, -11.9747051], [-77.0003173, -11.974769], [-77.0004048, -11.9748372], [-77.000512, -11.9749168], [-77.0012516, -11.9754655], [-77.0014607, -11.9756206], [-77.0017437, -11.9758171], [-77.0024129, -11.9763048], [-77.0027046, -11.9765169], [-77.0029409, -11.9767163], [-77.0030761, -11.9768485], [-77.0031458, -11.9769281], [-77.0031909, -11.9769796], [-77.0033288, -11.9771474], [-77.0039852, -11.9780085], [-77.0043854, -11.978567], [-77.0045359, -11.9788479], [-77.0047509, -11.9792873], [-77.0048581, -11.9795063], [-77.0049044, -11.9796063], [-77.0050783, -11.9799821], [-77.0051852, -11.9802131], [-77.005265, -11.9803929], [-77.0053131, -11.9805335], [-77.0054174, -11.980838], [-77.0055405, -11.9811971], [-77.0055519, -11.9812305], [-77.0059962, -11.9824977], [-77.0061357, -11.9828955], [-77.0061486, -11.9829323], [-77.0066235, -11.9842061], [-77.0067337, -11.984504], [-77.0067738, -11.9846125], [-77.0068094, -11.9847089], [-77.0068612, -11.9848601], [-77.0068908, -11.9849402], [-77.0069644, -11.9851751], [-77.0070873, -11.9855669], [-77.0071909, -11.9858039], [-77.0072975, -11.9859953], [-77.0074123, -11.986156], [-77.0075294, -11.9863071], [-77.0076574, -11.9864386], [-77.0078145, -11.9865901], [-77.0081212, -11.9868646], [-77.0083495, -11.9870688], [-77.0096123, -11.9881787], [-77.0099963, -11.9885261], [-77.010215, -11.9887555], [-77.0102492, -11.9887979], [-77.0103746, -11.9889531], [-77.010478, -11.9891129], [-77.0105293, -11.9891922], [-77.0105917, -11.9893079], [-77.0106512, -11.9894183], [-77.0107669, -11.9896482], [-77.0108299, -11.9897735], [-77.010874, -11.9898817], [-77.0109144, -11.9899921], [-77.0109848, -11.9902334], [-77.0110751, -11.990647], [-77.011113, -11.9908432], [-77.0111699, -11.9911274], [-77.0112051, -11.9913687], [-77.0112176, -11.9915279], [-77.0112227, -11.9916983], [-77.0112227, -11.9918685], [-77.0112161, -11.9919956], [-77.0112073, -11.99214], [-77.0111941, -11.9922757], [-77.0111677, -11.9924459], [-77.0111412, -11.9925751], [-77.0110983, -11.9927645], [-77.0109119, -11.9934176], [-77.0109029, -11.9934504], [-77.0108928, -11.9934868], [-77.0108188, -11.9937342], [-77.0108115, -11.9937579], [-77.0108019, -11.9937886], [-77.0101119, -11.996078], [-77.0100847, -11.9961693], [-77.0100625, -11.996243], [-77.009897, -11.9967912], [-77.0098147, -11.9970638], [-77.0098091, -11.9970823], [-77.0098027, -11.9971038], [-77.0097906, -11.9971439], [-77.0097654, -11.9972261], [-77.0097379, -11.9973176], [-77.0097285, -11.9973525], [-77.0097252, -11.9973647], [-77.0097182, -11.9973905], [-77.009702, -11.9974506], [-77.0091681, -11.9994254], [-77.0090442, -11.9998871], [-77.0086115, -12.0014986], [-77.0085929, -12.001568], [-77.0085661, -12.0016562], [-77.0084991, -12.0018768], [-77.0084359, -12.0020821], [-77.0083809, -12.0022415], [-77.0083259, -12.002381], [-77.0082717, -12.0025113], [-77.0082118, -12.0026242], [-77.0080563, -12.0028971], [-77.007949, -12.0030778], [-77.0078022, -12.0033317], [-77.0073601, -12.0040412], [-77.0063486, -12.0056248], [-77.0062809, -12.0057309], [-77.0061941, -12.0058668], [-77.0061817, -12.0058862], [-77.0061801, -12.0058887], [-77.0061255, -12.0059742], [-77.0060481, -12.006096], [-77.0059653, -12.0062192], [-77.005943, -12.0062541], [-77.0058934, -12.0063317], [-77.0056531, -12.0066935], [-77.0056283, -12.006733], [-77.0050918, -12.0075706], [-77.0046061, -12.0083296], [-77.0045551, -12.0084054], [-77.0039144, -12.0094104], [-77.0034409, -12.0101544], [-77.0028423, -12.0110961], [-77.0025491, -12.0115699], [-77.0024903, -12.0116788], [-77.0024389, -12.0117803], [-77.0023927, -12.0118957], [-77.0023415, -12.0120311], [-77.002302, -12.0121561], [-77.0022597, -12.0123265], [-77.002224, -12.0124965], [-77.0022019, -12.0126451], [-77.0021795, -12.0128488], [-77.0021568, -12.0130931], [-77.0021517, -12.0131433], [-77.0021468, -12.0131988], [-77.0021428, -12.0132448], [-77.0021387, -12.0133111], [-77.0020052, -12.0154513], [-77.0019945, -12.0156222], [-77.0019744, -12.0160048], [-77.00197, -12.016259], [-77.0019798, -12.0164215], [-77.0019864, -12.0164818], [-77.0019967, -12.0165799], [-77.0020402, -12.0168025], [-77.0020482, -12.0168313], [-77.0020586, -12.0168606], [-77.0020644, -12.016873], [-77.0021794, -12.0171184], [-77.0022766, -12.01732], [-77.0023362, -12.0174063], [-77.0024132, -12.0174887], [-77.0025622, -12.0176764], [-77.0025795, -12.0176978], [-77.0026125, -12.0177399], [-77.0026444, -12.0177804], [-77.0026834, -12.0178303], [-77.002704, -12.0178565], [-77.0027611, -12.0179286], [-77.0028053, -12.017981], [-77.0029224, -12.0181239], [-77.0030117, -12.0182387], [-77.0031606, -12.0184303], [-77.003317, -12.018639], [-77.0033913, -12.0187293], [-77.003518, -12.0188754], [-77.0036146, -12.0189868], [-77.0037474, -12.0191307], [-77.0038708, -12.019283], [-77.0042597, -12.0196036], [-77.0044005, -12.0197133], [-77.0044105, -12.0197211], [-77.0046138, -12.0198795], [-77.0048876, -12.0201294], [-77.0050802, -12.020328], [-77.0051317, -12.0203855], [-77.0052783, -12.0205352], [-77.0062225, -12.0215235], [-77.0068975, -12.022244], [-77.0076515, -12.0230445], [-77.0077477, -12.0231466], [-77.0077763, -12.023177], [-77.0078201, -12.0232226], [-77.0079002, -12.0233098], [-77.0079646, -12.0233777], [-77.0095195, -12.0250075], [-77.0099487, -12.0254637], [-77.0100255, -12.0255454], [-77.0100861, -12.0256061], [-77.0101599, -12.025684], [-77.0102367, -12.0257628], [-77.0103172, -12.0258357], [-77.0104727, -12.0260154], [-77.010549, -12.0261113], [-77.0106121, -12.0262042], [-77.0107168, -12.0263969], [-77.0107628, -12.0264869], [-77.0107883, -12.026537], [-77.0109534, -12.0268555], [-77.0109594, -12.0268706], [-77.0111995, -12.0273938], [-77.0112045, -12.0274046], [-77.011487, -12.0280441], [-77.0116045, -12.0283581], [-77.0116074, -12.0283685], [-77.0116103, -12.0283789], [-77.0116164, -12.0284627], [-77.0116443, -12.0285601], [-77.0117332, -12.0288452], [-77.0119558, -12.029616], [-77.0120281, -12.0298664], [-77.0121271, -12.030229], [-77.0121859, -12.0304461], [-77.0121942, -12.0304768], [-77.0122175, -12.030565], [-77.0122548, -12.0307204], [-77.0122784, -12.030845], [-77.012298, -12.0309733], [-77.0123054, -12.0310617], [-77.0123096, -12.0311774], [-77.0123062, -12.0313034], [-77.0122951, -12.0314385], [-77.0122726, -12.0316625], [-77.0122696, -12.0317164], [-77.012269, -12.0317689], [-77.0122732, -12.0318978], [-77.0123001, -12.0320561], [-77.0123104, -12.0320945], [-77.0123468, -12.0322073], [-77.0123802, -12.0323138], [-77.0123862, -12.0323315], [-77.0124095, -12.0323996], [-77.0124873, -12.0326212], [-77.0124997, -12.0326597], [-77.0125436, -12.0328384], [-77.0125819, -12.033057], [-77.0125951, -12.0331692], [-77.0126131, -12.0333651], [-77.0126294, -12.0335422], [-77.0126541, -12.0338941], [-77.0127288, -12.0347145], [-77.012764, -12.0349259], [-77.0128024, -12.035103], [-77.0128315, -12.0352178], [-77.0129244, -12.0355842], [-77.0130085, -12.0359244], [-77.0130733, -12.0361868], [-77.0132622, -12.0369471], [-77.0132903, -12.0370514], [-77.0133044, -12.0370937], [-77.0133228, -12.0371275], [-77.0133594, -12.0371822], [-77.0134569, -12.0372744], [-77.0135624, -12.037336], [-77.0137506, -12.0374049], [-77.0137726, -12.037413], [-77.0139309, -12.03747], [-77.0140674, -12.0375266], [-77.0141862, -12.0375956], [-77.0143534, -12.0377084], [-77.0145152, -12.037826], [-77.0147496, -12.0379993], [-77.0159963, -12.0389297], [-77.0165784, -12.0393641], [-77.0168748, -12.0395872], [-77.0174996, -12.040084], [-77.017584, -12.0401472], [-77.0176106, -12.0401661], [-77.0176423, -12.0401885], [-77.0176911, -12.0402173], [-77.0178356, -12.0402867], [-77.018007, -12.04035], [-77.0180523, -12.0403629], [-77.0180998, -12.0403743], [-77.0181325, -12.0403822], [-77.0181988, -12.040398], [-77.0183086, -12.0404267], [-77.0183732, -12.0404414], [-77.0185295, -12.0404856], [-77.0187328, -12.0405431], [-77.0189225, -12.0406046], [-77.0190934, -12.0406593], [-77.0192974, -12.0407262], [-77.0194262, -12.0407782], [-77.0198155, -12.0409616], [-77.0204045, -12.0412354], [-77.0208021, -12.0414178], [-77.0210568, -12.0415229], [-77.0214239, -12.0416745], [-77.0216753, -12.0417791], [-77.0217981, -12.0418326], [-77.021835, -12.041852], [-77.0218811, -12.0418762], [-77.0219335, -12.0419079], [-77.0221715, -12.0420857], [-77.0222948, -12.0421791], [-77.0223256, -12.0421997], [-77.022511, -12.0423238], [-77.0226822, -12.0424162], [-77.0227364, -12.0424455], [-77.0228514, -12.0425023], [-77.0229574, -12.0425397], [-77.0229764, -12.0425462], [-77.0230278, -12.0425537], [-77.0231342, -12.0425625], [-77.0232934, -12.0425712], [-77.0233264, -12.0425722], [-77.0234384, -12.0425682], [-77.023492, -12.0425638], [-77.0235315, -12.0425606], [-77.0237857, -12.0425326], [-77.0238111, -12.0425294], [-77.0238365, -12.0425262], [-77.0238703, -12.0425359], [-77.0239025, -12.0425501], [-77.0239323, -12.0425685], [-77.0239611, -12.0425926], [-77.023986, -12.0426206], [-77.0240441, -12.0426987], [-77.0241563, -12.0428776], [-77.0241808, -12.0429196], [-77.0242765, -12.0430833], [-77.0251022, -12.0446425], [-77.0251633, -12.0447579], [-77.0252552, -12.0449139], [-77.0253088, -12.0450097], [-77.0253146, -12.0450201], [-77.0253615, -12.0451041], [-77.0253893, -12.0451565], [-77.0255938, -12.0455422], [-77.0260085, -12.0463246], [-77.0260759, -12.0464525], [-77.0261539, -12.046595], [-77.0262063, -12.0466908], [-77.0266408, -12.0475237], [-77.0266608, -12.0475622], [-77.0267214, -12.0476752], [-77.0267701, -12.0477696], [-77.0271392, -12.0484697], [-77.0272112, -12.0486063], [-77.0272704, -12.0487186], [-77.0273179, -12.0488087], [-77.0275872, -12.0493195], [-77.0277081, -12.0495506], [-77.0277628, -12.0496629], [-77.0278026, -12.0497307], [-77.027857, -12.0498314], [-77.0282232, -12.0505386], [-77.0282575, -12.0506059], [-77.0283128, -12.0506989], [-77.0283569, -12.0507764], [-77.0284608, -12.050962], [-77.0286604, -12.0513467], [-77.0287544, -12.0515215], [-77.0287986, -12.0516075], [-77.0288531, -12.0517134], [-77.0289154, -12.0518344], [-77.0289699, -12.0519402], [-77.029328, -12.0526171], [-77.0293544, -12.0526677], [-77.0293807, -12.0527183], [-77.029432, -12.0528193], [-77.0294889, -12.0529214], [-77.0298234, -12.0535617], [-77.0300078, -12.053922], [-77.0301408, -12.0541736], [-77.0302037, -12.0542866], [-77.0302252, -12.054328], [-77.0302714, -12.0544177], [-77.0303104, -12.0545038], [-77.0303508, -12.0546017], [-77.0303806, -12.054684], [-77.0304044, -12.0547763], [-77.0304177, -12.0548596], [-77.0304279, -12.0549526], [-77.0304263, -12.0550456], [-77.0304235, -12.0551859], [-77.0303901, -12.0554361], [-77.0303892, -12.0554424], [-77.0303532, -12.0557506], [-77.0303462, -12.0558065], [-77.0302956, -12.0562624], [-77.0302744, -12.0564531], [-77.0302692, -12.0564885], [-77.0302617, -12.0565689], [-77.030251, -12.0566456], [-77.0302449, -12.0566919], [-77.0302346, -12.0567627], [-77.0301025, -12.057716], [-77.0300887, -12.0578115], [-77.030078, -12.0578903], [-77.0300761, -12.0579026], [-77.0299915, -12.0585506], [-77.029965, -12.0587354], [-77.0299496, -12.0588436], [-77.0299368, -12.0589364], [-77.0299332, -12.058962], [-77.0299033, -12.059176], [-77.0298939, -12.0592428], [-77.0298819, -12.0593215], [-77.0298397, -12.059654], [-77.0297492, -12.0603694], [-77.0297438, -12.0604119], [-77.029729, -12.0605221], [-77.029715, -12.0606295], [-77.029584, -12.0615771], [-77.0295699, -12.0616879], [-77.0295651, -12.0617258], [-77.0295534, -12.0618239], [-77.0295387, -12.0619334], [-77.0294246, -12.0627724], [-77.0293788, -12.0631325], [-77.0293582, -12.0633117], [-77.0292952, -12.0638102], [-77.0292774, -12.0639413], [-77.0292213, -12.0643558], [-77.0292117, -12.0644268], [-77.0291982, -12.0645368], [-77.0291888, -12.0646065], [-77.0291792, -12.0646768], [-77.0290355, -12.0657375], [-77.0290307, -12.0657724], [-77.0290116, -12.0659136], [-77.0289999, -12.0660002], [-77.0289118, -12.06665], [-77.0288686, -12.0669687], [-77.0288609, -12.0670254], [-77.0288601, -12.0670313], [-77.0288511, -12.0670977], [-77.028844, -12.0671505], [-77.0288361, -12.0672087], [-77.0288242, -12.0672963], [-77.028709, -12.0681465], [-77.0286638, -12.0684802], [-77.0285883, -12.0690371], [-77.0285797, -12.0691004], [-77.0285729, -12.0691509], [-77.0285635, -12.0692204], [-77.0285173, -12.0695609], [-77.0284673, -12.06993], [-77.0284553, -12.0700188], [-77.028447, -12.0700796], [-77.0284353, -12.0701661], [-77.0284253, -12.0702359], [-77.0284167, -12.0702956], [-77.0283221, -12.0709676], [-77.0282792, -12.0712726], [-77.0281492, -12.0722032], [-77.0281444, -12.0722386], [-77.0281358, -12.0723015], [-77.0281257, -12.0723753], [-77.0280813, -12.0726975], [-77.0280625, -12.0728337], [-77.0279944, -12.0733274], [-77.0278974, -12.0739428], [-77.0278571, -12.0743385], [-77.0278364, -12.0744896], [-77.0277193, -12.0753467], [-77.0276908, -12.0755705], [-77.0276824, -12.0756368], [-77.0276637, -12.0757833], [-77.0276063, -12.0762266], [-77.0287018, -12.0766308], [-77.0287479, -12.0766478], [-77.0289262, -12.076715], [-77.0289474, -12.076723], [-77.0291522, -12.0767927], [-77.0291756, -12.0768021], [-77.0292948, -12.0768425], [-77.0293219, -12.0768633], [-77.0293356, -12.0768796], [-77.0293526, -12.0769104], [-77.0293721, -12.0769813], [-77.0292998, -12.0771531], [-77.0292912, -12.0771735], [-77.0292664, -12.0772272], [-77.0290716, -12.0776493], [-77.0290163, -12.0777672], [-77.0289816, -12.0778882], [-77.0289553, -12.0780157], [-77.0289431, -12.0781059], [-77.0289134, -12.0783261], [-77.0288978, -12.0784413], [-77.0288898, -12.0785005], [-77.0288518, -12.0787815], [-77.0288393, -12.0788743], [-77.028776, -12.0790634], [-77.0287636, -12.0791789], [-77.0287088, -12.0796834], [-77.0287004, -12.0797696], [-77.0286892, -12.0798744], [-77.0286761, -12.0799777], [-77.0286171, -12.08046], [-77.0286134, -12.0804904], [-77.0284621, -12.0815628], [-77.0283404, -12.0823498], [-77.0283246, -12.0824518], [-77.0283094, -12.0825496], [-77.0282979, -12.0826306], [-77.0282885, -12.0826926], [-77.0282792, -12.0827585], [-77.0282128, -12.0833101], [-77.0281947, -12.0834601], [-77.0281736, -12.0836354], [-77.0281637, -12.0837209], [-77.0281547, -12.0838087], [-77.0281731, -12.0839401], [-77.0281966, -12.0840234], [-77.0282216, -12.0840918], [-77.028284, -12.0842306], [-77.0283641, -12.0844003], [-77.0284198, -12.084557], [-77.0284717, -12.0848759], [-77.0285383, -12.0855314], [-77.0285589, -12.0856663], [-77.0286715, -12.0860975], [-77.0287175, -12.0862711], [-77.0287542, -12.0864096], [-77.0288267, -12.0866835], [-77.0288983, -12.0869553], [-77.0290098, -12.0873496], [-77.0290511, -12.0875079], [-77.0291255, -12.0877633], [-77.0292167, -12.0880764], [-77.0293236, -12.088479], [-77.0293361, -12.0885269], [-77.0293661, -12.0886417], [-77.029413, -12.0888212], [-77.0295047, -12.0891921], [-77.0295159, -12.0892375], [-77.0297561, -12.0901067], [-77.0299707, -12.0907805], [-77.0300323, -12.0909765]], [[-76.9872661, -11.9511014], [-76.9872207, -11.9509313], [-76.9872241, -11.9508493], [-76.9872651, -11.9507756]], [[-76.9696442, -11.9341515], [-76.9698072, -11.9343637], [-76.9706125, -11.9355309], [-76.9706696, -11.9356073], [-76.9713096, -11.9365254], [-76.9713911, -11.9366382], [-76.9714283, -11.9366897], [-76.9714421, -11.93671], [-76.9714738, -11.9367565], [-76.9721912, -11.9377903], [-76.972226, -11.9378404], [-76.9722829, -11.9379214], [-76.9727359, -11.9386009], [-76.9727723, -11.9386411], [-76.972803, -11.9386695], [-76.9728345, -11.9386909], [-76.9728774, -11.9387123], [-76.9729148, -11.9387281], [-76.9729591, -11.9387361], [-76.9730024, -11.93874], [-76.9730647, -11.938733], [-76.9731229, -11.9387268], [-76.973188, -11.9387113], [-76.973549, -11.9385869], [-76.9736606, -11.9385463], [-76.9745052, -11.9382746], [-76.9746754, -11.9382437], [-76.9748116, -11.9382426], [-76.9749336, -11.9382624], [-76.9757082, -11.9384704], [-76.9764454, -11.9386684], [-76.9767726, -11.9387562], [-76.9777622, -11.9390396], [-76.9785218, -11.9392525], [-76.9787403, -11.9393293], [-76.978799, -11.9393534], [-76.9788496, -11.9393741], [-76.9790022, -11.9394466], [-76.9791438, -11.9395214], [-76.9793055, -11.9396211], [-76.9793819, -11.9396783], [-76.9794479, -11.9397277], [-76.9795807, -11.9398334], [-76.979714, -11.939942], [-76.9798027, -11.9400286], [-76.9799062, -11.9401659], [-76.9801686, -11.9405601], [-76.9802118, -11.9406231], [-76.9803739, -11.9408595], [-76.9804716, -11.9410019], [-76.9814863, -11.942462], [-76.9819618, -11.9431504], [-76.9820701, -11.9433071], [-76.9821038, -11.9433559], [-76.9821606, -11.9434393], [-76.9822027, -11.9435005], [-76.9822708, -11.9435993], [-76.9823842, -11.9437639], [-76.9829836, -11.9446337], [-76.9835518, -11.9454598], [-76.9835664, -11.945481], [-76.9840348, -11.946142], [-76.9843747, -11.9466215], [-76.9848155, -11.9472959], [-76.9849473, -11.9474874], [-76.984978, -11.947532], [-76.9850313, -11.9476095], [-76.9864632, -11.9496573], [-76.986979, -11.9503859], [-76.987156, -11.9506434], [-76.9872651, -11.9507756]]]}}, {"type": "Feature", "properties": {"linea": "corredor_morado", "nombre": "Corredor Morado 404 (Corredor Morado 404 → La Virgen)", "ref": "404", "osm_id": 13677761}, "geometry": {"type": "MultiLineString", "coordinates": [[[-77.0419193, -12.060643], [-77.0419805, -12.0607258], [-77.0434542, -12.0624891], [-77.0436218, -12.0626897], [-77.043704, -12.0627867], [-77.0449607, -12.0643385], [-77.0455554, -12.0650521], [-77.0456394, -12.0651528], [-77.0456841, -12.0652057], [-77.045753, -12.0652872], [-77.0458457, -12.0653984], [-77.0465223, -12.06621], [-77.0472933, -12.067148], [-77.047341, -12.0672055], [-77.0473829, -12.0672565], [-77.0480944, -12.0681203], [-77.0481465, -12.0681836], [-77.0481954, -12.068245], [-77.0488083, -12.0689951], [-77.0488722, -12.0690733], [-77.0489061, -12.0691157], [-77.0489553, -12.0691755], [-77.0490099, -12.0692416], [-77.0497602, -12.0701497], [-77.050533, -12.0710717], [-77.0505777, -12.071126], [-77.0506359, -12.0711967], [-77.051213, -12.071898], [-77.051345, -12.0720584], [-77.0513804, -12.072101], [-77.0514317, -12.0721638], [-77.0522032, -12.0731095], [-77.0529659, -12.0740279], [-77.0530194, -12.0740921], [-77.0530693, -12.0741519], [-77.053256, -12.0743757], [-77.0536624, -12.074863], [-77.0537383, -12.074954], [-77.0537762, -12.0749994], [-77.0538719, -12.0751143], [-77.0539304, -12.0751844], [-77.0546394, -12.076043], [-77.0554034, -12.0769649], [-77.0554462, -12.0770165], [-77.0562141, -12.0779479], [-77.0565286, -12.0783296], [-77.0566386, -12.0784631], [-77.0567225, -12.0785614], [-77.0567892, -12.0786423], [-77.056856, -12.0787264], [-77.0571394, -12.0790711], [-77.0581454, -12.0802885], [-77.0581704, -12.0803188], [-77.0582561, -12.0804224], [-77.0583071, -12.0804842], [-77.0583549, -12.0805408], [-77.058406, -12.0806034], [-77.058446, -12.0806532], [-77.0590607, -12.0814007], [-77.0598183, -12.0823361], [-77.0599912, -12.0825495], [-77.0600144, -12.0825774], [-77.0607707, -12.0834869], [-77.0613636, -12.0842075], [-77.0615141, -12.0843949], [-77.0615898, -12.0844841], [-77.0616474, -12.0845535], [-77.0616678, -12.0845807], [-77.061708, -12.0846318], [-77.0617272, -12.0846553], [-77.0626155, -12.0857065], [-77.0627203, -12.0858259], [-77.0627737, -12.0858914], [-77.0631258, -12.0863231], [-77.0631454, -12.0863469], [-77.0638142, -12.0871576], [-77.0641508, -12.0875789], [-77.0657079, -12.0894668], [-77.0658504, -12.0896359], [-77.065889, -12.0896838], [-77.0659898, -12.0898124], [-77.0661642, -12.0900221], [-77.0665682, -12.0905228], [-77.0672678, -12.0913711], [-77.0686267, -12.0930353], [-77.0686952, -12.0931061], [-77.0687612, -12.093194], [-77.0688373, -12.093284], [-77.06912, -12.0936254], [-77.069236, -12.0937655], [-77.0693778, -12.0939367], [-77.0694117, -12.0939824], [-77.0694928, -12.0940768], [-77.0701499, -12.0948763], [-77.0707945, -12.0956618], [-77.0708522, -12.0957332], [-77.0708894, -12.0957796], [-77.071343, -12.0963264]], [[-76.9872651, -11.9507756], [-76.98743, -11.9510122], [-76.9875265, -11.9511675], [-76.987585, -11.9512856], [-76.9876333, -11.951415], [-76.9876652, -11.9515765], [-76.987676, -11.9517045], [-76.9876803, -11.9517554], [-76.9876665, -11.9519077], [-76.9876349, -11.9520458], [-76.9875188, -11.9523094], [-76.987194, -11.9529552], [-76.9865024, -11.9543855], [-76.9860256, -11.9553715], [-76.9857971, -11.9558442], [-76.9856571, -11.9561338], [-76.9856332, -11.9561832], [-76.985559, -11.9563492], [-76.9855279, -11.9564856], [-76.9855323, -11.956631], [-76.9855691, -11.9567598], [-76.9856484, -11.9568939], [-76.9860787, -11.957525], [-76.9862254, -11.9577568], [-76.986765, -11.9585301], [-76.986894, -11.9587061], [-76.9870079, -11.9588698], [-76.9870569, -11.9589371], [-76.9873936, -11.9593927], [-76.9874724, -11.9595061], [-76.9875346, -11.9595946], [-76.98826, -11.9606467], [-76.9884076, -11.9608559], [-76.9889651, -11.9616901], [-76.9895929, -11.9625993], [-76.9897683, -11.9628589], [-76.9904382, -11.9637947], [-76.991024, -11.9646098], [-76.99124, -11.9649206], [-76.9918019, -11.9657002], [-76.992355, -11.9664299], [-76.9924621, -11.9665778], [-76.992677, -11.9668745], [-76.9927464, -11.9669667], [-76.993221, -11.9675719], [-76.9934992, -11.9679599], [-76.9936592, -11.9681853], [-76.9937528, -11.9683172], [-76.9939489, -11.9685911], [-76.9939865, -11.9686466], [-76.9940787, -11.9688085], [-76.9941348, -11.96889], [-76.9952404, -11.9703842], [-76.9959078, -11.9713041], [-76.9960539, -11.9715014], [-76.9963174, -11.9718062], [-76.9964746, -11.9719695], [-76.9965407, -11.9720343], [-76.9966366, -11.9721307], [-76.9967093, -11.9721976], [-76.9967936, -11.9722752], [-76.9969835, -11.9724412], [-76.9972776, -11.9726628], [-76.9982561, -11.9733347], [-76.9990129, -11.9738417], [-76.9996242, -11.9742649], [-76.9998607, -11.9744323], [-77.0000973, -11.9745996], [-77.0002343, -11.9747051], [-77.0003173, -11.974769], [-77.0004048, -11.9748372], [-77.000512, -11.9749168], [-77.0012516, -11.9754655], [-77.0014607, -11.9756206], [-77.0017437, -11.9758171], [-77.0024129, -11.9763048], [-77.0027046, -11.9765169], [-77.0029409, -11.9767163], [-77.0030761, -11.9768485], [-77.0031458, -11.9769281], [-77.0031909, -11.9769796], [-77.0033288, -11.9771474], [-77.0039852, -11.9780085], [-77.0043854, -11.978567], [-77.0045359, -11.9788479], [-77.0047509, -11.9792873], [-77.0048581, -11.9795063], [-77.0049044, -11.9796063], [-77.0050783, -11.9799821], [-77.0051852, -11.9802131], [-77.005265, -11.9803929], [-77.0053131, -11.9805335], [-77.0054174, -11.980838], [-77.0055405, -11.9811971], [-77.0055519, -11.9812305], [-77.0059962, -11.9824977], [-77.0061357, -11.9828955], [-77.0061486, -11.9829323], [-77.0066235, -11.9842061], [-77.0067337, -11.984504], [-77.0067738, -11.9846125], [-77.0068094, -11.9847089], [-77.0068612, -11.9848601], [-77.0068908, -11.9849402], [-77.0069644, -11.9851751], [-77.0070873, -11.9855669], [-77.0071909, -11.9858039], [-77.0072975, -11.9859953], [-77.0074123, -11.986156], [-77.0075294, -11.9863071], [-77.0076574, -11.9864386], [-77.0078145, -11.9865901], [-77.0081212, -11.9868646], [-77.0083495, -11.9870688], [-77.0096123, -11.9881787], [-77.0099963, -11.9885261], [-77.010215, -11.9887555], [-77.0102492, -11.9887979], [-77.0103746, -11.9889531], [-77.010478, -11.9891129], [-77.0105293, -11.9891922], [-77.0105917, -11.9893079], [-77.0106512, -11.9894183], [-77.0107669, -11.9896482], [-77.0108299, -11.9897735], [-77.010874, -11.9898817], [-77.0109144, -11.9899921], [-77.0109848, -11.9902334], [-77.0110751, -11.990647], [-77.011113, -11.9908432], [-77.0111699, -11.9911274], [-77.0112051, -11.9913687], [-77.0112176, -11.9915279], [-77.0112227, -11.9916983], [-77.0112227, -11.9918685], [-77.0112161, -11.9919956], [-77.0112073, -11.99214], [-77.0111941, -11.9922757], [-77.0111677, -11.9924459], [-77.0111412, -11.9925751], [-77.0110983, -11.9927645], [-77.0109119, -11.9934176], [-77.0109029, -11.9934504], [-77.0108928, -11.9934868], [-77.0108188, -11.9937342], [-77.0108115, -11.9937579], [-77.0108019, -11.9937886], [-77.0101119, -11.996078], [-77.0100847, -11.9961693], [-77.0100625, -11.996243], [-77.009897, -11.9967912], [-77.0098147, -11.9970638], [-77.0098091, -11.9970823], [-77.0098027, -11.9971038], [-77.0097906, -11.9971439], [-77.0097654, -11.9972261], [-77.0097379, -11.9973176], [-77.0097285, -11.9973525], [-77.0097252, -11.9973647], [-77.0097182, -11.9973905], [-77.009702, -11.9974506], [-77.0091681, -11.9994254], [-77.0090442, -11.9998871], [-77.0086115, -12.0014986], [-77.0085929, -12.001568], [-77.0085661, -12.0016562], [-77.0084991, -12.0018768], [-77.0084359, -12.0020821], [-77.0083809, -12.0022415], [-77.0083259, -12.002381], [-77.0082717, -12.0025113], [-77.0082118, -12.0026242], [-77.0080563, -12.0028971], [-77.007949, -12.0030778], [-77.0078022, -12.0033317], [-77.0073601, -12.0040412], [-77.0063486, -12.0056248], [-77.0062809, -12.0057309], [-77.0061941, -12.0058668], [-77.0061817, -12.0058862], [-77.0061801, -12.0058887], [-77.0061255, -12.0059742], [-77.0060481, -12.006096], [-77.0059653, -12.0062192], [-77.005943, -12.0062541], [-77.0058934, -12.0063317], [-77.0056531, -12.0066935], [-77.0056283, -12.006733], [-77.0050918, -12.0075706], [-77.0046061, -12.0083296], [-77.0045551, -12.0084054], [-77.0039144, -12.0094104], [-77.0034409, -12.0101544], [-77.0028423, -12.0110961], [-77.0025491, -12.0115699], [-77.0024903, -12.0116788], [-77.0024389, -12.0117803], [-77.0023927, -12.0118957], [-77.0023415, -12.0120311], [-77.002302, -12.0121561], [-77.0022597, -12.0123265], [-77.002224, -12.0124965], [-77.0022019, -12.0126451], [-77.0021795, -12.0128488], [-77.0021568, -12.0130931], [-77.0021517, -12.0131433], [-77.0021468, -12.0131988], [-77.0021428, -12.0132448], [-77.0021387, -12.0133111], [-77.0020052, -12.0154513], [-77.0019945, -12.0156222], [-77.0019744, -12.0160048], [-77.00197, -12.016259], [-77.0019798, -12.0164215], [-77.0019864, -12.0164818], [-77.0019967, -12.0165799], [-77.0020402, -12.0168025], [-77.0020482, -12.0168313], [-77.0020586, -12.0168606], [-77.0020644, -12.016873], [-77.0021794, -12.0171184], [-77.0022766, -12.01732], [-77.0023362, -12.0174063], [-77.0024132, -12.0174887], [-77.0025622, -12.0176764], [-77.0025795, -12.0176978], [-77.0026125, -12.0177399], [-77.0026444, -12.0177804], [-77.0026834, -12.0178303], [-77.002704, -12.0178565], [-77.0027611, -12.0179286], [-77.0028053, -12.017981], [-77.0029224, -12.0181239], [-77.0030117, -12.0182387], [-77.0031606, -12.0184303], [-77.003317, -12.018639], [-77.0033913, -12.0187293], [-77.003518, -12.0188754], [-77.0036146, -12.0189868], [-77.0037474, -12.0191307], [-77.0038708, -12.019283], [-77.0042597, -12.0196036], [-77.0044005, -12.0197133], [-77.0044105, -12.0197211], [-77.0046138, -12.0198795], [-77.0048876, -12.0201294], [-77.0050802, -12.020328], [-77.0051317, -12.0203855], [-77.0052783, -12.0205352], [-77.0062225, -12.0215235], [-77.0068975, -12.022244], [-77.0076515, -12.0230445], [-77.0077477, -12.0231466], [-77.0077763, -12.023177], [-77.0078201, -12.0232226], [-77.0079002, -12.0233098], [-77.0079646, -12.0233777], [-77.0095195, -12.0250075], [-77.0099487, -12.0254637], [-77.0100255, -12.0255454], [-77.0100861, -12.0256061], [-77.0101599, -12.025684], [-77.0102367, -12.0257628], [-77.0103172, -12.0258357], [-77.0104727, -12.0260154], [-77.010549, -12.0261113], [-77.0106121, -12.0262042], [-77.0107168, -12.0263969], [-77.0107628, -12.0264869], [-77.0107883, -12.026537], [-77.0109534, -12.0268555], [-77.0109594, -12.0268706], [-77.0111995, -12.0273938], [-77.0112045, -12.0274046], [-77.011487, -12.0280441], [-77.0116045, -12.0283581], [-77.0116074, -12.0283685], [-77.0116103, -12.0283789], [-77.0116164, -12.0284627], [-77.0116443, -12.0285601], [-77.0117332, -12.0288452], [-77.0119558, -12.029616], [-77.0120281, -12.0298664], [-77.0121271, -12.030229], [-77.0121859, -12.0304461], [-77.0121942, -12.0304768], [-77.0122175, -12.030565], [-77.0122548, -12.0307204], [-77.0122784, -12.030845], [-77.012298, -12.0309733], [-77.0123054, -12.0310617], [-77.0123096, -12.0311774], [-77.0123062, -12.0313034], [-77.0122951, -12.0314385], [-77.0122726, -12.0316625], [-77.0122696, -12.0317164], [-77.012269, -12.0317689], [-77.0122732, -12.0318978], [-77.0123001, -12.0320561], [-77.0123104, -12.0320945], [-77.0123468, -12.0322073], [-77.0123802, -12.0323138], [-77.0123862, -12.0323315], [-77.0124095, -12.0323996], [-77.0124873, -12.0326212], [-77.0124997, -12.0326597], [-77.0125436, -12.0328384], [-77.0125819, -12.033057], [-77.0125951, -12.0331692], [-77.0126131, -12.0333651], [-77.0126294, -12.0335422], [-77.0126541, -12.0338941], [-77.0127288, -12.0347145], [-77.012764, -12.0349259], [-77.0128024, -12.035103], [-77.0128315, -12.0352178], [-77.0129244, -12.0355842], [-77.0130085, -12.0359244], [-77.0130733, -12.0361868], [-77.0132622, -12.0369471], [-77.0132903, -12.0370514], [-77.0133044, -12.0370937], [-77.0133228, -12.0371275], [-77.0133594, -12.0371822], [-77.0134569, -12.0372744], [-77.0135624, -12.037336], [-77.0137506, -12.0374049], [-77.0137726, -12.037413], [-77.0139309, -12.03747], [-77.0140674, -12.0375266], [-77.0141862, -12.0375956], [-77.0143534, -12.0377084], [-77.0145152, -12.037826], [-77.0147496, -12.0379993], [-77.0159963, -12.0389297], [-77.0165784, -12.0393641], [-77.0168748, -12.0395872], [-77.0174996, -12.040084], [-77.017584, -12.0401472], [-77.0176106, -12.0401661], [-77.0176423, -12.0401885], [-77.0176911, -12.0402173], [-77.0178356, -12.0402867], [-77.018007, -12.04035], [-77.0180523, -12.0403629], [-77.0180998, -12.0403743], [-77.0181325, -12.0403822], [-77.0181988, -12.040398], [-77.0183086, -12.0404267], [-77.0183732, -12.0404414], [-77.0185295, -12.0404856], [-77.0187328, -12.0405431], [-77.0189225, -12.0406046], [-77.0190934, -12.0406593], [-77.0192974, -12.0407262], [-77.0194262, -12.0407782], [-77.0198155, -12.0409616], [-77.0204045, -12.0412354], [-77.0208021, -12.0414178], [-77.0210568, -12.0415229], [-77.0214239, -12.0416745], [-77.0216753, -12.0417791], [-77.0217981, -12.0418326], [-77.021835, -12.041852], [-77.0218811, -12.0418762], [-77.0219335, -12.0419079], [-77.0221715, -12.0420857], [-77.0222948, -12.0421791], [-77.0223256, -12.0421997], [-77.022511, -12.0423238], [-77.0226822, -12.0424162], [-77.0227364, -12.0424455], [-77.0228514, -12.0425023], [-77.0229574, -12.0425397], [-77.0229764, -12.0425462], [-77.0230278, -12.0425537], [-77.0231342, -12.0425625], [-77.0232934, -12.0425712], [-77.0233264, -12.0425722], [-77.0234384, -12.0425682], [-77.023492, -12.0425638], [-77.0235315, -12.0425606], [-77.0237857, -12.0425326], [-77.0238111, -12.0425294], [-77.0238365, -12.0425262], [-77.0238703, -12.0425359], [-77.0239025, -12.0425501], [-77.0239323, -12.0425685], [-77.0239611, -12.0425926], [-77.023986, -12.0426206], [-77.0240441, -12.0426987], [-77.0241563, -12.0428776], [-77.0241808, -12.0429196], [-77.0242765, -12.0430833], [-77.0251022, -12.0446425], [-77.0251633, -12.0447579], [-77.0252552, -12.0449139], [-77.0253088, -12.0450097], [-77.0253146, -12.0450201], [-77.0253615, -12.0451041], [-77.0253893, -12.0451565], [-77.0255938, -12.0455422], [-77.0260085, -12.0463246], [-77.0260759, -12.0464525], [-77.0261539, -12.046595], [-77.0262063, -12.0466908], [-77.0266408, -12.0475237], [-77.0266608, -12.0475622], [-77.0267214, -12.0476752], [-77.0267701, -12.0477696], [-77.0271392, -12.0484697], [-77.0272112, -12.0486063], [-77.0272704, -12.0487186], [-77.0273179, -12.0488087], [-77.0275872, -12.0493195], [-77.0277081, -12.0495506], [-77.0277628, -12.0496629], [-77.0278026, -12.0497307], [-77.027857, -12.0498314], [-77.0282232, -12.0505386], [-77.0282575, -12.0506059], [-77.0283128, -12.0506989], [-77.0283569, -12.0507764], [-77.0284608, -12.050962], [-77.0286604, -12.0513467], [-77.0287544, -12.0515215], [-77.0287986, -12.0516075], [-77.0288531, -12.0517134], [-77.0289154, -12.0518344], [-77.0289699, -12.0519402], [-77.029328, -12.0526171], [-77.0293544, -12.0526677], [-77.0293807, -12.0527183], [-77.029432, -12.0528193], [-77.0294889, -12.0529214], [-77.0298234, -12.0535617], [-77.0300078, -12.053922], [-77.0301408, -12.0541736], [-77.0302037, -12.0542866], [-77.0302252, -12.054328], [-77.0302714, -12.0544177], [-77.0303104, -12.0545038], [-77.0303508, -12.0546017], [-77.0303806, -12.054684], [-77.0304044, -12.0547763], [-77.0304177, -12.0548596], [-77.0304279, -12.0549526], [-77.0304263, -12.0550456], [-77.0304235, -12.0551859], [-77.0303901, -12.0554361], [-77.0303892, -12.0554424], [-77.0303532, -12.0557506], [-77.0303462, -12.0558065], [-77.0302956, -12.0562624], [-77.0302744, -12.0564531], [-77.0302692, -12.0564885], [-77.0302617, -12.0565689], [-77.030251, -12.0566456], [-77.0302449, -12.0566919], [-77.0302346, -12.0567627], [-77.0301025, -12.057716], [-77.0300887, -12.0578115], [-77.030078, -12.0578903], [-77.0300761, -12.0579026], [-77.0299915, -12.0585506], [-77.029965, -12.0587354], [-77.0299496, -12.0588436], [-77.0299368, -12.0589364], [-77.0300089, -12.0589456], [-77.0313348, -12.0591152], [-77.0314223, -12.0591255], [-77.0315292, -12.0591391], [-77.0315967, -12.0591495], [-77.0322184, -12.0592206], [-77.0333142, -12.0593648], [-77.033393, -12.0593765], [-77.0339679, -12.0594618], [-77.0341059, -12.0594823], [-77.034495, -12.0595318], [-77.034608, -12.0595462], [-77.0351251, -12.0596073], [-77.0352061, -12.0596107], [-77.0352833, -12.0595985], [-77.0353382, -12.059572], [-77.0353988, -12.0595358], [-77.0354628, -12.0594767], [-77.0354959, -12.059414], [-77.0355343, -12.0593684], [-77.0355754, -12.0593286], [-77.0356489, -12.0592864], [-77.0357341, -12.0592634], [-77.0358393, -12.0592671], [-77.0359502, -12.0592929], [-77.0360834, -12.0593615], [-77.0362066, -12.0594452], [-77.0362765, -12.0595004], [-77.0363462, -12.0595556], [-77.0363925, -12.0595797], [-77.0364083, -12.0595879], [-77.0365389, -12.0596423], [-77.0367316, -12.0596998], [-77.036879, -12.0597263], [-77.0370451, -12.0597486], [-77.0372791, -12.0597688], [-77.0373935, -12.0597787], [-77.0377028, -12.059803], [-77.03773, -12.0598049], [-77.0377717, -12.0598085], [-77.0378418, -12.0598145], [-77.0379464, -12.0598235], [-77.0379881, -12.0598271], [-77.0380132, -12.0598293], [-77.0380514, -12.0598325], [-77.0381093, -12.0598382], [-77.0381746, -12.0598446], [-77.0388766, -12.0599136], [-77.0389634, -12.0599214], [-77.038991, -12.0599247], [-77.0390876, -12.0599346], [-77.0392377, -12.059946], [-77.0401424, -12.0600326], [-77.0406275, -12.0600717], [-77.0409307, -12.0600961], [-77.0409746, -12.0600872], [-77.0410309, -12.0600455]], [[-76.9872661, -11.9511014], [-76.9872207, -11.9509313], [-76.9872241, -11.9508493], [-76.9872651, -11.9507756]], [[-76.9696442, -11.9341515], [-76.9698072, -11.9343637], [-76.9706125, -11.9355309], [-76.9706696, -11.9356073], [-76.9713096, -11.9365254], [-76.9713911, -11.9366382], [-76.9714283, -11.9366897], [-76.9714421, -11.93671], [-76.9714738, -11.9367565], [-76.9721912, -11.9377903], [-76.972226, -11.9378404], [-76.9722829, -11.9379214], [-76.9727359, -11.9386009], [-76.9727723, -11.9386411], [-76.972803, -11.9386695], [-76.9728345, -11.9386909], [-76.9728774, -11.9387123], [-76.9729148, -11.9387281], [-76.9729591, -11.9387361], [-76.9730024, -11.93874], [-76.9730647, -11.938733], [-76.9731229, -11.9387268], [-76.973188, -11.9387113], [-76.973549, -11.9385869], [-76.9736606, -11.9385463], [-76.9745052, -11.9382746], [-76.9746754, -11.9382437], [-76.9748116, -11.9382426], [-76.9749336, -11.9382624], [-76.9757082, -11.9384704], [-76.9764454, -11.9386684], [-76.9767726, -11.9387562], [-76.9777622, -11.9390396], [-76.9785218, -11.9392525], [-76.9787403, -11.9393293], [-76.978799, -11.9393534], [-76.9788496, -11.9393741], [-76.9790022, -11.9394466], [-76.9791438, -11.9395214], [-76.9793055, -11.9396211], [-76.9793819, -11.9396783], [-76.9794479, -11.9397277], [-76.9795807, -11.9398334], [-76.979714, -11.939942], [-76.9798027, -11.9400286], [-76.9799062, -11.9401659], [-76.9801686, -11.9405601], [-76.9802118, -11.9406231], [-76.9803739, -11.9408595], [-76.9804716, -11.9410019], [-76.9814863, -11.942462], [-76.9819618, -11.9431504], [-76.9820701, -11.9433071], [-76.9821038, -11.9433559], [-76.9821606, -11.9434393], [-76.9822027, -11.9435005], [-76.9822708, -11.9435993], [-76.9823842, -11.9437639], [-76.9829836, -11.9446337], [-76.9835518, -11.9454598], [-76.9835664, -11.945481], [-76.9840348, -11.946142], [-76.9843747, -11.9466215], [-76.9848155, -11.9472959], [-76.9849473, -11.9474874], [-76.984978, -11.947532], [-76.9850313, -11.9476095], [-76.9864632, -11.9496573], [-76.986979, -11.9503859], [-76.987156, -11.9506434], [-76.9872651, -11.9507756]], [[-77.0420955, -12.0601357], [-77.042103, -12.060185], [-77.0421048, -12.0602139], [-77.0421024, -12.0602926], [-77.0420885, -12.0603701], [-77.0420632, -12.0604448], [-77.0420271, -12.0605152], [-77.0419811, -12.0605797], [-77.0419193, -12.060643], [-77.0418478, -12.0606957], [-77.0417796, -12.0607318], [-77.0416947, -12.0607616], [-77.041606, -12.0607776], [-77.0415159, -12.0607793], [-77.0414267, -12.0607667], [-77.0413504, -12.0607422], [-77.0412981, -12.0607196], [-77.0412812, -12.0607123], [-77.0412255, -12.0606778], [-77.0411648, -12.0606282], [-77.0411119, -12.0605705], [-77.0410678, -12.0605062], [-77.0410337, -12.0604363], [-77.04101, -12.0603624], [-77.040997, -12.0602829], [-77.0409962, -12.0602024], [-77.0410076, -12.0601227], [-77.0410309, -12.0600455], [-77.0410639, -12.0599756], [-77.0411066, -12.059911], [-77.0411583, -12.0598529], [-77.0412179, -12.0598026], [-77.0412799, -12.0597633], [-77.0413467, -12.0597323], [-77.0414172, -12.0597104], [-77.0414641, -12.0597011], [-77.0415117, -12.0596959], [-77.0415841, -12.0596956], [-77.041656, -12.0597045], [-77.0417261, -12.0597225], [-77.041808, -12.0597567], [-77.0418833, -12.0598032], [-77.0419501, -12.0598609], [-77.0419845, -12.059902], [-77.0420065, -12.0599284], [-77.0420513, -12.0600038], [-77.0420777, -12.0600684], [-77.0420825, -12.0600867], [-77.0420955, -12.0601357]]]}}, {"type": "Feature", "properties": {"linea": "corredor_morado", "nombre": "Corredor Morado 404 (Corredor Morado 404 → La Capilla)", "ref": "404", "osm_id": 13677762}, "geometry": {"type": "MultiLineString", "coordinates": [[[-77.0695735, -12.0942667], [-77.0694356, -12.0940971], [-77.0693544, -12.0940023], [-77.0693203, -12.0939531], [-77.068709, -12.093211], [-77.0686425, -12.0931234], [-77.0685749, -12.0930549], [-77.0672251, -12.0914077], [-77.0665981, -12.0906479], [-77.0665332, -12.0905693], [-77.066264, -12.0902433], [-77.066101, -12.0900454], [-77.0659959, -12.0899157], [-77.0659122, -12.0898114], [-77.0658328, -12.0897097], [-77.0658027, -12.0896745], [-77.0640278, -12.0875492], [-77.0632427, -12.0865908], [-77.0630763, -12.0863768], [-77.0625195, -12.0857398], [-77.0617885, -12.0848087], [-77.0616674, -12.0846644], [-77.0616179, -12.0846005], [-77.0615701, -12.0845387], [-77.0614733, -12.0844282], [-77.0607265, -12.0835198], [-77.060121, -12.082791], [-77.059994, -12.0826381], [-77.0599711, -12.0826112], [-77.0594273, -12.0819371], [-77.0591577, -12.081603], [-77.0590203, -12.0814366], [-77.0586152, -12.0809419], [-77.0584933, -12.0807934], [-77.0584063, -12.0806874], [-77.0583659, -12.0806382], [-77.0583151, -12.0805739], [-77.0582679, -12.0805169], [-77.0571057, -12.0791168], [-77.0568827, -12.0788432], [-77.0568613, -12.0788158], [-77.0567793, -12.0787183], [-77.0567067, -12.0786289], [-77.0566425, -12.0785503], [-77.0561605, -12.077974], [-77.0554049, -12.0770523], [-77.055366, -12.0770061], [-77.0545881, -12.0760755], [-77.0543654, -12.0758042], [-77.0540183, -12.0753814], [-77.0539071, -12.0752459], [-77.0538732, -12.0752008], [-77.0538083, -12.075123], [-77.0537321, -12.0750327], [-77.0530223, -12.0741868], [-77.0529661, -12.0741198], [-77.052911, -12.0740541], [-77.0521563, -12.073143], [-77.0515085, -12.072352], [-77.0513848, -12.072201], [-77.0513326, -12.0721368], [-77.051297, -12.0720936], [-77.0505913, -12.0712304], [-77.0505324, -12.0711584], [-77.0504885, -12.0711047], [-77.0497184, -12.0701855], [-77.0491138, -12.0694518], [-77.0490016, -12.0693156], [-77.0489683, -12.0692753], [-77.0489138, -12.0692092], [-77.0488639, -12.0691492], [-77.0481516, -12.0682814], [-77.0481009, -12.0682183], [-77.0480492, -12.068155], [-77.0473415, -12.067288], [-77.0472993, -12.0672365], [-77.0472531, -12.0671808], [-77.0465923, -12.0663906], [-77.0463252, -12.0660612], [-77.0459622, -12.0656221], [-77.0458276, -12.0654621], [-77.045805, -12.0654352], [-77.0457506, -12.0653712], [-77.0456645, -12.0652733], [-77.0455828, -12.0651753], [-77.0439244, -12.0631576], [-77.0435781, -12.0627249], [-77.0431021, -12.0621574], [-77.0420441, -12.0608891], [-77.0419353, -12.0607586], [-77.0418478, -12.0606957]], [[-77.04101, -12.0603624], [-77.0409052, -12.0602879], [-77.0406016, -12.0602599], [-77.0403354, -12.0602353], [-77.0400638, -12.0602149], [-77.0392201, -12.0601572], [-77.0390839, -12.0601468], [-77.0389394, -12.0601366], [-77.038853, -12.0601303], [-77.0387089, -12.0601214], [-77.0380786, -12.0600633], [-77.0380308, -12.0600598], [-77.03799, -12.0600521], [-77.0379248, -12.0600452], [-77.0378263, -12.060028], [-77.0377582, -12.0600191], [-77.0377116, -12.0600114], [-77.0374105, -12.0599555], [-77.037154, -12.0599345], [-77.0369764, -12.05992], [-77.0368827, -12.0599123], [-77.0368253, -12.0599134], [-77.0367583, -12.0599223], [-77.0366913, -12.0599342], [-77.0366544, -12.0599407], [-77.0364687, -12.0599978], [-77.0363509, -12.0600451], [-77.03626, -12.0600816], [-77.0362408, -12.0600929], [-77.036175, -12.0601317], [-77.0360719, -12.0601959], [-77.0360284, -12.060223], [-77.0359624, -12.0602576], [-77.035892, -12.0602826], [-77.0358187, -12.0602975], [-77.035744, -12.060302], [-77.0356693, -12.060296], [-77.0355963, -12.0602797], [-77.0355265, -12.0602533], [-77.0354599, -12.0602096], [-77.0354031, -12.0601598], [-77.0352158, -12.0599931], [-77.0351642, -12.0599647], [-77.0350861, -12.0599213], [-77.0349734, -12.05989], [-77.0348627, -12.0598769], [-77.0344612, -12.0598228], [-77.0339398, -12.0597588], [-77.0331233, -12.0596585], [-77.0328484, -12.0596247], [-77.0328028, -12.0596187], [-77.0327572, -12.0596126], [-77.0321424, -12.0595308], [-77.031559, -12.0594539], [-77.0314844, -12.0594444], [-77.0313833, -12.0594315], [-77.0313888, -12.0593876], [-77.0314181, -12.0591579], [-77.0314223, -12.0591255], [-77.0314331, -12.0590305], [-77.0314824, -12.0586068], [-77.0314922, -12.0585224], [-77.0315101, -12.058368], [-77.0315542, -12.0579877], [-77.0315047, -12.0579819], [-77.0308559, -12.0579066], [-77.0308285, -12.0579038], [-77.030356, -12.0578448], [-77.0301787, -12.0578236], [-77.0300887, -12.0578115], [-77.0299528, -12.0577941], [-77.0299645, -12.057701], [-77.0300751, -12.056947], [-77.030104, -12.0567459], [-77.0301086, -12.0567121], [-77.0301137, -12.0566755], [-77.0301293, -12.0565473], [-77.0302095, -12.0559555], [-77.0303063, -12.0552824], [-77.0303082, -12.0552572], [-77.0303151, -12.0551733], [-77.0303191, -12.0550623], [-77.0303133, -12.0549334], [-77.0302981, -12.0548482], [-77.0302832, -12.0547998], [-77.0302717, -12.0547627], [-77.0302409, -12.054682], [-77.0302333, -12.054662], [-77.0301978, -12.0545848], [-77.0301564, -12.0544961], [-77.0301005, -12.0543922], [-77.0298626, -12.0539701], [-77.0297738, -12.0538011], [-77.0296518, -12.0535691], [-77.0296068, -12.0534836], [-77.029426, -12.0531242], [-77.0293739, -12.0530176], [-77.0293564, -12.0529883], [-77.0293078, -12.0529019], [-77.0292449, -12.0527925], [-77.0288445, -12.0520588], [-77.0287979, -12.0519709], [-77.028761, -12.0519024], [-77.0287062, -12.051797], [-77.028649, -12.0516885], [-77.028602, -12.0515994], [-77.02833, -12.0510874], [-77.0283093, -12.0510435], [-77.0282246, -12.05088], [-77.0281701, -12.0507693], [-77.02777, -12.0499966], [-77.0277249, -12.0499065], [-77.0276706, -12.0498055], [-77.0276361, -12.0497463], [-77.0272475, -12.0490237], [-77.0271937, -12.0489249], [-77.027169, -12.0488779], [-77.0271481, -12.0488382], [-77.0271272, -12.0487985], [-77.0270704, -12.0486903], [-77.0267024, -12.0479783], [-77.0266629, -12.0479018], [-77.0266315, -12.047841], [-77.0265879, -12.047749], [-77.0265223, -12.0476297], [-77.0262247, -12.0470631], [-77.0261941, -12.0470074], [-77.0260599, -12.0467636], [-77.0260388, -12.046725], [-77.0259969, -12.0466485], [-77.0259321, -12.0465239], [-77.0253716, -12.0454564], [-77.0252171, -12.0451617], [-77.0251847, -12.0450962], [-77.0250565, -12.0448226], [-77.0249915, -12.0446766], [-77.0241936, -12.043122], [-77.0241623, -12.0430662], [-77.0241093, -12.0429843], [-77.0240453, -12.0428922], [-77.0239882, -12.0428593], [-77.023953, -12.0428407], [-77.0239357, -12.0428318], [-77.0239146, -12.0428234], [-77.0238789, -12.0428114], [-77.0238454, -12.0428045], [-77.0238092, -12.0427965], [-77.023773, -12.0427878], [-77.0237265, -12.0427811], [-77.0236538, -12.0427734], [-77.0235345, -12.0427622], [-77.02347, -12.0427557], [-77.0232522, -12.0427313], [-77.0231321, -12.0427364], [-77.0231095, -12.0427374], [-77.0230446, -12.0427402], [-77.0228233, -12.0427178], [-77.0226354, -12.0427119], [-77.0226149, -12.0427113], [-77.0225869, -12.0426995], [-77.0223588, -12.0426036], [-77.0222604, -12.0425564], [-77.0217313, -12.0422558], [-77.0216744, -12.0422196], [-77.0216198, -12.0421834], [-77.0215392, -12.042058], [-77.0214324, -12.0419926], [-77.0210524, -12.0417595], [-77.0205386, -12.0414921], [-77.0204398, -12.0414504], [-77.0203373, -12.0414071], [-77.0203085, -12.041395], [-77.0202602, -12.0413746], [-77.02018, -12.0413358], [-77.0195709, -12.0410414], [-77.0192719, -12.0409111], [-77.0190113, -12.0407908], [-77.0187681, -12.0406851], [-77.0185909, -12.0406176], [-77.0185427, -12.0406012], [-77.0185362, -12.040599], [-77.0184642, -12.0405768], [-77.0183112, -12.0405346], [-77.0181013, -12.0404766], [-77.0179836, -12.0404483], [-77.0178939, -12.0404205], [-77.0178533, -12.0404032], [-77.0178169, -12.0403879], [-77.0177423, -12.0403468], [-77.0176543, -12.0402919], [-77.0175272, -12.0402006], [-77.0171253, -12.0398782], [-77.0168338, -12.0396475], [-77.0165294, -12.0394107], [-77.0160523, -12.0390523], [-77.0155843, -12.0387114], [-77.0147084, -12.0380623], [-77.0144578, -12.0378749], [-77.0142467, -12.0377259], [-77.0140729, -12.0376254], [-77.0139626, -12.037573], [-77.0138668, -12.0375383], [-77.0138195, -12.0375237], [-77.0137024, -12.0374864], [-77.013607, -12.0374584], [-77.0135011, -12.0374131], [-77.0134209, -12.0373642], [-77.0133548, -12.0373012], [-77.0132777, -12.0372174], [-77.0132234, -12.0371396], [-77.0132123, -12.0371091], [-77.0130099, -12.0363151], [-77.0128649, -12.0357004], [-77.0127148, -12.0351215], [-77.0126704, -12.0348778], [-77.0126295, -12.0345842], [-77.012577, -12.0340103], [-77.0125338, -12.0335355], [-77.0124918, -12.0332655], [-77.0124559, -12.0330829], [-77.0124, -12.0328881], [-77.0123655, -12.0328058], [-77.012331, -12.0327234], [-77.0122468, -12.0325537], [-77.0121774, -12.0324449], [-77.012153, -12.0324067], [-77.0120483, -12.0322601], [-77.0120229, -12.0322351], [-77.0119997, -12.0321953], [-77.0119889, -12.0321507], [-77.0119911, -12.0321049], [-77.0120064, -12.0320616], [-77.0120334, -12.0320241], [-77.012063, -12.0319998], [-77.0120976, -12.0319827], [-77.0121226, -12.0318635], [-77.0121358, -12.031786], [-77.0121461, -12.031723], [-77.012179, -12.0314933], [-77.0121962, -12.0313773], [-77.0121982, -12.0312572], [-77.0121957, -12.0311709], [-77.012191, -12.0310393], [-77.0121767, -12.0309433], [-77.0121506, -12.0307947], [-77.0120854, -12.0305437], [-77.0120775, -12.0305149], [-77.0119403, -12.0300142], [-77.0117566, -12.0294025], [-77.0116867, -12.0291649], [-77.0115659, -12.0287696], [-77.0115037, -12.028593], [-77.0114732, -12.0285371], [-77.0114379, -12.0284858], [-77.0114153, -12.0284595], [-77.0113935, -12.0284378], [-77.0113705, -12.0284213], [-77.011351, -12.0284035], [-77.0113359, -12.0283759], [-77.0112309, -12.0281149], [-77.0111148, -12.0278313], [-77.0110707, -12.0277235], [-77.0108643, -12.027271], [-77.0107492, -12.0270149], [-77.0106096, -12.0267029], [-77.0104433, -12.0263649], [-77.0104115, -12.0263037], [-77.0103765, -12.0262416], [-77.0103241, -12.0261596], [-77.0102862, -12.0261111], [-77.0102268, -12.0260399], [-77.0101723, -12.0259771], [-77.0100995, -12.0258839], [-77.010034, -12.0257999], [-77.0099631, -12.0257136], [-77.0093966, -12.0250762], [-77.0093216, -12.0249968], [-77.007926, -12.0235194], [-77.0078731, -12.0234634], [-77.0078335, -12.0234215], [-77.007806, -12.0233923], [-77.0077307, -12.0233052], [-77.0076842, -12.0232562], [-77.0076452, -12.0232151], [-77.0061168, -12.021604], [-77.0051867, -12.0206155], [-77.0051369, -12.0205629], [-77.0050981, -12.0205241], [-77.0049906, -12.0204166], [-77.0047864, -12.0202124], [-77.0045843, -12.0200332], [-77.0044095, -12.0198848], [-77.0042623, -12.0197596], [-77.0040469, -12.0196095], [-77.0039034, -12.0195219], [-77.0037107, -12.0193836], [-77.0035614, -12.0192565], [-77.0033995, -12.0191111], [-77.0032447, -12.0189485], [-77.0031147, -12.0187923], [-77.0029697, -12.0186144], [-77.0028616, -12.0184869], [-77.0027771, -12.0183789], [-77.0026814, -12.0182508], [-77.0026298, -12.018187], [-77.0025946, -12.0181417], [-77.0025269, -12.018053], [-77.0024246, -12.0179238], [-77.0023486, -12.0178326], [-77.0021453, -12.0175516], [-77.0021012, -12.017487], [-77.0020564, -12.0173437], [-77.002035, -12.0172912], [-77.0019907, -12.0171983], [-77.0019524, -12.0171131], [-77.0019186, -12.0170325], [-77.0018907, -12.0169574], [-77.0018615, -12.0168609], [-77.001841, -12.0167746], [-77.0018034, -12.0166126], [-77.0017814, -12.0165023], [-77.0017792, -12.0164828], [-77.0017664, -12.0163674], [-77.0017569, -12.0162641], [-77.0017481, -12.0161632], [-77.0017475, -12.0160402], [-77.0017709, -12.0156387], [-77.0017772, -12.0155268], [-77.0017819, -12.0154439], [-77.0017956, -12.0151444], [-77.0018616, -12.0142069], [-77.001899, -12.0135067], [-77.0019104, -12.0132904], [-77.0019118, -12.0132645], [-77.0019144, -12.0132173], [-77.0019188, -12.0131673], [-77.0019241, -12.0131079], [-77.0019283, -12.0130646], [-77.0019659, -12.0126807], [-77.0020047, -12.0124288], [-77.0020671, -12.01216], [-77.0021196, -12.0119864], [-77.0021899, -12.0118131], [-77.0022577, -12.01165], [-77.0023411, -12.0114843], [-77.0024323, -12.0113237], [-77.0026499, -12.0109744], [-77.0037088, -12.0093182], [-77.0043615, -12.0082902], [-77.0046463, -12.0078518], [-77.0049532, -12.0073695], [-77.0054101, -12.0066531], [-77.0054294, -12.0066229], [-77.0055826, -12.0063824], [-77.0056522, -12.0062735], [-77.0057354, -12.0061435], [-77.0057628, -12.0061006], [-77.0057712, -12.0060874], [-77.0058028, -12.006038], [-77.0058355, -12.0059868], [-77.0058907, -12.0059022], [-77.0059159, -12.0058635], [-77.005973, -12.0057746], [-77.0059943, -12.0057414], [-77.0076725, -12.0031312], [-77.0077723, -12.0029728], [-77.0078099, -12.0029171], [-77.0079571, -12.002656], [-77.0080304, -12.0025026], [-77.0080843, -12.0023831], [-77.0081466, -12.0022196], [-77.0081873, -12.002096], [-77.0082322, -12.0019705], [-77.0083422, -12.001596], [-77.0083638, -12.0015155], [-77.0083843, -12.001443], [-77.0088166, -11.9998365], [-77.0094802, -11.9973781], [-77.0094923, -11.9973331], [-77.0094992, -11.9973075], [-77.0095127, -11.9972573], [-77.009538, -11.9971614], [-77.0095614, -11.9970838], [-77.0095802, -11.9970213], [-77.009587, -11.9969987], [-77.0097035, -11.9966114], [-77.0098525, -11.9961158], [-77.0098765, -11.9960356], [-77.0106187, -11.9935735], [-77.0106336, -11.993524], [-77.0106512, -11.9934655], [-77.0106802, -11.9933633], [-77.0106898, -11.9933312], [-77.0107064, -11.993276], [-77.0108809, -11.9926959], [-77.0109377, -11.9924386], [-77.0109715, -11.992218], [-77.0109924, -11.9920028], [-77.0109989, -11.9918223], [-77.0109924, -11.9916174], [-77.0109784, -11.9914041], [-77.010949, -11.9911907], [-77.0108827, -11.9908114], [-77.0108383, -11.9905706], [-77.0107915, -11.9903576], [-77.0107557, -11.9902113], [-77.0107471, -11.9901866], [-77.0107155, -11.990075], [-77.0106923, -11.9900018], [-77.0106519, -11.989912], [-77.0106105, -11.9898264], [-77.0105322, -11.9896645], [-77.0104579, -11.9895289], [-77.0103539, -11.9893392], [-77.0102172, -11.9891288], [-77.010092, -11.9889605], [-77.0099323, -11.9887921], [-77.0097226, -11.9885972], [-77.009474, -11.9883844], [-77.0085207, -11.9875612], [-77.0082423, -11.9873188], [-77.0079364, -11.9870348], [-77.0077557, -11.9868752], [-77.0075762, -11.9867064], [-77.0073987, -11.9865182], [-77.0072447, -11.9863211], [-77.0071374, -11.9861557], [-77.0070233, -11.9859801], [-77.0069246, -11.9858008], [-77.0068118, -11.9855585], [-77.0067081, -11.98522], [-77.0066725, -11.9851037], [-77.0066454, -11.9850152], [-77.0066255, -11.9849378], [-77.0065774, -11.9847798], [-77.0065441, -11.9846829], [-77.0065241, -11.9846248], [-77.0064641, -11.9844503], [-77.0060094, -11.9829766], [-77.0054244, -11.9812752], [-77.0054126, -11.9812413], [-77.0052869, -11.9808803], [-77.0051453, -11.9804707], [-77.0050709, -11.9802771], [-77.0049566, -11.980035], [-77.0048848, -11.9798866], [-77.0047319, -11.9795703], [-77.0046235, -11.9793461], [-77.0044945, -11.9790792], [-77.0043763, -11.9788704], [-77.0041986, -11.9785889], [-77.0038432, -11.9781074], [-77.0032131, -11.9772389], [-77.0030785, -11.9770683], [-77.0030457, -11.9770301], [-77.0029684, -11.9769402], [-77.0028341, -11.9768215], [-77.0025866, -11.9766323], [-77.0021747, -11.9763249], [-77.0020553, -11.9762358], [-77.0019396, -11.9761495], [-77.0017608, -11.976016], [-77.0016563, -11.975938], [-77.0015537, -11.9758615], [-77.0005699, -11.9752066], [-77.0003847, -11.9750849], [-77.0002806, -11.9750159], [-77.0001678, -11.9749419], [-77.0000934, -11.9748883], [-76.9991695, -11.974222], [-76.998196, -11.9734871], [-76.9981315, -11.9734384], [-76.9972239, -11.9727743], [-76.9969286, -11.9725603], [-76.996786, -11.9724471], [-76.9967187, -11.9723932], [-76.9966487, -11.9723272], [-76.9966159, -11.9722945], [-76.9965408, -11.9722243], [-76.9964474, -11.9721288], [-76.9963174, -11.9720082], [-76.9960447, -11.9717168], [-76.9958163, -11.9714272], [-76.9954149, -11.9708826], [-76.9951224, -11.9704767], [-76.9948597, -11.9701179], [-76.9940534, -11.9690217], [-76.9940221, -11.9689811], [-76.9939457, -11.9688886], [-76.9938586, -11.9687882], [-76.9938075, -11.9687196], [-76.9935624, -11.9684183], [-76.9931742, -11.9679116], [-76.9930266, -11.9677017], [-76.9928895, -11.9674904], [-76.9926524, -11.9671522], [-76.9925976, -11.967069], [-76.9925336, -11.9669708], [-76.9920662, -11.9663164], [-76.9917351, -11.9658637], [-76.9911602, -11.9650629], [-76.9908987, -11.9646989], [-76.9904876, -11.9641273], [-76.9899607, -11.9633939], [-76.9897461, -11.9630875], [-76.9896425, -11.9629403], [-76.9889624, -11.9619844], [-76.9888393, -11.9618024], [-76.9887969, -11.9617434], [-76.9885251, -11.9613958], [-76.9884244, -11.9612602], [-76.9882327, -11.9609658], [-76.9881122, -11.9607956], [-76.9880217, -11.9606679], [-76.9874551, -11.9598678], [-76.9874114, -11.9598015], [-76.9873289, -11.9596765], [-76.9872872, -11.9596132], [-76.9869727, -11.9591287], [-76.9869101, -11.9590323], [-76.9868317, -11.9589164], [-76.9867968, -11.9588638], [-76.9867546, -11.9588047], [-76.9866973, -11.9587241], [-76.9866302, -11.9586279], [-76.9860847, -11.9578529], [-76.985999, -11.9577311], [-76.9859528, -11.9576685], [-76.9854857, -11.9569639], [-76.9854104, -11.9568259], [-76.9853623, -11.9566671], [-76.9853485, -11.9564921], [-76.9853705, -11.9563376], [-76.9854177, -11.9562002], [-76.9855144, -11.9560105], [-76.9857088, -11.9556191], [-76.986032, -11.9549682], [-76.986633, -11.9537163], [-76.9870925, -11.952814], [-76.9871331, -11.9527175], [-76.9871651, -11.9526413], [-76.9873645, -11.9522349], [-76.9874613, -11.9520216], [-76.987495, -11.9519059], [-76.9875096, -11.9518164], [-76.987512, -11.9517085], [-76.9875009, -11.9515921], [-76.9874839, -11.9515088], [-76.9874404, -11.9513765], [-76.9873861, -11.9512843], [-76.9873255, -11.9511925], [-76.9872661, -11.9511014], [-76.9871382, -11.9509051], [-76.9871228, -11.9508787], [-76.987024, -11.950736], [-76.986983, -11.9506768], [-76.9867417, -11.9503285], [-76.9857726, -11.9489352], [-76.9849866, -11.9478211], [-76.9849385, -11.9477458], [-76.9849038, -11.947695], [-76.9848524, -11.9476174], [-76.9839242, -11.9462563], [-76.9834326, -11.9455467], [-76.9826972, -11.9444838], [-76.9821915, -11.9437578], [-76.9820316, -11.943508], [-76.9819713, -11.9434257], [-76.9819397, -11.9433866], [-76.9811467, -11.9422236], [-76.9805132, -11.9413351], [-76.9803495, -11.9410852], [-76.979762, -11.9402441], [-76.9797154, -11.9401871], [-76.9796131, -11.9400839], [-76.9795208, -11.9400057], [-76.9793468, -11.9398645], [-76.9792244, -11.939774], [-76.9791168, -11.9397016], [-76.9788514, -11.9395589], [-76.9785878, -11.9394524], [-76.9783593, -11.9393812], [-76.9769479, -11.9389801], [-76.9767984, -11.9389425], [-76.9753372, -11.9385167], [-76.9751197, -11.9384556], [-76.9749552, -11.9384182], [-76.9748111, -11.9383985], [-76.9746902, -11.9383931], [-76.9745874, -11.9383987], [-76.974514, -11.9384086], [-76.974394, -11.9384329], [-76.973922, -11.9385933], [-76.9737046, -11.9386633], [-76.9735129, -11.9387345], [-76.9733611, -11.9387908], [-76.9731751, -11.9388445], [-76.9730941, -11.9388605], [-76.9729943, -11.938865], [-76.9729226, -11.938861], [-76.972866, -11.9388499], [-76.9727801, -11.9388208], [-76.9727123, -11.9387847], [-76.9726512, -11.9387466], [-76.972602, -11.9387051], [-76.9725458, -11.9386457], [-76.9724979, -11.9385878], [-76.9721094, -11.938035], [-76.9720582, -11.9379557], [-76.9720206, -11.9378972], [-76.9716785, -11.9374125], [-76.9713594, -11.9369429], [-76.9713051, -11.9368613], [-76.9712564, -11.9367907], [-76.9712223, -11.9367417], [-76.9705057, -11.9357121], [-76.9704526, -11.9356357], [-76.9697189, -11.9345857]], [[-77.04101, -12.0603624], [-77.040997, -12.0602829], [-77.0409962, -12.0602024], [-77.0410076, -12.0601227], [-77.0410309, -12.0600455], [-77.0410639, -12.0599756], [-77.0411066, -12.059911], [-77.0411583, -12.0598529], [-77.0412179, -12.0598026], [-77.0412799, -12.0597633], [-77.0413467, -12.0597323], [-77.0414172, -12.0597104], [-77.0414641, -12.0597011], [-77.0415117, -12.0596959], [-77.0415841, -12.0596956], [-77.041656, -12.0597045], [-77.0417261, -12.0597225], [-77.041808, -12.0597567], [-77.0418833, -12.0598032], [-77.0419501, -12.0598609], [-77.0419845, -12.059902], [-77.0420065, -12.0599284], [-77.0420513, -12.0600038], [-77.0420777, -12.0600684], [-77.0420825, -12.0600867], [-77.0420955, -12.0601357], [-77.042103, -12.060185], [-77.0421048, -12.0602139], [-77.0421024, -12.0602926], [-77.0420885, -12.0603701], [-77.0420632, -12.0604448], [-77.0420271, -12.0605152], [-77.0419811, -12.0605797], [-77.0419193, -12.060643], [-77.0418478, -12.0606957], [-77.0417796, -12.0607318], [-77.0416947, -12.0607616], [-77.041606, -12.0607776], [-77.0415159, -12.0607793], [-77.0414267, -12.0607667], [-77.0413504, -12.0607422], [-77.0412981, -12.0607196], [-77.0412812, -12.0607123], [-77.0412255, -12.0606778], [-77.0411648, -12.0606282], [-77.0411119, -12.0605705], [-77.0410678, -12.0605062], [-77.0410337, -12.0604363], [-77.04101, -12.0603624]]]}}, {"type": "Feature", "properties": {"linea": "corredor_morado", "nombre": "Corredor Morado 405 (Corredor Morado 405 → La Capilla)", "ref": "405", "osm_id": 13683364}, "geometry": {"type": "LineString", "coordinates": [[-77.0326883, -12.0890764], [-77.0327055, -12.0889548], [-77.0327189, -12.0888763], [-77.0328191, -12.0881012], [-77.0328505, -12.0878586], [-77.0328602, -12.0877882], [-77.0328825, -12.0876262], [-77.0329839, -12.0868901], [-77.0330006, -12.0867686], [-77.0330105, -12.0867001], [-77.033087, -12.0861687], [-77.0331617, -12.0856714], [-77.0331823, -12.0855343], [-77.0332438, -12.0851034], [-77.0333334, -12.0844742], [-77.0334158, -12.0838547], [-77.0334739, -12.083417], [-77.0334811, -12.083342], [-77.0336147, -12.0824453], [-77.0336367, -12.0822981], [-77.0337991, -12.081208], [-77.0338053, -12.0811665], [-77.0338916, -12.0805875], [-77.0339421, -12.0802485], [-77.0339566, -12.0801514], [-77.0340236, -12.0797019], [-77.034039, -12.0795984], [-77.0340522, -12.07951], [-77.0337114, -12.0794636], [-77.0334222, -12.0794243], [-77.0332437, -12.0794], [-77.0325229, -12.0792885], [-77.0321263, -12.0792264], [-77.0317232, -12.0791724], [-77.0312847, -12.0791155], [-77.0311335, -12.0790959], [-77.0310067, -12.0789675], [-77.0308388, -12.0787895], [-77.0307451, -12.0786882], [-77.0302168, -12.0781142], [-77.0300636, -12.0779524], [-77.0299278, -12.0778184], [-77.0297036, -12.0775998], [-77.0293877, -12.0772672], [-77.0293445, -12.0772228], [-77.0292912, -12.0771735], [-77.0292434, -12.0771475], [-77.0291971, -12.0771252], [-77.029101, -12.0770856], [-77.0290509, -12.0770669], [-77.0290294, -12.0770603], [-77.0288847, -12.0770038], [-77.0286379, -12.0769099], [-77.0286085, -12.0768962], [-77.027768, -12.0765046], [-77.0273839, -12.0763649], [-77.0272667, -12.0763377], [-77.0269384, -12.076217], [-77.0268088, -12.0761701], [-77.0264758, -12.0760471], [-77.0260832, -12.075904], [-77.0260487, -12.0758699], [-77.0260283, -12.0758457], [-77.0260149, -12.0758266], [-77.0260045, -12.0758076], [-77.0259994, -12.0757916], [-77.0259962, -12.0757763], [-77.0259974, -12.0757607], [-77.0260039, -12.0757445], [-77.0260152, -12.0757309], [-77.0260301, -12.0757196], [-77.0260473, -12.0757121], [-77.0260752, -12.0757034], [-77.0261194, -12.075697], [-77.0262379, -12.0757393], [-77.0271602, -12.076068], [-77.0271941, -12.0760801], [-77.0273636, -12.0761405], [-77.0273912, -12.0761503], [-77.0274682, -12.0761778], [-77.0274924, -12.0759762], [-77.0275171, -12.0757646], [-77.0275484, -12.0755145], [-77.027573, -12.0753183], [-77.027721, -12.0743206], [-77.0277722, -12.0739892], [-77.0277923, -12.0738595], [-77.0278288, -12.073623], [-77.0278637, -12.0733081], [-77.0279244, -12.0728966], [-77.0280007, -12.0723793], [-77.0280032, -12.0723599], [-77.0280131, -12.0722835], [-77.0280201, -12.0722243], [-77.0280828, -12.071772], [-77.0281297, -12.0714338], [-77.0281541, -12.0712581], [-77.0282097, -12.0708531], [-77.0282668, -12.0704365], [-77.0282861, -12.0703095], [-77.0282907, -12.0702795], [-77.0282995, -12.0702156], [-77.0283107, -12.0701501], [-77.0283225, -12.0700624], [-77.0283219, -12.0700497], [-77.0283393, -12.0699378], [-77.028439, -12.0692004], [-77.0284476, -12.0691366], [-77.0284552, -12.0690799], [-77.0284637, -12.0690176], [-77.0285381, -12.0684668], [-77.028681, -12.067409], [-77.0286873, -12.0673622], [-77.0286926, -12.0673231], [-77.0286988, -12.0672769], [-77.0286999, -12.0672691], [-77.0287099, -12.067195], [-77.0287192, -12.0671258], [-77.0287249, -12.0670839], [-77.0287595, -12.0668277], [-77.0287859, -12.0666324], [-77.0288686, -12.0660203], [-77.0288735, -12.0659839], [-77.0288853, -12.0658969], [-77.0289042, -12.0657565], [-77.0289614, -12.0653336], [-77.0290323, -12.0648087], [-77.0290458, -12.0647085], [-77.0290526, -12.0646582], [-77.0290712, -12.0645206], [-77.0290801, -12.0644432], [-77.0290843, -12.0644064], [-77.0291164, -12.0641359], [-77.029216, -12.0632956], [-77.0292401, -12.0631169], [-77.0293224, -12.0625038], [-77.0293815, -12.0620699], [-77.0293968, -12.0619574], [-77.0293979, -12.0619493], [-77.0294018, -12.0619208], [-77.0294071, -12.0618816], [-77.0294168, -12.0618104], [-77.0294298, -12.0617149], [-77.0294688, -12.0614287], [-77.0294936, -12.0612443], [-77.0295634, -12.060723], [-77.0295713, -12.0606673], [-77.0295792, -12.0606116], [-77.029593, -12.0605046], [-77.0296081, -12.060395], [-77.0296802, -12.0598922], [-77.029736, -12.0594984], [-77.0297544, -12.0593545], [-77.0297616, -12.0593061], [-77.0297722, -12.0592263], [-77.029781, -12.0591615], [-77.0298103, -12.0589474], [-77.0298139, -12.058921], [-77.0298263, -12.058828], [-77.0299404, -12.0578856], [-77.0299528, -12.0577941], [-77.0299645, -12.057701], [-77.0300751, -12.056947], [-77.030104, -12.0567459], [-77.0301086, -12.0567121], [-77.0301137, -12.0566755], [-77.0301293, -12.0565473], [-77.0302095, -12.0559555], [-77.0303063, -12.0552824], [-77.0303082, -12.0552572], [-77.0303151, -12.0551733], [-77.0303191, -12.0550623], [-77.0303133, -12.0549334], [-77.0302981, -12.0548482], [-77.0302832, -12.0547998], [-77.0302717, -12.0547627], [-77.0302409, -12.054682], [-77.0302333, -12.054662], [-77.0301978, -12.0545848], [-77.0301564, -12.0544961], [-77.0301005, -12.0543922], [-77.0298626, -12.0539701], [-77.0297738, -12.0538011], [-77.0296518, -12.0535691], [-77.0296068, -12.0534836], [-77.029426, -12.0531242], [-77.0293739, -12.0530176], [-77.0293564, -12.0529883], [-77.0293078, -12.0529019], [-77.0292449, -12.0527925], [-77.0288445, -12.0520588], [-77.0287979, -12.0519709], [-77.028761, -12.0519024], [-77.0287062, -12.051797], [-77.028649, -12.0516885], [-77.028602, -12.0515994], [-77.02833, -12.0510874], [-77.0283093, -12.0510435], [-77.0282246, -12.05088], [-77.0281701, -12.0507693], [-77.02777, -12.0499966], [-77.0277249, -12.0499065], [-77.0276706, -12.0498055], [-77.0276361, -12.0497463], [-77.0272475, -12.0490237], [-77.0271937, -12.0489249], [-77.027169, -12.0488779], [-77.0271481, -12.0488382], [-77.0271272, -12.0487985], [-77.0270704, -12.0486903], [-77.0267024, -12.0479783], [-77.0266629, -12.0479018], [-77.0266315, -12.047841], [-77.0265879, -12.047749], [-77.0265223, -12.0476297], [-77.0262247, -12.0470631], [-77.0261941, -12.0470074], [-77.0260599, -12.0467636], [-77.0260388, -12.046725], [-77.0259969, -12.0466485], [-77.0259321, -12.0465239], [-77.0253716, -12.0454564], [-77.0252171, -12.0451617], [-77.0251847, -12.0450962], [-77.0250565, -12.0448226], [-77.0249915, -12.0446766], [-77.0241936, -12.043122], [-77.0241623, -12.0430662], [-77.0241093, -12.0429843], [-77.0240453, -12.0428922], [-77.0239882, -12.0428593], [-77.023953, -12.0428407], [-77.0239357, -12.0428318], [-77.0239146, -12.0428234], [-77.0238789, -12.0428114], [-77.0238454, -12.0428045], [-77.0238092, -12.0427965], [-77.023773, -12.0427878], [-77.0237265, -12.0427811], [-77.0236538, -12.0427734], [-77.0235345, -12.0427622], [-77.02347, -12.0427557], [-77.0232522, -12.0427313], [-77.0231321, -12.0427364], [-77.0231095, -12.0427374], [-77.0230446, -12.0427402], [-77.0228233, -12.0427178], [-77.0226354, -12.0427119], [-77.0226149, -12.0427113], [-77.0225869, -12.0426995], [-77.0223588, -12.0426036], [-77.0222604, -12.0425564], [-77.0217313, -12.0422558], [-77.0216744, -12.0422196], [-77.0216198, -12.0421834], [-77.0215392, -12.042058], [-77.0214324, -12.0419926], [-77.0210524, -12.0417595], [-77.0205386, -12.0414921], [-77.0204398, -12.0414504], [-77.0203373, -12.0414071], [-77.0203085, -12.041395], [-77.0202602, -12.0413746], [-77.02018, -12.0413358], [-77.0195709, -12.0410414], [-77.0192719, -12.0409111], [-77.0190113, -12.0407908], [-77.0187681, -12.0406851], [-77.0185909, -12.0406176], [-77.0185427, -12.0406012], [-77.0185362, -12.040599], [-77.0184642, -12.0405768], [-77.0183112, -12.0405346], [-77.0181013, -12.0404766], [-77.0179836, -12.0404483], [-77.0178939, -12.0404205], [-77.0178533, -12.0404032], [-77.0178169, -12.0403879], [-77.0177423, -12.0403468], [-77.0176543, -12.0402919], [-77.0175272, -12.0402006], [-77.0171253, -12.0398782], [-77.0168338, -12.0396475], [-77.0165294, -12.0394107], [-77.0160523, -12.0390523], [-77.0155843, -12.0387114], [-77.0147084, -12.0380623], [-77.0144578, -12.0378749], [-77.0142467, -12.0377259], [-77.0140729, -12.0376254], [-77.0139626, -12.037573], [-77.0138668, -12.0375383], [-77.0138195, -12.0375237], [-77.0137024, -12.0374864], [-77.013607, -12.0374584], [-77.0135011, -12.0374131], [-77.0134209, -12.0373642], [-77.0133548, -12.0373012], [-77.0132777, -12.0372174], [-77.0132234, -12.0371396], [-77.0132123, -12.0371091], [-77.0130099, -12.0363151], [-77.0128649, -12.0357004], [-77.0127148, -12.0351215], [-77.0126704, -12.0348778], [-77.0126295, -12.0345842], [-77.012577, -12.0340103], [-77.0125338, -12.0335355], [-77.0124918, -12.0332655], [-77.0124559, -12.0330829], [-77.0124, -12.0328881], [-77.0123655, -12.0328058], [-77.012331, -12.0327234], [-77.0122468, -12.0325537], [-77.0121774, -12.0324449], [-77.012153, -12.0324067], [-77.0120483, -12.0322601], [-77.0120229, -12.0322351], [-77.0119997, -12.0321953], [-77.0119889, -12.0321507], [-77.0119911, -12.0321049], [-77.0120064, -12.0320616], [-77.0120334, -12.0320241], [-77.012063, -12.0319998], [-77.0120976, -12.0319827], [-77.0121226, -12.0318635], [-77.0121358, -12.031786], [-77.0121461, -12.031723], [-77.012179, -12.0314933], [-77.0121962, -12.0313773], [-77.0121982, -12.0312572], [-77.0121957, -12.0311709], [-77.012191, -12.0310393], [-77.0121767, -12.0309433], [-77.0121506, -12.0307947], [-77.0120854, -12.0305437], [-77.0120775, -12.0305149], [-77.0119403, -12.0300142], [-77.0117566, -12.0294025], [-77.0116867, -12.0291649], [-77.0115659, -12.0287696], [-77.0115037, -12.028593], [-77.0114732, -12.0285371], [-77.0114379, -12.0284858], [-77.0114153, -12.0284595], [-77.0113935, -12.0284378], [-77.0113705, -12.0284213], [-77.011351, -12.0284035], [-77.0113359, -12.0283759], [-77.0112309, -12.0281149], [-77.0111148, -12.0278313], [-77.0110707, -12.0277235], [-77.0108643, -12.027271], [-77.0107492, -12.0270149], [-77.0106096, -12.0267029], [-77.0104433, -12.0263649], [-77.0104115, -12.0263037], [-77.0103765, -12.0262416], [-77.0103241, -12.0261596], [-77.0102862, -12.0261111], [-77.0102268, -12.0260399], [-77.0101723, -12.0259771], [-77.0100995, -12.0258839], [-77.010034, -12.0257999], [-77.0099631, -12.0257136], [-77.0093966, -12.0250762], [-77.0093216, -12.0249968], [-77.007926, -12.0235194], [-77.0078731, -12.0234634], [-77.0078335, -12.0234215], [-77.007806, -12.0233923], [-77.0077307, -12.0233052], [-77.0076842, -12.0232562], [-77.0076452, -12.0232151], [-77.0061168, -12.021604], [-77.0051867, -12.0206155], [-77.0051369, -12.0205629], [-77.0050981, -12.0205241], [-77.0049906, -12.0204166], [-77.0047864, -12.0202124], [-77.0045843, -12.0200332], [-77.0044095, -12.0198848], [-77.0042623, -12.0197596], [-77.0040469, -12.0196095], [-77.0039034, -12.0195219], [-77.0037107, -12.0193836], [-77.0035614, -12.0192565], [-77.0033995, -12.0191111], [-77.0032447, -12.0189485], [-77.0031147, -12.0187923], [-77.0029697, -12.0186144], [-77.0028616, -12.0184869], [-77.0027771, -12.0183789], [-77.0026814, -12.0182508], [-77.0026298, -12.018187], [-77.0025946, -12.0181417], [-77.0025269, -12.018053], [-77.0024246, -12.0179238], [-77.0023486, -12.0178326], [-77.0021453, -12.0175516], [-77.0021012, -12.017487], [-77.0020564, -12.0173437], [-77.002035, -12.0172912], [-77.0019907, -12.0171983], [-77.0019524, -12.0171131], [-77.0019186, -12.0170325], [-77.0018907, -12.0169574], [-77.0018615, -12.0168609], [-77.001841, -12.0167746], [-77.0018034, -12.0166126], [-77.0017814, -12.0165023], [-77.0017792, -12.0164828], [-77.0017664, -12.0163674], [-77.0017569, -12.0162641], [-77.0017481, -12.0161632], [-77.0017475, -12.0160402], [-77.0017709, -12.0156387], [-77.0017772, -12.0155268], [-77.0017819, -12.0154439], [-77.0017956, -12.0151444], [-77.0018616, -12.0142069], [-77.001899, -12.0135067], [-77.0019104, -12.0132904], [-77.0019118, -12.0132645], [-77.0019144, -12.0132173], [-77.0019188, -12.0131673], [-77.0019241, -12.0131079], [-77.0019283, -12.0130646], [-77.0019659, -12.0126807], [-77.0020047, -12.0124288], [-77.0020671, -12.01216], [-77.0021196, -12.0119864], [-77.0021899, -12.0118131], [-77.0022577, -12.01165], [-77.0023411, -12.0114843], [-77.0024323, -12.0113237], [-77.0026499, -12.0109744], [-77.0037088, -12.0093182], [-77.0043615, -12.0082902], [-77.0046463, -12.0078518], [-77.0049532, -12.0073695], [-77.0054101, -12.0066531], [-77.0054294, -12.0066229], [-77.0055826, -12.0063824], [-77.0056522, -12.0062735], [-77.0057354, -12.0061435], [-77.0057628, -12.0061006], [-77.0057712, -12.0060874], [-77.0058028, -12.006038], [-77.0058355, -12.0059868], [-77.0058907, -12.0059022], [-77.0059159, -12.0058635], [-77.005973, -12.0057746], [-77.0059943, -12.0057414], [-77.0076725, -12.0031312], [-77.0077723, -12.0029728], [-77.0078099, -12.0029171], [-77.0079571, -12.002656], [-77.0080304, -12.0025026], [-77.0080843, -12.0023831], [-77.0081466, -12.0022196], [-77.0081873, -12.002096], [-77.0082322, -12.0019705], [-77.0083422, -12.001596], [-77.0083638, -12.0015155], [-77.0083843, -12.001443], [-77.0088166, -11.9998365], [-77.0094802, -11.9973781], [-77.0094923, -11.9973331], [-77.0094992, -11.9973075], [-77.0095127, -11.9972573], [-77.009538, -11.9971614], [-77.0095614, -11.9970838], [-77.0095802, -11.9970213], [-77.009587, -11.9969987], [-77.0097035, -11.9966114], [-77.0098525, -11.9961158], [-77.0098765, -11.9960356], [-77.0106187, -11.9935735], [-77.0106336, -11.993524], [-77.0106512, -11.9934655], [-77.0106802, -11.9933633], [-77.0106898, -11.9933312], [-77.0107064, -11.993276], [-77.0108809, -11.9926959], [-77.0109377, -11.9924386], [-77.0109715, -11.992218], [-77.0109924, -11.9920028], [-77.0109989, -11.9918223], [-77.0109924, -11.9916174], [-77.0109784, -11.9914041], [-77.010949, -11.9911907], [-77.0108827, -11.9908114], [-77.0108383, -11.9905706], [-77.0107915, -11.9903576], [-77.0107557, -11.9902113], [-77.0107471, -11.9901866], [-77.0107155, -11.990075], [-77.0106923, -11.9900018], [-77.0106519, -11.989912], [-77.0106105, -11.9898264], [-77.0105322, -11.9896645], [-77.0104579, -11.9895289], [-77.0103539, -11.9893392], [-77.0102172, -11.9891288], [-77.010092, -11.9889605], [-77.0099323, -11.9887921], [-77.0097226, -11.9885972], [-77.009474, -11.9883844], [-77.0085207, -11.9875612], [-77.0082423, -11.9873188], [-77.0079364, -11.9870348], [-77.0077557, -11.9868752], [-77.0075762, -11.9867064], [-77.0073987, -11.9865182], [-77.0072447, -11.9863211], [-77.0071374, -11.9861557], [-77.0070233, -11.9859801], [-77.0069246, -11.9858008], [-77.0068118, -11.9855585], [-77.0067081, -11.98522], [-77.0066725, -11.9851037], [-77.0066454, -11.9850152], [-77.0066255, -11.9849378], [-77.0065774, -11.9847798], [-77.0065441, -11.9846829], [-77.0065241, -11.9846248], [-77.0064641, -11.9844503], [-77.0060094, -11.9829766], [-77.0054244, -11.9812752], [-77.0054126, -11.9812413], [-77.0052869, -11.9808803], [-77.0051453, -11.9804707], [-77.0050709, -11.9802771], [-77.0049566, -11.980035], [-77.0048848, -11.9798866], [-77.0047319, -11.9795703], [-77.0046235, -11.9793461], [-77.0044945, -11.9790792], [-77.0043763, -11.9788704], [-77.0041986, -11.9785889], [-77.0038432, -11.9781074], [-77.0032131, -11.9772389], [-77.0030785, -11.9770683], [-77.0030457, -11.9770301], [-77.0029684, -11.9769402], [-77.0028341, -11.9768215], [-77.0025866, -11.9766323], [-77.0021747, -11.9763249], [-77.0020553, -11.9762358], [-77.0019396, -11.9761495], [-77.0017608, -11.976016], [-77.0016563, -11.975938], [-77.0015537, -11.9758615], [-77.0005699, -11.9752066], [-77.0003847, -11.9750849], [-77.0002806, -11.9750159], [-77.0001678, -11.9749419], [-77.0000934, -11.9748883], [-76.9991695, -11.974222], [-76.998196, -11.9734871], [-76.9981315, -11.9734384], [-76.9972239, -11.9727743], [-76.9969286, -11.9725603], [-76.996786, -11.9724471], [-76.9967187, -11.9723932], [-76.9966487, -11.9723272], [-76.9966159, -11.9722945], [-76.9965408, -11.9722243], [-76.9964474, -11.9721288], [-76.9963174, -11.9720082], [-76.9960447, -11.9717168], [-76.9958163, -11.9714272], [-76.9954149, -11.9708826], [-76.9951224, -11.9704767], [-76.9948597, -11.9701179], [-76.9940534, -11.9690217], [-76.9940221, -11.9689811], [-76.9939457, -11.9688886], [-76.9938586, -11.9687882], [-76.9938075, -11.9687196], [-76.9935624, -11.9684183], [-76.9931742, -11.9679116], [-76.9930266, -11.9677017], [-76.9928895, -11.9674904], [-76.9926524, -11.9671522], [-76.9925976, -11.967069], [-76.9925336, -11.9669708], [-76.9920662, -11.9663164], [-76.9917351, -11.9658637], [-76.9911602, -11.9650629], [-76.9908987, -11.9646989], [-76.9904876, -11.9641273], [-76.9899607, -11.9633939], [-76.9897461, -11.9630875], [-76.9896425, -11.9629403], [-76.9889624, -11.9619844], [-76.9888393, -11.9618024], [-76.9887969, -11.9617434], [-76.9885251, -11.9613958], [-76.9884244, -11.9612602], [-76.9882327, -11.9609658], [-76.9881122, -11.9607956], [-76.9880217, -11.9606679], [-76.9874551, -11.9598678], [-76.9874114, -11.9598015], [-76.9873289, -11.9596765], [-76.9872872, -11.9596132], [-76.9869727, -11.9591287], [-76.9869101, -11.9590323], [-76.9868317, -11.9589164], [-76.9867968, -11.9588638], [-76.9867546, -11.9588047], [-76.9866973, -11.9587241], [-76.9866302, -11.9586279], [-76.9860847, -11.9578529], [-76.985999, -11.9577311], [-76.9859528, -11.9576685], [-76.9854857, -11.9569639], [-76.9854104, -11.9568259], [-76.9853623, -11.9566671], [-76.9853485, -11.9564921], [-76.9853705, -11.9563376], [-76.9854177, -11.9562002], [-76.9855144, -11.9560105], [-76.9857088, -11.9556191], [-76.986032, -11.9549682], [-76.986633, -11.9537163], [-76.9870925, -11.952814], [-76.9871331, -11.9527175], [-76.9871651, -11.9526413], [-76.9873645, -11.9522349], [-76.9874613, -11.9520216], [-76.987495, -11.9519059], [-76.9875096, -11.9518164], [-76.987512, -11.9517085], [-76.9875009, -11.9515921], [-76.9874839, -11.9515088], [-76.9874404, -11.9513765], [-76.9873861, -11.9512843], [-76.9873255, -11.9511925], [-76.9872661, -11.9511014], [-76.9871382, -11.9509051], [-76.9871228, -11.9508787], [-76.987024, -11.950736], [-76.986983, -11.9506768], [-76.9867417, -11.9503285], [-76.9857726, -11.9489352], [-76.9849866, -11.9478211], [-76.9849385, -11.9477458], [-76.9849038, -11.947695], [-76.9848524, -11.9476174], [-76.9839242, -11.9462563], [-76.9834326, -11.9455467], [-76.9826972, -11.9444838], [-76.9821915, -11.9437578], [-76.9820316, -11.943508], [-76.9819713, -11.9434257], [-76.9819397, -11.9433866], [-76.9811467, -11.9422236], [-76.9805132, -11.9413351], [-76.9803495, -11.9410852], [-76.979762, -11.9402441], [-76.9797154, -11.9401871], [-76.9796131, -11.9400839], [-76.9795208, -11.9400057], [-76.9793468, -11.9398645], [-76.9792244, -11.939774], [-76.9791168, -11.9397016], [-76.9788514, -11.9395589], [-76.9785878, -11.9394524], [-76.9783593, -11.9393812], [-76.9769479, -11.9389801], [-76.9767984, -11.9389425], [-76.9753372, -11.9385167], [-76.9751197, -11.9384556], [-76.9749552, -11.9384182], [-76.9748111, -11.9383985], [-76.9746902, -11.9383931], [-76.9745874, -11.9383987], [-76.974514, -11.9384086], [-76.974394, -11.9384329], [-76.973922, -11.9385933], [-76.9737046, -11.9386633], [-76.9735129, -11.9387345], [-76.9733611, -11.9387908], [-76.9731751, -11.9388445], [-76.9730941, -11.9388605], [-76.9729943, -11.938865], [-76.9729226, -11.938861], [-76.972866, -11.9388499], [-76.9727801, -11.9388208], [-76.9727123, -11.9387847], [-76.9726512, -11.9387466], [-76.972602, -11.9387051], [-76.9725458, -11.9386457], [-76.9724979, -11.9385878], [-76.9721094, -11.938035], [-76.9720582, -11.9379557], [-76.9720206, -11.9378972], [-76.9716785, -11.9374125], [-76.9713594, -11.9369429], [-76.9713051, -11.9368613], [-76.9712564, -11.9367907], [-76.9712223, -11.9367417], [-76.9705057, -11.9357121], [-76.9704526, -11.9356357], [-76.9697189, -11.9345857]]}}, {"type": "Feature", "properties": {"linea": "corredor_azul", "nombre": "Corredor Azul 301 (Corredor Azul 301 → Amancaes)", "ref": "301", "osm_id": 13690718}, "geometry": {"type": "MultiLineString", "coordinates": [[[-77.0289201, -12.1190249], [-77.0289234, -12.1189026], [-77.0289265, -12.1187737], [-77.0290071, -12.1182774], [-77.0290515, -12.1179742], [-77.029064, -12.117889], [-77.0290853, -12.1177647], [-77.029206, -12.1170516], [-77.0292257, -12.1169466], [-77.0292422, -12.1168522], [-77.02937, -12.1160811], [-77.0293963, -12.1159226], [-77.0296394, -12.114468], [-77.0297207, -12.1140205], [-77.0297491, -12.1138644], [-77.0297656, -12.1137747], [-77.0297793, -12.113698], [-77.0297953, -12.1136198], [-77.0299762, -12.1126416], [-77.030115, -12.1118216], [-77.0301498, -12.1116159], [-77.0303225, -12.1105781], [-77.0304904, -12.1095394], [-77.0305282, -12.1093146], [-77.0305706, -12.1090624], [-77.0305785, -12.1090107], [-77.030609, -12.1088326], [-77.0306176, -12.1087822], [-77.0308012, -12.1077209], [-77.0308905, -12.1071577], [-77.0309623, -12.1067302], [-77.0309776, -12.1066389], [-77.0309914, -12.1065568], [-77.0310524, -12.1061936], [-77.0311215, -12.1057825], [-77.0311538, -12.10559], [-77.0312404, -12.1050903], [-77.0313377, -12.1045125], [-77.0314654, -12.1037726], [-77.0315022, -12.1035564], [-77.0315099, -12.1035098], [-77.0315185, -12.1034486], [-77.0317, -12.1023636], [-77.031796, -12.1017896], [-77.0318808, -12.1013083], [-77.0319878, -12.1007046], [-77.031994, -12.1006664], [-77.0320301, -12.1004564], [-77.0320532, -12.1003048], [-77.0320657, -12.1002283], [-77.0321281, -12.0998461], [-77.0321391, -12.099781], [-77.0321574, -12.0996742], [-77.0321775, -12.0995572], [-77.0322464, -12.0991559], [-77.0322931, -12.0988616], [-77.0323056, -12.0987916], [-77.0323487, -12.0985507], [-77.0324093, -12.0981352], [-77.0324207, -12.0980718], [-77.0324343, -12.0979754], [-77.0325311, -12.0972744], [-77.0325456, -12.0971744], [-77.0325597, -12.0970777], [-77.0325634, -12.097052], [-77.0325775, -12.0969546], [-77.0326345, -12.0965594], [-77.0326916, -12.096174], [-77.0327769, -12.0956153], [-77.0327893, -12.0955384], [-77.0328031, -12.09542], [-77.0328427, -12.095147], [-77.0328994, -12.0947562], [-77.0329163, -12.0946401], [-77.0329248, -12.0945815], [-77.0329809, -12.0942392], [-77.0330149, -12.0940238], [-77.0330309, -12.0939352], [-77.0330601, -12.0937626], [-77.0330981, -12.0934236], [-77.0331561, -12.0932926], [-77.033287, -12.0923987], [-77.0333235, -12.0921168], [-77.033459, -12.0911912], [-77.0334624, -12.0909774], [-77.0334767, -12.0908884], [-77.0335092, -12.0906866], [-77.0335188, -12.0906219], [-77.0335326, -12.0905288], [-77.0335812, -12.0901238], [-77.0336272, -12.0897851], [-77.0336633, -12.0895035], [-77.0337178, -12.0891463], [-77.0337377, -12.089012], [-77.0337879, -12.0886611], [-77.0338183, -12.0884461], [-77.0338714, -12.0880707], [-77.0338892, -12.0879544], [-77.0338923, -12.0879341], [-77.0339946, -12.0872651], [-77.0340317, -12.0870225], [-77.0340458, -12.0869322], [-77.0340554, -12.0868568], [-77.0341119, -12.0864532], [-77.0341301, -12.0863149], [-77.0342172, -12.0856816], [-77.0343087, -12.0850756], [-77.0343551, -12.0847456], [-77.0343623, -12.0846947], [-77.0343714, -12.084623], [-77.0343807, -12.0845537], [-77.0344378, -12.0841526], [-77.0345254, -12.0835692], [-77.0345364, -12.0834888], [-77.0346104, -12.0829772], [-77.0346323, -12.0828258], [-77.034677, -12.0825167], [-77.0346875, -12.0824441], [-77.0347001, -12.0823565], [-77.0348449, -12.0813552], [-77.0348514, -12.0813119], [-77.0349174, -12.0808733], [-77.0349239, -12.08083], [-77.0349383, -12.0807343], [-77.0349487, -12.0806652], [-77.0349894, -12.0803943], [-77.0350457, -12.0800204], [-77.0351003, -12.0796576], [-77.035262, -12.0785828], [-77.0353938, -12.0777064], [-77.0355191, -12.0768734], [-77.0355525, -12.0766511], [-77.0357041, -12.0756433], [-77.0357169, -12.0755583], [-77.0357267, -12.0754935], [-77.0358505, -12.0746705], [-77.0358569, -12.0746279], [-77.0358714, -12.0745313], [-77.0358844, -12.0744508], [-77.0358898, -12.0744054], [-77.0359333, -12.0741165], [-77.0359988, -12.0736819], [-77.0360329, -12.0734836], [-77.0360453, -12.0734139], [-77.0360552, -12.073344], [-77.0360957, -12.073118], [-77.0361491, -12.0727508], [-77.0361865, -12.0724937], [-77.0362025, -12.0723835], [-77.0362105, -12.0723295], [-77.036303, -12.0717037], [-77.0363116, -12.0716456], [-77.0363688, -12.0712754], [-77.0365076, -12.0703353], [-77.0365237, -12.0702264], [-77.0366172, -12.0696126], [-77.0366285, -12.0695461], [-77.036671, -12.0692602], [-77.0366812, -12.0691916], [-77.0367703, -12.0686608], [-77.0367796, -12.0685937], [-77.0368089, -12.0683831], [-77.0368218, -12.0682911], [-77.0368279, -12.0682417], [-77.0369236, -12.0675708], [-77.0369975, -12.0670544], [-77.0370088, -12.0669924], [-77.0370215, -12.0669159], [-77.0370733, -12.0666853], [-77.0371143, -12.0665872], [-77.0371918, -12.0661382], [-77.0373805, -12.0648892], [-77.0375132, -12.0639953], [-77.0375779, -12.0632157], [-77.0376075, -12.0628094], [-77.0376181, -12.0626766], [-77.0378129, -12.0602251], [-77.0378224, -12.0601122], [-77.0378263, -12.060028], [-77.0378418, -12.0598145], [-77.037845, -12.0597249], [-77.0378457, -12.0596854], [-77.0378686, -12.0594186], [-77.0379208, -12.0588144], [-77.0379881, -12.058036], [-77.0379896, -12.0580252], [-77.0379993, -12.0578911], [-77.0380113, -12.0577628], [-77.0380145, -12.0577294], [-77.0380669, -12.0570664], [-77.0380908, -12.0567486], [-77.038107, -12.0565288], [-77.0381087, -12.056508], [-77.0381108, -12.0564813], [-77.0381333, -12.056205], [-77.0381461, -12.0560217], [-77.0381568, -12.0558902], [-77.0381655, -12.05582], [-77.0382294, -12.0551148], [-77.0382445, -12.0549468], [-77.0382452, -12.0549365], [-77.0382748, -12.0545272], [-77.038288, -12.0543436], [-77.038293, -12.0542788], [-77.038301, -12.0541551], [-77.0383062, -12.0540849], [-77.0383086, -12.0540479], [-77.0383288, -12.0538395], [-77.038379, -12.0533086], [-77.0383872, -12.0532377], [-77.0384588, -12.0526536], [-77.0385483, -12.0520719], [-77.0386227, -12.0514916], [-77.0386487, -12.0512729], [-77.0386664, -12.0511117], [-77.0386732, -12.0510539], [-77.0386812, -12.050979], [-77.038703, -12.050804], [-77.038928, -12.049098], [-77.0389368, -12.0490065], [-77.0389524, -12.0489128], [-77.0389701, -12.0488075], [-77.0389784, -12.048758], [-77.0389828, -12.0486939], [-77.0389851, -12.0486598], [-77.0389845, -12.0486413], [-77.0389792, -12.0486125], [-77.0389701, -12.0485886], [-77.0389499, -12.0485579], [-77.0388394, -12.0483964], [-77.0388078, -12.0483503], [-77.0384047, -12.0477705], [-77.038197, -12.0474717], [-77.0381669, -12.0474317], [-77.0381181, -12.0473594], [-77.0381017, -12.0473354], [-77.0380971, -12.0473287], [-77.0380783, -12.0473011], [-77.0376401, -12.0466601], [-77.0375469, -12.0465286], [-77.0375222, -12.0464921], [-77.0374779, -12.0464315], [-77.0374437, -12.0463835], [-77.0374229, -12.0463504], [-77.0373799, -12.0462932], [-77.0368949, -12.0456081], [-77.0368722, -12.045573], [-77.0368371, -12.0455256], [-77.0368098, -12.0454885], [-77.0367648, -12.0454249], [-77.0363091, -12.0447566], [-77.0361957, -12.0445904], [-77.036168, -12.0445479], [-77.0361472, -12.0445168], [-77.0360831, -12.0444305], [-77.0356257, -12.0437485], [-77.0355777, -12.0436756], [-77.0355252, -12.0436011], [-77.0354873, -12.043549], [-77.0354422, -12.0434876], [-77.0352076, -12.0431416], [-77.034927, -12.0427377], [-77.0348918, -12.0426915], [-77.0348367, -12.0426063], [-77.0344608, -12.0420581], [-77.0335657, -12.0407524], [-77.0329343, -12.0398314], [-77.0329019, -12.0398017], [-77.0328803, -12.0397796], [-77.0328602, -12.0397591], [-77.0325635, -12.0393269], [-77.0324056, -12.0390914], [-77.0323215, -12.0389717], [-77.0322774, -12.0389098], [-77.0322109, -12.0388198], [-77.0321523, -12.0387283], [-77.0318755, -12.038296], [-77.031855, -12.038264], [-77.0317638, -12.0381214], [-77.031645, -12.0379359], [-77.0311587, -12.0371764], [-77.0310456, -12.0369997], [-77.0309356, -12.0368278], [-77.0308878, -12.0367532], [-77.0308651, -12.0367177], [-77.0308322, -12.0366663], [-77.0307483, -12.0365353], [-77.0303153, -12.0358591], [-77.0298884, -12.0351922], [-77.0298563, -12.0351413], [-77.0297627, -12.0349975], [-77.0297392, -12.0349614], [-77.0297157, -12.0349253], [-77.0296286, -12.0347914], [-77.0295842, -12.0347231], [-77.0294895, -12.0345776], [-77.0293359, -12.0343415], [-77.0291781, -12.0340989], [-77.0288534, -12.0335997], [-77.028821, -12.0335498], [-77.0287952, -12.0335102], [-77.0287195, -12.0333943], [-77.0285894, -12.0331935], [-77.0284133, -12.032923], [-77.0284013, -12.032905], [-77.0283413, -12.0328151], [-77.0282698, -12.032708], [-77.0282361, -12.0326605], [-77.0282051, -12.0326221], [-77.0281434, -12.0325491], [-77.0281124, -12.0325125], [-77.0280415, -12.03243], [-77.0278494, -12.0322065], [-77.027805, -12.0321548], [-77.0277362, -12.0320705], [-77.0276386, -12.031952], [-77.0277693, -12.0318293], [-77.0279014, -12.0317241], [-77.0294837, -12.0303207], [-77.0294992, -12.0303077], [-77.0295624, -12.0302467], [-77.02964, -12.0301765], [-77.0297332, -12.0300944], [-77.0304395, -12.0294609], [-77.0305889, -12.0293287], [-77.0306641, -12.0292622], [-77.0307942, -12.0291471], [-77.0311685, -12.0288179], [-77.031228, -12.0287634], [-77.0312699, -12.0287263], [-77.0313581, -12.0286478], [-77.0317856, -12.028267], [-77.0323183, -12.0278004], [-77.032779, -12.027384], [-77.0329107, -12.0272649], [-77.0331775, -12.0270382], [-77.0332075, -12.0270127], [-77.0332352, -12.0269892], [-77.0333199, -12.0269128], [-77.0339018, -12.0263872], [-77.0340404, -12.026262]], [[-77.017295, -12.1388387], [-77.0174986, -12.1389025], [-77.0175197, -12.1389087], [-77.0176457, -12.1389516], [-77.0176625, -12.1389567], [-77.0177072, -12.1389705], [-77.0177656, -12.1389894], [-77.0178002, -12.1390005], [-77.0178484, -12.1390163], [-77.0178996, -12.139033], [-77.017928, -12.1390415], [-77.0181718, -12.1391188], [-77.0187606, -12.1392813], [-77.0188644, -12.1392586], [-77.018933, -12.1392483], [-77.0190759, -12.1392433], [-77.0193006, -12.1392505], [-77.019567, -12.1392672], [-77.0199065, -12.1392969], [-77.0202132, -12.1393246], [-77.0206953, -12.1393637], [-77.0212053, -12.13941], [-77.021472, -12.139429], [-77.0219753, -12.1394645], [-77.0220213, -12.1394684], [-77.0221061, -12.1394357], [-77.0221746, -12.1393918], [-77.022231, -12.1393309], [-77.0222735, -12.1392624], [-77.0222826, -12.1391548], [-77.0222982, -12.1389308], [-77.0222994, -12.1389135], [-77.0223211, -12.1386361], [-77.0223817, -12.1380255], [-77.0223882, -12.1379599], [-77.0224057, -12.1378485], [-77.0224347, -12.1376792], [-77.0224798, -12.1374162], [-77.0225224, -12.1371679], [-77.0225388, -12.1370724], [-77.022666, -12.1363306], [-77.0227363, -12.135921], [-77.0227477, -12.1358543], [-77.0228939, -12.1354038], [-77.0230456, -12.1349557], [-77.0230813, -12.1348433], [-77.0232109, -12.1344771], [-77.0232228, -12.1344341], [-77.0232338, -12.1343944], [-77.0232421, -12.1343363], [-77.0232469, -12.1342565], [-77.0232955, -12.1336522], [-77.0233057, -12.1335047], [-77.0233298, -12.133155], [-77.0233412, -12.1329903], [-77.0233544, -12.1327995], [-77.0233562, -12.1327735], [-77.0233622, -12.1326864], [-77.0233959, -12.1322217], [-77.0235447, -12.1322278], [-77.0235061, -12.1327678], [-77.0235031, -12.1328096], [-77.0234934, -12.1329456], [-77.023456, -12.1335481], [-77.0234348, -12.1338909], [-77.0234362, -12.1340665], [-77.0234352, -12.134332], [-77.0234362, -12.1344574], [-77.0234649, -12.1345196], [-77.0234889, -12.1345573], [-77.0235182, -12.1345819], [-77.0235554, -12.1345972], [-77.0236814, -12.1346357], [-77.0238505, -12.1346887], [-77.0239343, -12.1347155], [-77.0245323, -12.1348986], [-77.0248751, -12.1350118], [-77.024942, -12.1350634], [-77.0249499, -12.1350614], [-77.0249862, -12.1350717], [-77.025042, -12.1350897], [-77.0250932, -12.135114], [-77.0251342, -12.1351318], [-77.0251623, -12.1351386], [-77.0251828, -12.1351415], [-77.0252085, -12.1351437], [-77.0252407, -12.135136], [-77.0252629, -12.1351288], [-77.0252862, -12.1351133], [-77.0254078, -12.1350083], [-77.0259684, -12.1345242], [-77.0260547, -12.1344497], [-77.0267034, -12.1339382], [-77.0274381, -12.1333287], [-77.0275615, -12.1332249], [-77.0276349, -12.1331692], [-77.0277034, -12.1331154], [-77.0278201, -12.1330315], [-77.0284365, -12.1325719], [-77.0289946, -12.1321669], [-77.0290126, -12.1321539], [-77.0291443, -12.1320528], [-77.0294846, -12.1317869], [-77.0295323, -12.1317496], [-77.0298568, -12.1315009], [-77.0298665, -12.1314877], [-77.029875, -12.1314712], [-77.0298799, -12.1314529], [-77.0298839, -12.1314269], [-77.029886, -12.1313917], [-77.0298841, -12.1313711], [-77.0298579, -12.1310606], [-77.0298424, -12.1308061], [-77.0297892, -12.1301537], [-77.0297656, -12.1299011], [-77.0297638, -12.1298822], [-77.0297564, -12.1298024], [-77.0297507, -12.1297398], [-77.0296606, -12.1287579], [-77.029655, -12.1286964], [-77.0296457, -12.1286019], [-77.0295958, -12.1280953], [-77.0295662, -12.1278111], [-77.0295373, -12.1274881], [-77.029521, -12.1273055], [-77.0294972, -12.1269687], [-77.0295303, -12.1268706], [-77.029465, -12.1260481], [-77.029462, -12.1260003], [-77.029461, -12.1259848], [-77.0294517, -12.1258071], [-77.0294338, -12.1254635], [-77.0294025, -12.1248102], [-77.029396, -12.1246736], [-77.0293938, -12.1246288], [-77.0293907, -12.1245531], [-77.0293857, -12.1244797], [-77.0293755, -12.1244004], [-77.0292565, -12.1234904], [-77.0292398, -12.1233702], [-77.0292019, -12.1231061], [-77.0291914, -12.1230328], [-77.0291778, -12.1229387], [-77.0291669, -12.1228672], [-77.0291053, -12.1224623], [-77.0290937, -12.1223648], [-77.0290809, -12.1222741], [-77.0290299, -12.1216629], [-77.0290138, -12.1214049], [-77.0290097, -12.121318], [-77.0289985, -12.1210924], [-77.0289953, -12.1208911], [-77.0289817, -12.1203677], [-77.0289768, -12.1201209], [-77.0289704, -12.1198895], [-77.0289671, -12.1198384], [-77.0289612, -12.1197649], [-77.0289584, -12.1196317], [-77.0289561, -12.1194441]], [[-77.0291598, -12.1190049], [-77.0291821, -12.1190318], [-77.0291953, -12.119049], [-77.0292067, -12.1190662], [-77.0292184, -12.1190879], [-77.0292288, -12.1191088], [-77.0292376, -12.1191342], [-77.0292462, -12.1191593], [-77.0292554, -12.1191956], [-77.029259, -12.1192189], [-77.0292617, -12.1192417], [-77.0292617, -12.1192694], [-77.0292597, -12.1192956], [-77.0292563, -12.1193173], [-77.029251, -12.1193396], [-77.0292429, -12.1193691], [-77.0292338, -12.1193928], [-77.0292194, -12.1194202], [-77.0292085, -12.1194359], [-77.029196, -12.119451], [-77.0291785, -12.1194681], [-77.029162, -12.1194809], [-77.0291436, -12.1194917], [-77.0291248, -12.1195002], [-77.0291014, -12.1195061], [-77.029081, -12.119507], [-77.0290594, -12.1195045], [-77.0290411, -12.1194995], [-77.0290196, -12.1194915], [-77.0290022, -12.119483], [-77.0289841, -12.1194694], [-77.0289734, -12.1194602], [-77.0289561, -12.1194441], [-77.0289398, -12.1194254], [-77.028928, -12.1194083], [-77.0289173, -12.1193912], [-77.0289063, -12.1193704], [-77.0288949, -12.1193435], [-77.0288887, -12.1193216], [-77.0288816, -12.1192979], [-77.0288794, -12.1192799], [-77.0288761, -12.1192589], [-77.0288748, -12.119234], [-77.0288744, -12.1192051], [-77.0288761, -12.1191737], [-77.028879, -12.1191524], [-77.0288848, -12.1191219], [-77.0288912, -12.1190986], [-77.0288982, -12.1190747], [-77.0289063, -12.1190524], [-77.0289139, -12.1190359], [-77.0289201, -12.1190249], [-77.0289331, -12.1190059], [-77.028943, -12.1189963], [-77.0289559, -12.1189842], [-77.0289727, -12.1189737], [-77.0289877, -12.1189666], [-77.0290062, -12.11896], [-77.0290263, -12.1189554], [-77.0290551, -12.1189551], [-77.0290783, -12.1189591], [-77.0291027, -12.1189673], [-77.0291249, -12.1189783], [-77.0291403, -12.1189882], [-77.0291598, -12.1190049]]]}}, {"type": "Feature", "properties": {"linea": "corredor_azul", "nombre": "Corredor Azul 303 (Corredor Azul 303 → Próceres)", "ref": "303", "osm_id": 13698913}, "geometry": {"type": "LineString", "coordinates": [[-77.0297207, -12.1140205], [-77.0297491, -12.1138644], [-77.0297656, -12.1137747], [-77.0297793, -12.113698], [-77.0297953, -12.1136198], [-77.0299762, -12.1126416], [-77.030115, -12.1118216], [-77.0301498, -12.1116159], [-77.0303225, -12.1105781], [-77.0304904, -12.1095394], [-77.0305282, -12.1093146], [-77.0305706, -12.1090624], [-77.0305785, -12.1090107], [-77.030609, -12.1088326], [-77.0306176, -12.1087822], [-77.0308012, -12.1077209], [-77.0308905, -12.1071577], [-77.0309623, -12.1067302], [-77.0309776, -12.1066389], [-77.0309914, -12.1065568], [-77.0310524, -12.1061936], [-77.0311215, -12.1057825], [-77.0311538, -12.10559], [-77.0312404, -12.1050903], [-77.0313377, -12.1045125], [-77.0314654, -12.1037726], [-77.0315022, -12.1035564], [-77.0315099, -12.1035098], [-77.0315185, -12.1034486], [-77.0317, -12.1023636], [-77.031796, -12.1017896], [-77.0318808, -12.1013083], [-77.0319878, -12.1007046], [-77.031994, -12.1006664], [-77.0320301, -12.1004564], [-77.0320532, -12.1003048], [-77.0320657, -12.1002283], [-77.0321281, -12.0998461], [-77.0321391, -12.099781], [-77.0321574, -12.0996742], [-77.0321775, -12.0995572], [-77.0322464, -12.0991559], [-77.0322931, -12.0988616], [-77.0323056, -12.0987916], [-77.0323487, -12.0985507], [-77.0324093, -12.0981352], [-77.0324207, -12.0980718], [-77.0324343, -12.0979754], [-77.0325311, -12.0972744], [-77.0325456, -12.0971744], [-77.0325597, -12.0970777], [-77.0325634, -12.097052], [-77.0325775, -12.0969546], [-77.0326345, -12.0965594], [-77.0326916, -12.096174], [-77.0327769, -12.0956153], [-77.0327893, -12.0955384], [-77.0328031, -12.09542], [-77.0328427, -12.095147], [-77.0328994, -12.0947562], [-77.0329163, -12.0946401], [-77.0329248, -12.0945815], [-77.0329809, -12.0942392], [-77.0330149, -12.0940238], [-77.0330309, -12.0939352], [-77.0330601, -12.0937626], [-77.0330981, -12.0934236], [-77.0331561, -12.0932926], [-77.033287, -12.0923987], [-77.0333235, -12.0921168], [-77.033459, -12.0911912], [-77.0334624, -12.0909774], [-77.0334767, -12.0908884], [-77.0335092, -12.0906866], [-77.0335188, -12.0906219], [-77.0335326, -12.0905288], [-77.0335812, -12.0901238], [-77.0336272, -12.0897851], [-77.0336633, -12.0895035], [-77.0337178, -12.0891463], [-77.0337377, -12.089012], [-77.0337879, -12.0886611], [-77.0338183, -12.0884461], [-77.0338714, -12.0880707], [-77.0338892, -12.0879544], [-77.0338923, -12.0879341], [-77.0339946, -12.0872651], [-77.0340317, -12.0870225], [-77.0340458, -12.0869322], [-77.0340554, -12.0868568], [-77.0341119, -12.0864532], [-77.0341301, -12.0863149], [-77.0342172, -12.0856816], [-77.0343087, -12.0850756], [-77.0343551, -12.0847456], [-77.0343623, -12.0846947], [-77.0343714, -12.084623], [-77.0343807, -12.0845537], [-77.0344378, -12.0841526], [-77.0345254, -12.0835692], [-77.0345364, -12.0834888], [-77.0346104, -12.0829772], [-77.0346323, -12.0828258], [-77.034677, -12.0825167], [-77.0346875, -12.0824441], [-77.0347001, -12.0823565], [-77.0348449, -12.0813552], [-77.0348514, -12.0813119], [-77.0349174, -12.0808733], [-77.0349239, -12.08083], [-77.0349383, -12.0807343], [-77.0349487, -12.0806652], [-77.0349894, -12.0803943], [-77.0350457, -12.0800204], [-77.0351003, -12.0796576], [-77.035262, -12.0785828], [-77.0353938, -12.0777064], [-77.0355191, -12.0768734], [-77.0355525, -12.0766511], [-77.0357041, -12.0756433], [-77.0357169, -12.0755583], [-77.0357267, -12.0754935], [-77.0358505, -12.0746705], [-77.0358569, -12.0746279], [-77.0358714, -12.0745313], [-77.0358844, -12.0744508], [-77.0358898, -12.0744054], [-77.0359333, -12.0741165], [-77.0359988, -12.0736819], [-77.0360329, -12.0734836], [-77.0360453, -12.0734139], [-77.0360552, -12.073344], [-77.0360957, -12.073118], [-77.0361491, -12.0727508], [-77.0361865, -12.0724937], [-77.0362025, -12.0723835], [-77.0362105, -12.0723295], [-77.036303, -12.0717037], [-77.0363116, -12.0716456], [-77.0363688, -12.0712754], [-77.0365076, -12.0703353], [-77.0365237, -12.0702264], [-77.0366172, -12.0696126], [-77.0366285, -12.0695461], [-77.036671, -12.0692602], [-77.0366812, -12.0691916], [-77.0367703, -12.0686608], [-77.0367796, -12.0685937], [-77.0368089, -12.0683831], [-77.0368218, -12.0682911], [-77.0368279, -12.0682417], [-77.0369236, -12.0675708], [-77.0369975, -12.0670544], [-77.0370088, -12.0669924], [-77.0370215, -12.0669159], [-77.0370733, -12.0666853], [-77.0371143, -12.0665872], [-77.0371918, -12.0661382], [-77.0373805, -12.0648892], [-77.0375132, -12.0639953], [-77.0375779, -12.0632157], [-77.0376075, -12.0628094], [-77.0376181, -12.0626766], [-77.0378129, -12.0602251], [-77.0378224, -12.0601122], [-77.0378263, -12.060028], [-77.0378418, -12.0598145], [-77.037845, -12.0597249], [-77.0378457, -12.0596854], [-77.0378686, -12.0594186], [-77.0379208, -12.0588144], [-77.0379881, -12.058036], [-77.0379896, -12.0580252], [-77.0379993, -12.0578911], [-77.0380113, -12.0577628], [-77.0380145, -12.0577294], [-77.0380669, -12.0570664], [-77.0380908, -12.0567486], [-77.038107, -12.0565288], [-77.0381087, -12.056508], [-77.0381108, -12.0564813], [-77.0381333, -12.056205], [-77.0381461, -12.0560217], [-77.0381568, -12.0558902], [-77.0381655, -12.05582], [-77.0382294, -12.0551148], [-77.0382445, -12.0549468], [-77.0382452, -12.0549365], [-77.0382748, -12.0545272], [-77.038288, -12.0543436], [-77.038293, -12.0542788], [-77.038301, -12.0541551], [-77.0383062, -12.0540849], [-77.0383086, -12.0540479], [-77.0383288, -12.0538395], [-77.038379, -12.0533086], [-77.0383872, -12.0532377], [-77.0384588, -12.0526536], [-77.0385483, -12.0520719], [-77.0386227, -12.0514916], [-77.0386487, -12.0512729], [-77.0386664, -12.0511117], [-77.0386732, -12.0510539], [-77.0386812, -12.050979], [-77.038703, -12.050804], [-77.038928, -12.049098], [-77.0389368, -12.0490065], [-77.0389524, -12.0489128], [-77.0389701, -12.0488075], [-77.0389784, -12.048758], [-77.0389828, -12.0486939], [-77.0389851, -12.0486598], [-77.0389845, -12.0486413], [-77.0389792, -12.0486125], [-77.0389701, -12.0485886], [-77.0389499, -12.0485579], [-77.0388394, -12.0483964], [-77.0388078, -12.0483503], [-77.0384047, -12.0477705], [-77.038197, -12.0474717], [-77.0381669, -12.0474317], [-77.0381181, -12.0473594], [-77.0381017, -12.0473354], [-77.0380971, -12.0473287], [-77.0380783, -12.0473011], [-77.0376401, -12.0466601], [-77.0375469, -12.0465286], [-77.0375222, -12.0464921], [-77.0374779, -12.0464315], [-77.0374437, -12.0463835], [-77.0374229, -12.0463504], [-77.0373799, -12.0462932], [-77.0368949, -12.0456081], [-77.0368722, -12.045573], [-77.0368371, -12.0455256], [-77.0368098, -12.0454885], [-77.0367648, -12.0454249], [-77.0363091, -12.0447566], [-77.0361957, -12.0445904], [-77.036168, -12.0445479], [-77.0361472, -12.0445168], [-77.0360831, -12.0444305], [-77.0356257, -12.0437485], [-77.0355777, -12.0436756], [-77.0355252, -12.0436011], [-77.0354873, -12.043549], [-77.0354422, -12.0434876], [-77.0352076, -12.0431416], [-77.034927, -12.0427377], [-77.0348918, -12.0426915], [-77.0348367, -12.0426063], [-77.0344608, -12.0420581], [-77.0335657, -12.0407524], [-77.0329343, -12.0398314], [-77.0329019, -12.0398017], [-77.0328803, -12.0397796], [-77.0328602, -12.0397591], [-77.0325635, -12.0393269], [-77.0324056, -12.0390914], [-77.0323215, -12.0389717], [-77.0322774, -12.0389098], [-77.0322109, -12.0388198], [-77.0321523, -12.0387283], [-77.0318755, -12.038296], [-77.031855, -12.038264], [-77.0317638, -12.0381214], [-77.031645, -12.0379359], [-77.0311587, -12.0371764], [-77.0310456, -12.0369997], [-77.0309356, -12.0368278], [-77.0308878, -12.0367532], [-77.0308651, -12.0367177], [-77.0308322, -12.0366663], [-77.0307483, -12.0365353], [-77.0303153, -12.0358591], [-77.0298884, -12.0351922], [-77.0298563, -12.0351413], [-77.0297627, -12.0349975], [-77.0297392, -12.0349614], [-77.0297157, -12.0349253], [-77.0296286, -12.0347914], [-77.0295842, -12.0347231], [-77.0294895, -12.0345776], [-77.0293359, -12.0343415], [-77.0291781, -12.0340989], [-77.0288534, -12.0335997], [-77.028821, -12.0335498], [-77.0287952, -12.0335102], [-77.0287195, -12.0333943], [-77.0285894, -12.0331935], [-77.0284133, -12.032923], [-77.0284013, -12.032905], [-77.0283413, -12.0328151], [-77.0282698, -12.032708], [-77.0282361, -12.0326605], [-77.0282051, -12.0326221], [-77.0281434, -12.0325491], [-77.0281124, -12.0325125], [-77.0280415, -12.03243], [-77.0278494, -12.0322065], [-77.027805, -12.0321548], [-77.0277362, -12.0320705], [-77.0276386, -12.031952], [-77.0275268, -12.0318508], [-77.0274629, -12.0317954], [-77.0273406, -12.0316943], [-77.0272021, -12.0315815], [-77.0262983, -12.030846], [-77.0262065, -12.0307713], [-77.0258414, -12.0304742], [-77.025719, -12.0303839], [-77.0255952, -12.0302942], [-77.0247657, -12.0296931], [-77.0246778, -12.0296366], [-77.024653, -12.02962], [-77.0245938, -12.0295804], [-77.0244994, -12.029525], [-77.0244097, -12.0294794], [-77.0242965, -12.029434], [-77.0241938, -12.0293992], [-77.0240999, -12.0293695], [-77.0240122, -12.0293555], [-77.0239279, -12.029347], [-77.0238158, -12.0293426], [-77.0236948, -12.0293414], [-77.0236043, -12.0293512], [-77.023467, -12.0293768], [-77.0233523, -12.0294075], [-77.0232607, -12.0294448], [-77.0232039, -12.0294729], [-77.0231471, -12.029501], [-77.0230882, -12.0295356], [-77.0230308, -12.0295793], [-77.0223314, -12.0300931], [-77.0221778, -12.0302065], [-77.022006, -12.0302879], [-77.0219325, -12.0303144], [-77.021895, -12.0303251], [-77.0218424, -12.0303402], [-77.0217851, -12.0303456], [-77.021735, -12.0303504], [-77.0216248, -12.030355], [-77.0214549, -12.0303489], [-77.0212563, -12.0303113], [-77.0212142, -12.0303014], [-77.0211511, -12.0302866], [-77.0210879, -12.0302717], [-77.0206793, -12.0300904], [-77.0199995, -12.0297886], [-77.0196937, -12.0296619], [-77.0195795, -12.0296047], [-77.0194832, -12.0295526], [-77.0189629, -12.0292116], [-77.0189136, -12.0291814], [-77.018857, -12.0291467], [-77.0187734, -12.0291101], [-77.0187152, -12.0290859], [-77.0186729, -12.0290701], [-77.0186465, -12.0290655], [-77.0186328, -12.0290632], [-77.018587, -12.0290563], [-77.0185445, -12.0290516], [-77.018524, -12.0290501], [-77.0184924, -12.0290477], [-77.0184441, -12.0290489], [-77.0183222, -12.0290572], [-77.0182238, -12.0291073], [-77.0182114, -12.0291136], [-77.0179685, -12.0292372], [-77.0178522, -12.0293015], [-77.017708, -12.0293687], [-77.0176724, -12.0293756], [-77.0176204, -12.0293785], [-77.0172879, -12.0293406], [-77.0171193, -12.0293214], [-77.0164362, -12.0292403], [-77.0162655, -12.0292213], [-77.0157856, -12.029167], [-77.0152597, -12.0290931], [-77.0151376, -12.0290696], [-77.0150529, -12.0290604], [-77.0149778, -12.0290462], [-77.0148919, -12.0290313], [-77.0148367, -12.0290138], [-77.0145734, -12.0289416], [-77.0143191, -12.0288773], [-77.014025, -12.0288085], [-77.0137759, -12.0287492], [-77.0136098, -12.02872], [-77.0131123, -12.0286392], [-77.0125421, -12.0285631], [-77.0122915, -12.0285358], [-77.0121753, -12.0285231], [-77.0120867, -12.028513], [-77.0120735, -12.0285115], [-77.0118823, -12.0284896]]}}, {"type": "Feature", "properties": {"linea": "corredor_azul", "nombre": "Corredor Azul 302 (Corredor Azul 302 → Amancaes)", "ref": "302", "osm_id": 13703614}, "geometry": {"type": "LineString", "coordinates": [[-77.02937, -12.1160811], [-77.0293963, -12.1159226], [-77.0296394, -12.114468], [-77.0297207, -12.1140205], [-77.0297491, -12.1138644], [-77.0297656, -12.1137747], [-77.0297793, -12.113698], [-77.0297953, -12.1136198], [-77.0299762, -12.1126416], [-77.030115, -12.1118216], [-77.0301498, -12.1116159], [-77.0303225, -12.1105781], [-77.0304904, -12.1095394], [-77.0305282, -12.1093146], [-77.0305706, -12.1090624], [-77.0305785, -12.1090107], [-77.030609, -12.1088326], [-77.0306176, -12.1087822], [-77.0308012, -12.1077209], [-77.0308905, -12.1071577], [-77.0309623, -12.1067302], [-77.0309776, -12.1066389], [-77.0309914, -12.1065568], [-77.0310524, -12.1061936], [-77.0311215, -12.1057825], [-77.0311538, -12.10559], [-77.0312404, -12.1050903], [-77.0313377, -12.1045125], [-77.0314654, -12.1037726], [-77.0315022, -12.1035564], [-77.0315099, -12.1035098], [-77.0315185, -12.1034486], [-77.0317, -12.1023636], [-77.031796, -12.1017896], [-77.0318808, -12.1013083], [-77.0319878, -12.1007046], [-77.031994, -12.1006664], [-77.0320301, -12.1004564], [-77.0320532, -12.1003048], [-77.0320657, -12.1002283], [-77.0321281, -12.0998461], [-77.0321391, -12.099781], [-77.0321574, -12.0996742], [-77.0321775, -12.0995572], [-77.0322464, -12.0991559], [-77.0322931, -12.0988616], [-77.0323056, -12.0987916], [-77.0323487, -12.0985507], [-77.0324093, -12.0981352], [-77.0324207, -12.0980718], [-77.0324343, -12.0979754], [-77.0325311, -12.0972744], [-77.0325456, -12.0971744], [-77.0325597, -12.0970777], [-77.0325634, -12.097052], [-77.0325775, -12.0969546], [-77.0326345, -12.0965594], [-77.0326916, -12.096174], [-77.0327769, -12.0956153], [-77.0327893, -12.0955384], [-77.0328031, -12.09542], [-77.0328427, -12.095147], [-77.0328994, -12.0947562], [-77.0329163, -12.0946401], [-77.0329248, -12.0945815], [-77.0329809, -12.0942392], [-77.0330149, -12.0940238], [-77.0330309, -12.0939352], [-77.0330601, -12.0937626], [-77.0330981, -12.0934236], [-77.0331561, -12.0932926], [-77.033287, -12.0923987], [-77.0333235, -12.0921168], [-77.033459, -12.0911912], [-77.0334624, -12.0909774], [-77.0334767, -12.0908884], [-77.0335092, -12.0906866], [-77.0335188, -12.0906219], [-77.0335326, -12.0905288], [-77.0335812, -12.0901238], [-77.0336272, -12.0897851], [-77.0336633, -12.0895035], [-77.0337178, -12.0891463], [-77.0337377, -12.089012], [-77.0337879, -12.0886611], [-77.0338183, -12.0884461], [-77.0338714, -12.0880707], [-77.0338892, -12.0879544], [-77.0338923, -12.0879341], [-77.0339946, -12.0872651], [-77.0340317, -12.0870225], [-77.0340458, -12.0869322], [-77.0340554, -12.0868568], [-77.0341119, -12.0864532], [-77.0341301, -12.0863149], [-77.0342172, -12.0856816], [-77.0343087, -12.0850756], [-77.0343551, -12.0847456], [-77.0343623, -12.0846947], [-77.0343714, -12.084623], [-77.0343807, -12.0845537], [-77.0344378, -12.0841526], [-77.0345254, -12.0835692], [-77.0345364, -12.0834888], [-77.0346104, -12.0829772], [-77.0346323, -12.0828258], [-77.034677, -12.0825167], [-77.0346875, -12.0824441], [-77.0347001, -12.0823565], [-77.0348449, -12.0813552], [-77.0348514, -12.0813119], [-77.0349174, -12.0808733], [-77.0349239, -12.08083], [-77.0349383, -12.0807343], [-77.0349487, -12.0806652], [-77.0349894, -12.0803943], [-77.0350457, -12.0800204], [-77.0351003, -12.0796576], [-77.035262, -12.0785828], [-77.0353938, -12.0777064], [-77.0355191, -12.0768734], [-77.0355525, -12.0766511], [-77.0357041, -12.0756433], [-77.0357169, -12.0755583], [-77.0357267, -12.0754935], [-77.0358505, -12.0746705], [-77.0358569, -12.0746279], [-77.0358714, -12.0745313], [-77.0358844, -12.0744508], [-77.0358898, -12.0744054], [-77.0359333, -12.0741165], [-77.0359988, -12.0736819], [-77.0360329, -12.0734836], [-77.0360453, -12.0734139], [-77.0360552, -12.073344], [-77.0360957, -12.073118], [-77.0361491, -12.0727508], [-77.0361865, -12.0724937], [-77.0362025, -12.0723835], [-77.0362105, -12.0723295], [-77.036303, -12.0717037], [-77.0363116, -12.0716456], [-77.0363688, -12.0712754], [-77.0365076, -12.0703353], [-77.0365237, -12.0702264], [-77.0366172, -12.0696126], [-77.0366285, -12.0695461], [-77.036671, -12.0692602], [-77.0366812, -12.0691916], [-77.0367703, -12.0686608], [-77.0367796, -12.0685937], [-77.0368089, -12.0683831], [-77.0368218, -12.0682911], [-77.0368279, -12.0682417], [-77.0369236, -12.0675708], [-77.0369975, -12.0670544], [-77.0370088, -12.0669924], [-77.0370215, -12.0669159], [-77.0370733, -12.0666853], [-77.0371143, -12.0665872], [-77.0371918, -12.0661382], [-77.0373805, -12.0648892], [-77.0375132, -12.0639953], [-77.0375779, -12.0632157], [-77.0376075, -12.0628094], [-77.0376181, -12.0626766], [-77.0378129, -12.0602251], [-77.0378224, -12.0601122], [-77.0378263, -12.060028], [-77.0378418, -12.0598145], [-77.037845, -12.0597249], [-77.0378457, -12.0596854], [-77.0378686, -12.0594186], [-77.0379208, -12.0588144], [-77.0379881, -12.058036], [-77.0379896, -12.0580252], [-77.0379993, -12.0578911], [-77.0380113, -12.0577628], [-77.0380145, -12.0577294], [-77.0380669, -12.0570664], [-77.0380908, -12.0567486], [-77.038107, -12.0565288], [-77.0381087, -12.056508], [-77.0381108, -12.0564813], [-77.0381333, -12.056205], [-77.0381461, -12.0560217], [-77.0381568, -12.0558902], [-77.0381655, -12.05582], [-77.0382294, -12.0551148], [-77.0382445, -12.0549468], [-77.0382452, -12.0549365], [-77.0382748, -12.0545272], [-77.038288, -12.0543436], [-77.038293, -12.0542788], [-77.038301, -12.0541551], [-77.0383062, -12.0540849], [-77.0383086, -12.0540479], [-77.0383288, -12.0538395], [-77.038379, -12.0533086], [-77.0383872, -12.0532377], [-77.0384588, -12.0526536], [-77.0385483, -12.0520719], [-77.0386227, -12.0514916], [-77.0386487, -12.0512729], [-77.0386664, -12.0511117], [-77.0386732, -12.0510539], [-77.0386812, -12.050979], [-77.038703, -12.050804], [-77.038928, -12.049098], [-77.0389368, -12.0490065], [-77.0389524, -12.0489128], [-77.0389701, -12.0488075], [-77.0389784, -12.048758], [-77.0389828, -12.0486939], [-77.0389851, -12.0486598], [-77.0389845, -12.0486413], [-77.0389792, -12.0486125], [-77.0389701, -12.0485886], [-77.0389499, -12.0485579], [-77.0388394, -12.0483964], [-77.0388078, -12.0483503], [-77.0384047, -12.0477705], [-77.038197, -12.0474717], [-77.0381669, -12.0474317], [-77.0381181, -12.0473594], [-77.0381017, -12.0473354], [-77.0380971, -12.0473287], [-77.0380783, -12.0473011], [-77.0376401, -12.0466601], [-77.0375469, -12.0465286], [-77.0375222, -12.0464921], [-77.0374779, -12.0464315], [-77.0374437, -12.0463835], [-77.0374229, -12.0463504], [-77.0373799, -12.0462932], [-77.0368949, -12.0456081], [-77.0368722, -12.045573], [-77.0368371, -12.0455256], [-77.0368098, -12.0454885], [-77.0367648, -12.0454249], [-77.0363091, -12.0447566], [-77.0361957, -12.0445904], [-77.036168, -12.0445479], [-77.0361472, -12.0445168], [-77.0360831, -12.0444305], [-77.0356257, -12.0437485], [-77.0355777, -12.0436756], [-77.0355252, -12.0436011], [-77.0354873, -12.043549], [-77.0354422, -12.0434876], [-77.0352076, -12.0431416], [-77.034927, -12.0427377], [-77.0348918, -12.0426915], [-77.0348367, -12.0426063], [-77.0344608, -12.0420581], [-77.0335657, -12.0407524], [-77.0329343, -12.0398314], [-77.0329019, -12.0398017], [-77.0328803, -12.0397796], [-77.0328602, -12.0397591], [-77.0325635, -12.0393269], [-77.0324056, -12.0390914], [-77.0323215, -12.0389717], [-77.0322774, -12.0389098], [-77.0322109, -12.0388198], [-77.0321523, -12.0387283], [-77.0318755, -12.038296], [-77.031855, -12.038264], [-77.0317638, -12.0381214], [-77.031645, -12.0379359], [-77.0311587, -12.0371764], [-77.0310456, -12.0369997], [-77.0309356, -12.0368278], [-77.0308878, -12.0367532], [-77.0308651, -12.0367177], [-77.0308322, -12.0366663], [-77.0307483, -12.0365353], [-77.0303153, -12.0358591], [-77.0298884, -12.0351922], [-77.0298563, -12.0351413], [-77.0297627, -12.0349975], [-77.0297392, -12.0349614], [-77.0297157, -12.0349253], [-77.0296286, -12.0347914], [-77.0295842, -12.0347231], [-77.0294895, -12.0345776], [-77.0293359, -12.0343415], [-77.0291781, -12.0340989], [-77.0288534, -12.0335997], [-77.028821, -12.0335498], [-77.0287952, -12.0335102], [-77.0287195, -12.0333943], [-77.0285894, -12.0331935], [-77.0284133, -12.032923], [-77.0284013, -12.032905], [-77.0283413, -12.0328151], [-77.0282698, -12.032708], [-77.0282361, -12.0326605], [-77.0282051, -12.0326221], [-77.0281434, -12.0325491], [-77.0281124, -12.0325125], [-77.0280415, -12.03243], [-77.0278494, -12.0322065], [-77.027805, -12.0321548], [-77.0277362, -12.0320705], [-77.0276386, -12.031952], [-77.0277693, -12.0318293], [-77.0279014, -12.0317241], [-77.0294837, -12.0303207], [-77.0294992, -12.0303077], [-77.0295624, -12.0302467], [-77.02964, -12.0301765], [-77.0297332, -12.0300944], [-77.0304395, -12.0294609], [-77.0305889, -12.0293287], [-77.0306641, -12.0292622], [-77.0307942, -12.0291471], [-77.0311685, -12.0288179], [-77.031228, -12.0287634], [-77.0312699, -12.0287263], [-77.0313581, -12.0286478], [-77.0317856, -12.028267], [-77.0323183, -12.0278004], [-77.032779, -12.027384], [-77.0329107, -12.0272649], [-77.0331775, -12.0270382], [-77.0332075, -12.0270127], [-77.0332352, -12.0269892], [-77.0333199, -12.0269128], [-77.0339018, -12.0263872], [-77.0340404, -12.026262]]}}, {"type": "Feature", "properties": {"linea": "corredor_morado", "nombre": "Corredor Morado SE-02 (Corredor Morado SE-02 → Acho)", "ref": "SE-02", "osm_id": 13704305}, "geometry": {"type": "MultiLineString", "coordinates": [[[-76.9872651, -11.9507756], [-76.98743, -11.9510122], [-76.9875265, -11.9511675], [-76.987585, -11.9512856], [-76.9876333, -11.951415], [-76.9876652, -11.9515765], [-76.987676, -11.9517045], [-76.9876803, -11.9517554], [-76.9876665, -11.9519077], [-76.9876349, -11.9520458], [-76.9875188, -11.9523094], [-76.987194, -11.9529552], [-76.9865024, -11.9543855], [-76.9860256, -11.9553715], [-76.9857971, -11.9558442], [-76.9856571, -11.9561338], [-76.9856332, -11.9561832], [-76.985559, -11.9563492], [-76.9855279, -11.9564856], [-76.9855323, -11.956631], [-76.9855691, -11.9567598], [-76.9856484, -11.9568939], [-76.9860787, -11.957525], [-76.9862254, -11.9577568], [-76.986765, -11.9585301], [-76.986894, -11.9587061], [-76.9870079, -11.9588698], [-76.9870569, -11.9589371], [-76.9873936, -11.9593927], [-76.9874724, -11.9595061], [-76.9875346, -11.9595946], [-76.98826, -11.9606467], [-76.9884076, -11.9608559], [-76.9889651, -11.9616901], [-76.9895929, -11.9625993], [-76.9897683, -11.9628589], [-76.9904382, -11.9637947], [-76.991024, -11.9646098], [-76.99124, -11.9649206], [-76.9918019, -11.9657002], [-76.992355, -11.9664299], [-76.9924621, -11.9665778], [-76.992677, -11.9668745], [-76.9927464, -11.9669667], [-76.993221, -11.9675719], [-76.9934992, -11.9679599], [-76.9936592, -11.9681853], [-76.9937528, -11.9683172], [-76.9939489, -11.9685911], [-76.9939865, -11.9686466], [-76.9940787, -11.9688085], [-76.9941348, -11.96889], [-76.9952404, -11.9703842], [-76.9959078, -11.9713041], [-76.9960539, -11.9715014], [-76.9963174, -11.9718062], [-76.9964746, -11.9719695], [-76.9965407, -11.9720343], [-76.9966366, -11.9721307], [-76.9967093, -11.9721976], [-76.9967936, -11.9722752], [-76.9969835, -11.9724412], [-76.9972776, -11.9726628], [-76.9982561, -11.9733347], [-76.9990129, -11.9738417], [-76.9996242, -11.9742649], [-76.9998607, -11.9744323], [-77.0000973, -11.9745996], [-77.0002343, -11.9747051], [-77.0003173, -11.974769], [-77.0004048, -11.9748372], [-77.000512, -11.9749168], [-77.0012516, -11.9754655], [-77.0014607, -11.9756206], [-77.0017437, -11.9758171], [-77.0024129, -11.9763048], [-77.0027046, -11.9765169], [-77.0029409, -11.9767163], [-77.0030761, -11.9768485], [-77.0031458, -11.9769281], [-77.0031909, -11.9769796], [-77.0033288, -11.9771474], [-77.0039852, -11.9780085], [-77.0043854, -11.978567], [-77.0045359, -11.9788479], [-77.0047509, -11.9792873], [-77.0048581, -11.9795063], [-77.0049044, -11.9796063], [-77.0050783, -11.9799821], [-77.0051852, -11.9802131], [-77.005265, -11.9803929], [-77.0053131, -11.9805335], [-77.0054174, -11.980838], [-77.0055405, -11.9811971], [-77.0055519, -11.9812305], [-77.0059962, -11.9824977], [-77.0061357, -11.9828955], [-77.0061486, -11.9829323], [-77.0066235, -11.9842061], [-77.0067337, -11.984504], [-77.0067738, -11.9846125], [-77.0068094, -11.9847089], [-77.0068612, -11.9848601], [-77.0068908, -11.9849402], [-77.0069644, -11.9851751], [-77.0070873, -11.9855669], [-77.0071909, -11.9858039], [-77.0072975, -11.9859953], [-77.0074123, -11.986156], [-77.0075294, -11.9863071], [-77.0076574, -11.9864386], [-77.0078145, -11.9865901], [-77.0081212, -11.9868646], [-77.0083495, -11.9870688], [-77.0096123, -11.9881787], [-77.0099963, -11.9885261], [-77.010215, -11.9887555], [-77.0102492, -11.9887979], [-77.0103746, -11.9889531], [-77.010478, -11.9891129], [-77.0105293, -11.9891922], [-77.0105917, -11.9893079], [-77.0106512, -11.9894183], [-77.0107669, -11.9896482], [-77.0108299, -11.9897735], [-77.010874, -11.9898817], [-77.0109144, -11.9899921], [-77.0109848, -11.9902334], [-77.0110751, -11.990647], [-77.011113, -11.9908432], [-77.0111699, -11.9911274], [-77.0112051, -11.9913687], [-77.0112176, -11.9915279], [-77.0112227, -11.9916983], [-77.0112227, -11.9918685], [-77.0112161, -11.9919956], [-77.0112073, -11.99214], [-77.0111941, -11.9922757], [-77.0111677, -11.9924459], [-77.0111412, -11.9925751], [-77.0110983, -11.9927645], [-77.0109119, -11.9934176], [-77.0109029, -11.9934504], [-77.0108928, -11.9934868], [-77.0108188, -11.9937342], [-77.0108115, -11.9937579], [-77.0108019, -11.9937886], [-77.0101119, -11.996078], [-77.0100847, -11.9961693], [-77.0100625, -11.996243], [-77.009897, -11.9967912], [-77.0098147, -11.9970638], [-77.0098091, -11.9970823], [-77.0098027, -11.9971038], [-77.0097906, -11.9971439], [-77.0097654, -11.9972261], [-77.0097379, -11.9973176], [-77.0097285, -11.9973525], [-77.0097252, -11.9973647], [-77.0097182, -11.9973905], [-77.009702, -11.9974506], [-77.0091681, -11.9994254], [-77.0090442, -11.9998871], [-77.0086115, -12.0014986], [-77.0085929, -12.001568], [-77.0085661, -12.0016562], [-77.0084991, -12.0018768], [-77.0084359, -12.0020821], [-77.0083809, -12.0022415], [-77.0083259, -12.002381], [-77.0082717, -12.0025113], [-77.0082118, -12.0026242], [-77.0080563, -12.0028971], [-77.007949, -12.0030778], [-77.0078022, -12.0033317], [-77.0073601, -12.0040412], [-77.0063486, -12.0056248], [-77.0062809, -12.0057309], [-77.0061941, -12.0058668], [-77.0061817, -12.0058862], [-77.0061801, -12.0058887], [-77.0061255, -12.0059742], [-77.0060481, -12.006096], [-77.0059653, -12.0062192], [-77.005943, -12.0062541], [-77.0058934, -12.0063317], [-77.0056531, -12.0066935], [-77.0056283, -12.006733], [-77.0050918, -12.0075706], [-77.0046061, -12.0083296], [-77.0045551, -12.0084054], [-77.0039144, -12.0094104], [-77.0034409, -12.0101544], [-77.0028423, -12.0110961], [-77.0025491, -12.0115699], [-77.0024903, -12.0116788], [-77.0024389, -12.0117803], [-77.0023927, -12.0118957], [-77.0023415, -12.0120311], [-77.002302, -12.0121561], [-77.0022597, -12.0123265], [-77.002224, -12.0124965], [-77.0022019, -12.0126451], [-77.0021795, -12.0128488], [-77.0021568, -12.0130931], [-77.0021517, -12.0131433], [-77.0021468, -12.0131988], [-77.0021428, -12.0132448], [-77.0021387, -12.0133111], [-77.0020052, -12.0154513], [-77.0019945, -12.0156222], [-77.0019744, -12.0160048], [-77.00197, -12.016259], [-77.0019798, -12.0164215], [-77.0019864, -12.0164818], [-77.0019967, -12.0165799], [-77.0020402, -12.0168025], [-77.0020482, -12.0168313], [-77.0020586, -12.0168606], [-77.0020644, -12.016873], [-77.0021794, -12.0171184], [-77.0022766, -12.01732], [-77.0023362, -12.0174063], [-77.0024132, -12.0174887], [-77.0025622, -12.0176764], [-77.0025795, -12.0176978], [-77.0026125, -12.0177399], [-77.0026444, -12.0177804], [-77.0026834, -12.0178303], [-77.002704, -12.0178565], [-77.0027611, -12.0179286], [-77.0028053, -12.017981], [-77.0029224, -12.0181239], [-77.0030117, -12.0182387], [-77.0031606, -12.0184303], [-77.003317, -12.018639], [-77.0033913, -12.0187293], [-77.003518, -12.0188754], [-77.0036146, -12.0189868], [-77.0037474, -12.0191307], [-77.0038708, -12.019283], [-77.0042597, -12.0196036], [-77.0044005, -12.0197133], [-77.0044105, -12.0197211], [-77.0046138, -12.0198795], [-77.0048876, -12.0201294], [-77.0050802, -12.020328], [-77.0051317, -12.0203855], [-77.0052783, -12.0205352], [-77.0062225, -12.0215235], [-77.0068975, -12.022244], [-77.0076515, -12.0230445], [-77.0077477, -12.0231466], [-77.0077763, -12.023177], [-77.0078201, -12.0232226], [-77.0079002, -12.0233098], [-77.0079646, -12.0233777], [-77.0095195, -12.0250075], [-77.0099487, -12.0254637], [-77.0100255, -12.0255454], [-77.0100861, -12.0256061], [-77.0101599, -12.025684], [-77.0102367, -12.0257628], [-77.0103172, -12.0258357], [-77.0104727, -12.0260154], [-77.010549, -12.0261113], [-77.0106121, -12.0262042], [-77.0107168, -12.0263969], [-77.0107628, -12.0264869], [-77.0107883, -12.026537], [-77.0109534, -12.0268555], [-77.0109594, -12.0268706], [-77.0111995, -12.0273938], [-77.0112045, -12.0274046], [-77.011487, -12.0280441], [-77.0116045, -12.0283581], [-77.0116074, -12.0283685], [-77.0116103, -12.0283789], [-77.0116164, -12.0284627], [-77.0116443, -12.0285601], [-77.0117332, -12.0288452], [-77.0119558, -12.029616], [-77.0120281, -12.0298664], [-77.0121271, -12.030229], [-77.0121859, -12.0304461], [-77.0121942, -12.0304768], [-77.0122175, -12.030565], [-77.0122548, -12.0307204], [-77.0122784, -12.030845], [-77.012298, -12.0309733], [-77.0123054, -12.0310617], [-77.0123096, -12.0311774], [-77.0123062, -12.0313034], [-77.0122951, -12.0314385], [-77.0122726, -12.0316625], [-77.0122696, -12.0317164], [-77.012269, -12.0317689], [-77.0122732, -12.0318978], [-77.0123001, -12.0320561], [-77.0123104, -12.0320945], [-77.0123468, -12.0322073], [-77.0123802, -12.0323138], [-77.0123862, -12.0323315], [-77.0124095, -12.0323996], [-77.0124873, -12.0326212], [-77.0124997, -12.0326597], [-77.0125436, -12.0328384], [-77.0125819, -12.033057], [-77.0125951, -12.0331692], [-77.0126131, -12.0333651], [-77.0126294, -12.0335422], [-77.0126541, -12.0338941], [-77.0127288, -12.0347145], [-77.012764, -12.0349259], [-77.0128024, -12.035103], [-77.0128315, -12.0352178], [-77.0129244, -12.0355842], [-77.0130085, -12.0359244], [-77.0130733, -12.0361868], [-77.0132622, -12.0369471], [-77.0132903, -12.0370514], [-77.0133044, -12.0370937], [-77.0133228, -12.0371275], [-77.0133594, -12.0371822], [-77.0134569, -12.0372744], [-77.0135624, -12.037336], [-77.0137506, -12.0374049], [-77.0137726, -12.037413], [-77.0139309, -12.03747], [-77.0140674, -12.0375266], [-77.0141862, -12.0375956], [-77.0143534, -12.0377084], [-77.0145152, -12.037826], [-77.0147496, -12.0379993], [-77.0159963, -12.0389297], [-77.0165784, -12.0393641], [-77.0168748, -12.0395872], [-77.0174996, -12.040084], [-77.017584, -12.0401472], [-77.0176106, -12.0401661], [-77.0176423, -12.0401885], [-77.0176911, -12.0402173], [-77.0178356, -12.0402867], [-77.018007, -12.04035], [-77.0180523, -12.0403629], [-77.0180998, -12.0403743], [-77.0181325, -12.0403822], [-77.0181988, -12.040398], [-77.0183086, -12.0404267], [-77.0183732, -12.0404414], [-77.0185295, -12.0404856], [-77.0187328, -12.0405431], [-77.0189225, -12.0406046], [-77.0190934, -12.0406593], [-77.0192974, -12.0407262], [-77.0194262, -12.0407782], [-77.0198155, -12.0409616], [-77.0204045, -12.0412354], [-77.0208021, -12.0414178], [-77.0210568, -12.0415229], [-77.0214239, -12.0416745], [-77.0216753, -12.0417791], [-77.0217981, -12.0418326], [-77.021835, -12.041852], [-77.0218811, -12.0418762], [-77.0219335, -12.0419079], [-77.0221715, -12.0420857], [-77.0222948, -12.0421791], [-77.0223256, -12.0421997], [-77.022511, -12.0423238], [-77.0226822, -12.0424162]], [[-76.9696442, -11.9341515], [-76.9698072, -11.9343637], [-76.9706125, -11.9355309], [-76.9706696, -11.9356073], [-76.9713096, -11.9365254], [-76.9713911, -11.9366382], [-76.9714283, -11.9366897], [-76.9714421, -11.93671], [-76.9714738, -11.9367565], [-76.9721912, -11.9377903], [-76.972226, -11.9378404], [-76.9722829, -11.9379214], [-76.9727359, -11.9386009], [-76.9727723, -11.9386411], [-76.972803, -11.9386695], [-76.9728345, -11.9386909], [-76.9728774, -11.9387123], [-76.9729148, -11.9387281], [-76.9729591, -11.9387361], [-76.9730024, -11.93874], [-76.9730647, -11.938733], [-76.9731229, -11.9387268], [-76.973188, -11.9387113], [-76.973549, -11.9385869], [-76.9736606, -11.9385463], [-76.9745052, -11.9382746], [-76.9746754, -11.9382437], [-76.9748116, -11.9382426], [-76.9749336, -11.9382624], [-76.9757082, -11.9384704], [-76.9764454, -11.9386684], [-76.9767726, -11.9387562], [-76.9777622, -11.9390396], [-76.9785218, -11.9392525], [-76.9787403, -11.9393293], [-76.978799, -11.9393534], [-76.9788496, -11.9393741], [-76.9790022, -11.9394466], [-76.9791438, -11.9395214], [-76.9793055, -11.9396211], [-76.9793819, -11.9396783], [-76.9794479, -11.9397277], [-76.9795807, -11.9398334], [-76.979714, -11.939942], [-76.9798027, -11.9400286], [-76.9799062, -11.9401659], [-76.9801686, -11.9405601], [-76.9802118, -11.9406231], [-76.9803739, -11.9408595], [-76.9804716, -11.9410019], [-76.9814863, -11.942462], [-76.9819618, -11.9431504], [-76.9820701, -11.9433071], [-76.9821038, -11.9433559], [-76.9821606, -11.9434393], [-76.9822027, -11.9435005], [-76.9822708, -11.9435993], [-76.9823842, -11.9437639], [-76.9829836, -11.9446337], [-76.9835518, -11.9454598], [-76.9835664, -11.945481], [-76.9840348, -11.946142], [-76.9843747, -11.9466215], [-76.9848155, -11.9472959], [-76.9849473, -11.9474874], [-76.984978, -11.947532], [-76.9850313, -11.9476095], [-76.9864632, -11.9496573], [-76.986979, -11.9503859], [-76.987156, -11.9506434], [-76.9872651, -11.9507756]], [[-76.9872651, -11.9507756], [-76.9872241, -11.9508493], [-76.9872207, -11.9509313], [-76.9872661, -11.9511014], [-76.9872207, -11.9509313], [-76.9872241, -11.9508493], [-76.9872651, -11.9507756]]]}}, {"type": "Feature", "properties": {"linea": "corredor_morado", "nombre": "Corredor Morado SE-02 (Corredor Morado SE-02 → La Capilla)", "ref": "SE-02", "osm_id": 13704306}, "geometry": {"type": "LineString", "coordinates": [[-77.0228233, -12.0427178], [-77.0226354, -12.0427119], [-77.0226149, -12.0427113], [-77.0225869, -12.0426995], [-77.0223588, -12.0426036], [-77.0222604, -12.0425564], [-77.0217313, -12.0422558], [-77.0216744, -12.0422196], [-77.0216198, -12.0421834], [-77.0215392, -12.042058], [-77.0214324, -12.0419926], [-77.0210524, -12.0417595], [-77.0205386, -12.0414921], [-77.0204398, -12.0414504], [-77.0203373, -12.0414071], [-77.0203085, -12.041395], [-77.0202602, -12.0413746], [-77.02018, -12.0413358], [-77.0195709, -12.0410414], [-77.0192719, -12.0409111], [-77.0190113, -12.0407908], [-77.0187681, -12.0406851], [-77.0185909, -12.0406176], [-77.0185427, -12.0406012], [-77.0185362, -12.040599], [-77.0184642, -12.0405768], [-77.0183112, -12.0405346], [-77.0181013, -12.0404766], [-77.0179836, -12.0404483], [-77.0178939, -12.0404205], [-77.0178533, -12.0404032], [-77.0178169, -12.0403879], [-77.0177423, -12.0403468], [-77.0176543, -12.0402919], [-77.0175272, -12.0402006], [-77.0171253, -12.0398782], [-77.0168338, -12.0396475], [-77.0165294, -12.0394107], [-77.0160523, -12.0390523], [-77.0155843, -12.0387114], [-77.0147084, -12.0380623], [-77.0144578, -12.0378749], [-77.0142467, -12.0377259], [-77.0140729, -12.0376254], [-77.0139626, -12.037573], [-77.0138668, -12.0375383], [-77.0138195, -12.0375237], [-77.0137024, -12.0374864], [-77.013607, -12.0374584], [-77.0135011, -12.0374131], [-77.0134209, -12.0373642], [-77.0133548, -12.0373012], [-77.0132777, -12.0372174], [-77.0132234, -12.0371396], [-77.0132123, -12.0371091], [-77.0130099, -12.0363151], [-77.0128649, -12.0357004], [-77.0127148, -12.0351215], [-77.0126704, -12.0348778], [-77.0126295, -12.0345842], [-77.012577, -12.0340103], [-77.0125338, -12.0335355], [-77.0124918, -12.0332655], [-77.0124559, -12.0330829], [-77.0124, -12.0328881], [-77.0123655, -12.0328058], [-77.012331, -12.0327234], [-77.0122468, -12.0325537], [-77.0121774, -12.0324449], [-77.012153, -12.0324067], [-77.0120483, -12.0322601], [-77.0120229, -12.0322351], [-77.0119997, -12.0321953], [-77.0119889, -12.0321507], [-77.0119911, -12.0321049], [-77.0120064, -12.0320616], [-77.0120334, -12.0320241], [-77.012063, -12.0319998], [-77.0120976, -12.0319827], [-77.0121226, -12.0318635], [-77.0121358, -12.031786], [-77.0121461, -12.031723], [-77.012179, -12.0314933], [-77.0121962, -12.0313773], [-77.0121982, -12.0312572], [-77.0121957, -12.0311709], [-77.012191, -12.0310393], [-77.0121767, -12.0309433], [-77.0121506, -12.0307947], [-77.0120854, -12.0305437], [-77.0120775, -12.0305149], [-77.0119403, -12.0300142], [-77.0117566, -12.0294025], [-77.0116867, -12.0291649], [-77.0115659, -12.0287696], [-77.0115037, -12.028593], [-77.0114732, -12.0285371], [-77.0114379, -12.0284858], [-77.0114153, -12.0284595], [-77.0113935, -12.0284378], [-77.0113705, -12.0284213], [-77.011351, -12.0284035], [-77.0113359, -12.0283759], [-77.0112309, -12.0281149], [-77.0111148, -12.0278313], [-77.0110707, -12.0277235], [-77.0108643, -12.027271], [-77.0107492, -12.0270149], [-77.0106096, -12.0267029], [-77.0104433, -12.0263649], [-77.0104115, -12.0263037], [-77.0103765, -12.0262416], [-77.0103241, -12.0261596], [-77.0102862, -12.0261111], [-77.0102268, -12.0260399], [-77.0101723, -12.0259771], [-77.0100995, -12.0258839], [-77.010034, -12.0257999], [-77.0099631, -12.0257136], [-77.0093966, -12.0250762], [-77.0093216, -12.0249968], [-77.007926, -12.0235194], [-77.0078731, -12.0234634], [-77.0078335, -12.0234215], [-77.007806, -12.0233923], [-77.0077307, -12.0233052], [-77.0076842, -12.0232562], [-77.0076452, -12.0232151], [-77.0061168, -12.021604], [-77.0051867, -12.0206155], [-77.0051369, -12.0205629], [-77.0050981, -12.0205241], [-77.0049906, -12.0204166], [-77.0047864, -12.0202124], [-77.0045843, -12.0200332], [-77.0044095, -12.0198848], [-77.0042623, -12.0197596], [-77.0040469, -12.0196095], [-77.0039034, -12.0195219], [-77.0037107, -12.0193836], [-77.0035614, -12.0192565], [-77.0033995, -12.0191111], [-77.0032447, -12.0189485], [-77.0031147, -12.0187923], [-77.0029697, -12.0186144], [-77.0028616, -12.0184869], [-77.0027771, -12.0183789], [-77.0026814, -12.0182508], [-77.0026298, -12.018187], [-77.0025946, -12.0181417], [-77.0025269, -12.018053], [-77.0024246, -12.0179238], [-77.0023486, -12.0178326], [-77.0021453, -12.0175516], [-77.0021012, -12.017487], [-77.0020564, -12.0173437], [-77.002035, -12.0172912], [-77.0019907, -12.0171983], [-77.0019524, -12.0171131], [-77.0019186, -12.0170325], [-77.0018907, -12.0169574], [-77.0018615, -12.0168609], [-77.001841, -12.0167746], [-77.0018034, -12.0166126], [-77.0017814, -12.0165023], [-77.0017792, -12.0164828], [-77.0017664, -12.0163674], [-77.0017569, -12.0162641], [-77.0017481, -12.0161632], [-77.0017475, -12.0160402], [-77.0017709, -12.0156387], [-77.0017772, -12.0155268], [-77.0017819, -12.0154439], [-77.0017956, -12.0151444], [-77.0018616, -12.0142069], [-77.001899, -12.0135067], [-77.0019104, -12.0132904], [-77.0019118, -12.0132645], [-77.0019144, -12.0132173], [-77.0019188, -12.0131673], [-77.0019241, -12.0131079], [-77.0019283, -12.0130646], [-77.0019659, -12.0126807], [-77.0020047, -12.0124288], [-77.0020671, -12.01216], [-77.0021196, -12.0119864], [-77.0021899, -12.0118131], [-77.0022577, -12.01165], [-77.0023411, -12.0114843], [-77.0024323, -12.0113237], [-77.0026499, -12.0109744], [-77.0037088, -12.0093182], [-77.0043615, -12.0082902], [-77.0046463, -12.0078518], [-77.0049532, -12.0073695], [-77.0054101, -12.0066531], [-77.0054294, -12.0066229], [-77.0055826, -12.0063824], [-77.0056522, -12.0062735], [-77.0057354, -12.0061435], [-77.0057628, -12.0061006], [-77.0057712, -12.0060874], [-77.0058028, -12.006038], [-77.0058355, -12.0059868], [-77.0058907, -12.0059022], [-77.0059159, -12.0058635], [-77.005973, -12.0057746], [-77.0059943, -12.0057414], [-77.0076725, -12.0031312], [-77.0077723, -12.0029728], [-77.0078099, -12.0029171], [-77.0079571, -12.002656], [-77.0080304, -12.0025026], [-77.0080843, -12.0023831], [-77.0081466, -12.0022196], [-77.0081873, -12.002096], [-77.0082322, -12.0019705], [-77.0083422, -12.001596], [-77.0083638, -12.0015155], [-77.0083843, -12.001443], [-77.0088166, -11.9998365], [-77.0094802, -11.9973781], [-77.0094923, -11.9973331], [-77.0094992, -11.9973075], [-77.0095127, -11.9972573], [-77.009538, -11.9971614], [-77.0095614, -11.9970838], [-77.0095802, -11.9970213], [-77.009587, -11.9969987], [-77.0097035, -11.9966114], [-77.0098525, -11.9961158], [-77.0098765, -11.9960356], [-77.0106187, -11.9935735], [-77.0106336, -11.993524], [-77.0106512, -11.9934655], [-77.0106802, -11.9933633], [-77.0106898, -11.9933312], [-77.0107064, -11.993276], [-77.0108809, -11.9926959], [-77.0109377, -11.9924386], [-77.0109715, -11.992218], [-77.0109924, -11.9920028], [-77.0109989, -11.9918223], [-77.0109924, -11.9916174], [-77.0109784, -11.9914041], [-77.010949, -11.9911907], [-77.0108827, -11.9908114], [-77.0108383, -11.9905706], [-77.0107915, -11.9903576], [-77.0107557, -11.9902113], [-77.0107471, -11.9901866], [-77.0107155, -11.990075], [-77.0106923, -11.9900018], [-77.0106519, -11.989912], [-77.0106105, -11.9898264], [-77.0105322, -11.9896645], [-77.0104579, -11.9895289], [-77.0103539, -11.9893392], [-77.0102172, -11.9891288], [-77.010092, -11.9889605], [-77.0099323, -11.9887921], [-77.0097226, -11.9885972], [-77.009474, -11.9883844], [-77.0085207, -11.9875612], [-77.0082423, -11.9873188], [-77.0079364, -11.9870348], [-77.0077557, -11.9868752], [-77.0075762, -11.9867064], [-77.0073987, -11.9865182], [-77.0072447, -11.9863211], [-77.0071374, -11.9861557], [-77.0070233, -11.9859801], [-77.0069246, -11.9858008], [-77.0068118, -11.9855585], [-77.0067081, -11.98522], [-77.0066725, -11.9851037], [-77.0066454, -11.9850152], [-77.0066255, -11.9849378], [-77.0065774, -11.9847798], [-77.0065441, -11.9846829], [-77.0065241, -11.9846248], [-77.0064641, -11.9844503], [-77.0060094, -11.9829766], [-77.0054244, -11.9812752], [-77.0054126, -11.9812413], [-77.0052869, -11.9808803], [-77.0051453, -11.9804707], [-77.0050709, -11.9802771], [-77.0049566, -11.980035], [-77.0048848, -11.9798866], [-77.0047319, -11.9795703], [-77.0046235, -11.9793461], [-77.0044945, -11.9790792], [-77.0043763, -11.9788704], [-77.0041986, -11.9785889], [-77.0038432, -11.9781074], [-77.0032131, -11.9772389], [-77.0030785, -11.9770683], [-77.0030457, -11.9770301], [-77.0029684, -11.9769402], [-77.0028341, -11.9768215], [-77.0025866, -11.9766323], [-77.0021747, -11.9763249], [-77.0020553, -11.9762358], [-77.0019396, -11.9761495], [-77.0017608, -11.976016], [-77.0016563, -11.975938], [-77.0015537, -11.9758615], [-77.0005699, -11.9752066], [-77.0003847, -11.9750849], [-77.0002806, -11.9750159], [-77.0001678, -11.9749419], [-77.0000934, -11.9748883], [-76.9991695, -11.974222], [-76.998196, -11.9734871], [-76.9981315, -11.9734384], [-76.9972239, -11.9727743], [-76.9969286, -11.9725603], [-76.996786, -11.9724471], [-76.9967187, -11.9723932], [-76.9966487, -11.9723272], [-76.9966159, -11.9722945], [-76.9965408, -11.9722243], [-76.9964474, -11.9721288], [-76.9963174, -11.9720082], [-76.9960447, -11.9717168], [-76.9958163, -11.9714272], [-76.9954149, -11.9708826], [-76.9951224, -11.9704767], [-76.9948597, -11.9701179], [-76.9940534, -11.9690217], [-76.9940221, -11.9689811], [-76.9939457, -11.9688886], [-76.9938586, -11.9687882], [-76.9938075, -11.9687196], [-76.9935624, -11.9684183], [-76.9931742, -11.9679116], [-76.9930266, -11.9677017], [-76.9928895, -11.9674904], [-76.9926524, -11.9671522], [-76.9925976, -11.967069], [-76.9925336, -11.9669708], [-76.9920662, -11.9663164], [-76.9917351, -11.9658637], [-76.9911602, -11.9650629], [-76.9908987, -11.9646989], [-76.9904876, -11.9641273], [-76.9899607, -11.9633939], [-76.9897461, -11.9630875], [-76.9896425, -11.9629403], [-76.9889624, -11.9619844], [-76.9888393, -11.9618024], [-76.9887969, -11.9617434], [-76.9885251, -11.9613958], [-76.9884244, -11.9612602], [-76.9882327, -11.9609658], [-76.9881122, -11.9607956], [-76.9880217, -11.9606679], [-76.9874551, -11.9598678], [-76.9874114, -11.9598015], [-76.9873289, -11.9596765], [-76.9872872, -11.9596132], [-76.9869727, -11.9591287], [-76.9869101, -11.9590323], [-76.9868317, -11.9589164], [-76.9867968, -11.9588638], [-76.9867546, -11.9588047], [-76.9866973, -11.9587241], [-76.9866302, -11.9586279], [-76.9860847, -11.9578529], [-76.985999, -11.9577311], [-76.9859528, -11.9576685], [-76.9854857, -11.9569639], [-76.9854104, -11.9568259], [-76.9853623, -11.9566671], [-76.9853485, -11.9564921], [-76.9853705, -11.9563376], [-76.9854177, -11.9562002], [-76.9855144, -11.9560105], [-76.9857088, -11.9556191], [-76.986032, -11.9549682], [-76.986633, -11.9537163], [-76.9870925, -11.952814], [-76.9871331, -11.9527175], [-76.9871651, -11.9526413], [-76.9873645, -11.9522349], [-76.9874613, -11.9520216], [-76.987495, -11.9519059], [-76.9875096, -11.9518164], [-76.987512, -11.9517085], [-76.9875009, -11.9515921], [-76.9874839, -11.9515088], [-76.9874404, -11.9513765], [-76.9873861, -11.9512843], [-76.9873255, -11.9511925], [-76.9872661, -11.9511014], [-76.9871382, -11.9509051], [-76.9871228, -11.9508787], [-76.987024, -11.950736], [-76.986983, -11.9506768], [-76.9867417, -11.9503285], [-76.9857726, -11.9489352], [-76.9849866, -11.9478211], [-76.9849385, -11.9477458], [-76.9849038, -11.947695], [-76.9848524, -11.9476174], [-76.9839242, -11.9462563], [-76.9834326, -11.9455467], [-76.9826972, -11.9444838], [-76.9821915, -11.9437578], [-76.9820316, -11.943508], [-76.9819713, -11.9434257], [-76.9819397, -11.9433866], [-76.9811467, -11.9422236], [-76.9805132, -11.9413351], [-76.9803495, -11.9410852], [-76.979762, -11.9402441], [-76.9797154, -11.9401871], [-76.9796131, -11.9400839], [-76.9795208, -11.9400057], [-76.9793468, -11.9398645], [-76.9792244, -11.939774], [-76.9791168, -11.9397016], [-76.9788514, -11.9395589], [-76.9785878, -11.9394524], [-76.9783593, -11.9393812], [-76.9769479, -11.9389801], [-76.9767984, -11.9389425], [-76.9753372, -11.9385167], [-76.9751197, -11.9384556], [-76.9749552, -11.9384182], [-76.9748111, -11.9383985], [-76.9746902, -11.9383931], [-76.9745874, -11.9383987], [-76.974514, -11.9384086], [-76.974394, -11.9384329], [-76.973922, -11.9385933], [-76.9737046, -11.9386633], [-76.9735129, -11.9387345], [-76.9733611, -11.9387908], [-76.9731751, -11.9388445], [-76.9730941, -11.9388605], [-76.9729943, -11.938865], [-76.9729226, -11.938861], [-76.972866, -11.9388499], [-76.9727801, -11.9388208], [-76.9727123, -11.9387847], [-76.9726512, -11.9387466], [-76.972602, -11.9387051], [-76.9725458, -11.9386457], [-76.9724979, -11.9385878], [-76.9721094, -11.938035], [-76.9720582, -11.9379557], [-76.9720206, -11.9378972], [-76.9716785, -11.9374125], [-76.9713594, -11.9369429], [-76.9713051, -11.9368613], [-76.9712564, -11.9367907], [-76.9712223, -11.9367417], [-76.9705057, -11.9357121], [-76.9704526, -11.9356357], [-76.9697189, -11.9345857]]}}, {"type": "Feature", "properties": {"linea": "corredor_rojo", "nombre": "Corredor Rojo 201 (Corredor Rojo 201 -> Ceres)", "ref": "201", "osm_id": 13707077}, "geometry": {"type": "LineString", "coordinates": [[-77.1000523, -12.0737689], [-77.1000809, -12.073823], [-77.1001016, -12.0738804], [-77.1001139, -12.0739401], [-77.1001161, -12.0739747], [-77.1001177, -12.0740008], [-77.1001127, -12.0740615], [-77.1000806, -12.074265], [-77.0997455, -12.0744284], [-77.0996103, -12.0744944], [-77.0993653, -12.0746139], [-77.0992267, -12.0746815], [-77.0991938, -12.074696], [-77.098698, -12.0749336], [-77.0980676, -12.0752443], [-77.0974384, -12.0755562], [-77.0973751, -12.0755867], [-77.0968627, -12.0758338], [-77.096218, -12.0761532], [-77.0947692, -12.0768711], [-77.0946856, -12.076913], [-77.0945758, -12.0769681], [-77.0938308, -12.0773134], [-77.0936159, -12.0774091], [-77.0935519, -12.0774381], [-77.0934982, -12.07746], [-77.0933855, -12.0775083], [-77.0933262, -12.0775296], [-77.0932677, -12.0775562], [-77.0930141, -12.0776377], [-77.0928756, -12.0776766], [-77.0924592, -12.0777944], [-77.0921122, -12.0778778], [-77.0916874, -12.0779584], [-77.0912617, -12.0780209], [-77.0912113, -12.0780275], [-77.0908877, -12.0780574], [-77.0906165, -12.0780714], [-77.0897276, -12.0780904], [-77.0892171, -12.0781035], [-77.0888399, -12.0781161], [-77.0887491, -12.0781177], [-77.0886107, -12.0781202], [-77.088579, -12.0781208], [-77.0884707, -12.0781227], [-77.0881834, -12.0781298], [-77.0876316, -12.0781374], [-77.0872901, -12.0781446], [-77.0871603, -12.0781444], [-77.0869926, -12.0781471], [-77.0869054, -12.0781482], [-77.0866824, -12.0781538], [-77.0861951, -12.0781667], [-77.0858605, -12.0781756], [-77.0853569, -12.078189], [-77.085239, -12.0781918], [-77.0851978, -12.0781922], [-77.0851146, -12.0781939], [-77.0845886, -12.0782072], [-77.0845262, -12.0782086], [-77.0844021, -12.0782143], [-77.084069, -12.0782185], [-77.0840273, -12.0782198], [-77.0833926, -12.0782323], [-77.0833377, -12.0782333], [-77.0833173, -12.0782344], [-77.082962, -12.078242], [-77.0825822, -12.0782559], [-77.0820273, -12.0782731], [-77.0818536, -12.0782785], [-77.0817626, -12.078283], [-77.0811315, -12.0783346], [-77.081059, -12.0783481], [-77.0806599, -12.078421], [-77.0801341, -12.0785381], [-77.080081, -12.0785537], [-77.0800049, -12.0785762], [-77.0788719, -12.0789453], [-77.0780536, -12.0792343], [-77.0767739, -12.0797044], [-77.0766948, -12.0797346], [-77.076131, -12.0799501], [-77.0759298, -12.080027], [-77.0759185, -12.080031], [-77.075886, -12.0800438], [-77.0757989, -12.0800777], [-77.0757377, -12.0800985], [-77.0746864, -12.0804646], [-77.0736554, -12.0808237], [-77.0734651, -12.080893], [-77.0731649, -12.0810029], [-77.0723857, -12.0812914], [-77.0720481, -12.0814132], [-77.0714505, -12.0816261], [-77.0713823, -12.0816557], [-77.0707716, -12.0818805], [-77.0707471, -12.0818896], [-77.0706758, -12.0819159], [-77.0704365, -12.0820042], [-77.0703527, -12.0820351], [-77.070281, -12.0820616], [-77.0702547, -12.0820711], [-77.0700968, -12.0821283], [-77.0695421, -12.0823292], [-77.0676595, -12.0830111], [-77.0674687, -12.0830802], [-77.0674279, -12.083095], [-77.0673817, -12.0831118], [-77.0672949, -12.0831408], [-77.0672217, -12.0831671], [-77.0671539, -12.083192], [-77.0671122, -12.0832069], [-77.0668914, -12.0832861], [-77.0664526, -12.0834392], [-77.0663844, -12.0834601], [-77.066268, -12.0835036], [-77.0661707, -12.08354], [-77.0661021, -12.0835648], [-77.0657858, -12.0836786], [-77.065566, -12.0837752], [-77.0655451, -12.0837844], [-77.0653029, -12.0839046], [-77.0651189, -12.0840103], [-77.0650128, -12.0840866], [-77.0649148, -12.0841618], [-77.0648741, -12.0842002], [-77.0648374, -12.0842406], [-77.0647771, -12.0843183], [-77.0647504, -12.0843528], [-77.0647028, -12.084447], [-77.0646567, -12.0845633], [-77.0646294, -12.0846623], [-77.0646165, -12.0847296], [-77.0646131, -12.0847473], [-77.0646121, -12.0847525], [-77.0645971, -12.0848302], [-77.064566, -12.084951], [-77.0645343, -12.0850655], [-77.0645087, -12.0851685], [-77.0644596, -12.0853098], [-77.0643993, -12.0854217], [-77.0643189, -12.0855503], [-77.064222, -12.0856652], [-77.0641112, -12.0857573], [-77.0631274, -12.0865583], [-77.0629495, -12.0866966], [-77.0617102, -12.0874837], [-77.0615486, -12.08762], [-77.0612034, -12.087878], [-77.0611664, -12.0879029], [-77.0611369, -12.0879228], [-77.0610385, -12.08799], [-77.0610093, -12.08801], [-77.0610004, -12.0880158], [-77.0609868, -12.0880248], [-77.0605705, -12.0882989], [-77.0603631, -12.0884355], [-77.0597994, -12.0888069], [-77.0592724, -12.089146], [-77.0589124, -12.0893891], [-77.0585472, -12.0896166], [-77.0584065, -12.0897103], [-77.0582452, -12.0898178], [-77.0581867, -12.0898568], [-77.0579063, -12.0900437], [-77.0578811, -12.0900604], [-77.0578172, -12.0901031], [-77.0577163, -12.0901703], [-77.0576686, -12.0902019], [-77.0576551, -12.090211], [-77.0574599, -12.0903411], [-77.0574543, -12.0903448], [-77.0573213, -12.0904334], [-77.0568265, -12.0907717], [-77.0567384, -12.09083], [-77.0566425, -12.0908934], [-77.0559381, -12.0913597], [-77.0559001, -12.0913848], [-77.0558258, -12.091434], [-77.0556926, -12.0915336], [-77.0554545, -12.0916797], [-77.0551214, -12.0919001], [-77.0550596, -12.091941], [-77.0549231, -12.0920314], [-77.0544832, -12.0923225], [-77.0542675, -12.0924653], [-77.0542265, -12.0924924], [-77.0541948, -12.0925134], [-77.0537074, -12.0928324], [-77.0536081, -12.0928976], [-77.0535466, -12.0929361], [-77.0534726, -12.0929825], [-77.0534542, -12.0929943], [-77.0534454, -12.0929995], [-77.0533806, -12.0930397], [-77.0532999, -12.093093], [-77.0532012, -12.0931583], [-77.0531491, -12.0931927], [-77.0526898, -12.0934962], [-77.0525991, -12.0935562], [-77.0525862, -12.0935647], [-77.0523217, -12.0937395], [-77.0519967, -12.0939543], [-77.0519481, -12.0939864], [-77.0513046, -12.0944116], [-77.0511143, -12.0945374], [-77.0510898, -12.0945541], [-77.051033, -12.0945911], [-77.0509552, -12.0946435], [-77.0508548, -12.0947121], [-77.0507586, -12.0947773], [-77.0505194, -12.0947483], [-77.0504583, -12.0947414], [-77.0503927, -12.0947322], [-77.0499935, -12.0946763], [-77.0496127, -12.0946229], [-77.0495053, -12.0946079], [-77.0494151, -12.0945953], [-77.049013, -12.0945389], [-77.0489238, -12.0945265], [-77.0484651, -12.0944622], [-77.0484237, -12.0944564], [-77.0483352, -12.094444], [-77.0479232, -12.0943847], [-77.0477028, -12.094353], [-77.0476626, -12.0943472], [-77.047602, -12.0943388], [-77.0474354, -12.094318], [-77.0473811, -12.0943103], [-77.0472791, -12.0942966], [-77.0472014, -12.0942852], [-77.0469039, -12.0942435], [-77.0462388, -12.0941505], [-77.0461439, -12.0941372], [-77.0460445, -12.0941232], [-77.0451023, -12.093991], [-77.0450325, -12.0939812], [-77.0449498, -12.0939696], [-77.0440145, -12.0938383], [-77.0439811, -12.0938336], [-77.0438727, -12.0938184], [-77.043789, -12.0938067], [-77.0427711, -12.0936638], [-77.0426961, -12.0936533], [-77.0423502, -12.0936065], [-77.0419421, -12.0935475], [-77.0418919, -12.0935404], [-77.0411265, -12.093433], [-77.0406364, -12.0933642], [-77.0403303, -12.0933212], [-77.0402587, -12.0933112], [-77.0394893, -12.0932032], [-77.0394402, -12.0931963], [-77.0390018, -12.0931348], [-77.0388911, -12.0931192], [-77.0387994, -12.0931074], [-77.0387564, -12.0931003], [-77.0387162, -12.0930947], [-77.038628, -12.0930823], [-77.0385508, -12.0930714], [-77.0384342, -12.0930517], [-77.0379192, -12.0929821], [-77.0378019, -12.0929655], [-77.0377405, -12.0929568], [-77.03697, -12.0928474], [-77.0369081, -12.0928386], [-77.0361699, -12.0927338], [-77.0361291, -12.092728], [-77.0352892, -12.0926087], [-77.0352766, -12.0926069], [-77.0347282, -12.0925291], [-77.0346177, -12.0925134], [-77.0345743, -12.0925072], [-77.0344642, -12.0924916], [-77.0340497, -12.0924299], [-77.0339941, -12.0924197], [-77.0335854, -12.0923679], [-77.0334361, -12.0923472], [-77.0334075, -12.0923432], [-77.0330369, -12.0922905], [-77.0326012, -12.0922286], [-77.0323869, -12.0921994], [-77.0323496, -12.0921947], [-77.0322211, -12.0921762], [-77.0321251, -12.0921628], [-77.0312509, -12.0920403], [-77.0307823, -12.0919746], [-77.0304759, -12.0919317], [-77.0304099, -12.0919225], [-77.0303278, -12.091911], [-77.0301103, -12.0918805], [-77.0299444, -12.0918581], [-77.0294231, -12.0917877], [-77.0283878, -12.0916479], [-77.028138, -12.0916141], [-77.0272306, -12.0914916], [-77.0271896, -12.091486], [-77.0270325, -12.0914648], [-77.0268525, -12.0914378], [-77.026194, -12.0913393], [-77.0260836, -12.091323], [-77.0260209, -12.0913137], [-77.0258909, -12.0912979], [-77.0257415, -12.0912774], [-77.0253156, -12.0912189], [-77.025147, -12.0911773], [-77.0237528, -12.0909764], [-77.0231484, -12.0908989], [-77.023036, -12.0908837], [-77.0225688, -12.0908204], [-77.0209659, -12.0906117], [-77.0208899, -12.0906055], [-77.0207968, -12.0905987], [-77.019884, -12.0904805], [-77.0198131, -12.0904713], [-77.0197221, -12.0904595], [-77.0180365, -12.0902172], [-77.0178329, -12.0902447], [-77.0177726, -12.0902429], [-77.0175361, -12.0902073], [-77.0172953, -12.0901707], [-77.017247, -12.0901532], [-77.0171504, -12.0900801], [-77.0157608, -12.08987], [-77.0157034, -12.0898613], [-77.0154295, -12.0898199], [-77.0140804, -12.0896297], [-77.0134653, -12.0895464], [-77.013393, -12.0895366], [-77.0110857, -12.0892062], [-77.0105743, -12.0891372], [-77.0103058, -12.0891425], [-77.0101449, -12.0891412], [-77.0099893, -12.0891307], [-77.0088843, -12.0889826], [-77.0087918, -12.0889754], [-77.0086992, -12.0889714], [-77.008568, -12.0889711], [-77.0084369, -12.0889771], [-77.0081117, -12.088931], [-77.0079639, -12.0889116], [-77.0077427, -12.0888773], [-77.0076715, -12.0888663], [-77.0075225, -12.0888409], [-77.0074595, -12.0888331], [-77.0069115, -12.0887629], [-77.0068398, -12.0887502], [-77.006611, -12.0887189], [-77.005543, -12.0885715], [-77.0050323, -12.0885062], [-77.0049599, -12.0884956], [-77.0047932, -12.0884739], [-77.0046272, -12.0884487], [-77.0043006, -12.088399], [-77.0037661, -12.0883225], [-77.0037378, -12.0883191], [-77.003643, -12.0883076], [-77.0034945, -12.0882864], [-77.0034626, -12.0882818], [-77.0033752, -12.0882684], [-77.0030779, -12.0882226], [-77.0030581, -12.0882195], [-77.0022211, -12.0881256], [-77.0012261, -12.0879703], [-77.0008235, -12.087901], [-77.0000654, -12.0878017], [-76.9995531, -12.0877308], [-76.999453, -12.0877132], [-76.9990272, -12.087644], [-76.9989302, -12.0876282], [-76.9979914, -12.0875008], [-76.9978832, -12.0874921], [-76.9969054, -12.0873615], [-76.996692, -12.087333], [-76.9966289, -12.0873246], [-76.996565, -12.0873157], [-76.9965065, -12.0873075], [-76.9964439, -12.087299], [-76.9958211, -12.0872149], [-76.9955318, -12.0871794], [-76.993865, -12.0869328], [-76.9928816, -12.0867969], [-76.9927481, -12.0867785], [-76.9926035, -12.0867599], [-76.992423, -12.0867335], [-76.9921474, -12.0866954], [-76.9916191, -12.0866216], [-76.9910028, -12.0865354], [-76.9903178, -12.0864311], [-76.9897353, -12.0863499], [-76.9896238, -12.0863306], [-76.9888321, -12.0861709], [-76.9883692, -12.0860631], [-76.9879059, -12.0860006], [-76.9872925, -12.0858674], [-76.9864605, -12.085586], [-76.9862283, -12.085561], [-76.9861272, -12.0855596], [-76.9859118, -12.0854875], [-76.9856212, -12.0853929], [-76.9855412, -12.0853673], [-76.9854687, -12.0853434], [-76.9852952, -12.0853047], [-76.985222, -12.0852899], [-76.9851415, -12.085261], [-76.9850713, -12.0852263], [-76.9848835, -12.0851307], [-76.9846269, -12.0851214], [-76.9842348, -12.085112], [-76.9835608, -12.0850917], [-76.9824652, -12.0850642], [-76.9819066, -12.0850353], [-76.9817, -12.0850198], [-76.9815703, -12.0850094], [-76.9814688, -12.0850013], [-76.981257, -12.0849804], [-76.9800087, -12.0848474], [-76.9796945, -12.0848139], [-76.9789258, -12.0847295], [-76.9782156, -12.0846441], [-76.9776739, -12.0845789], [-76.9766267, -12.0844481], [-76.9754154, -12.0842852], [-76.9751295, -12.0842462], [-76.9741492, -12.084114], [-76.9741043, -12.0841079], [-76.9733587, -12.0840051], [-76.9732425, -12.0839927], [-76.9724352, -12.0838778], [-76.9719114, -12.0838032], [-76.9715928, -12.0837583], [-76.9710354, -12.0836829], [-76.9705857, -12.0836261], [-76.9705295, -12.0836235], [-76.9704064, -12.0836296], [-76.9703272, -12.0836382], [-76.9702436, -12.083699], [-76.9701382, -12.0837421], [-76.9700251, -12.0837578], [-76.9699115, -12.0837452], [-76.9698049, -12.0837049], [-76.9697122, -12.0836397], [-76.9696392, -12.0835538], [-76.9695907, -12.0834526], [-76.96957, -12.0833441], [-76.9694894, -12.0831733], [-76.9694129, -12.0830424], [-76.969308, -12.0829125], [-76.9690748, -12.0827595], [-76.9690149, -12.0827201], [-76.9687728, -12.0825597], [-76.9687481, -12.0825433], [-76.9686882, -12.0825044], [-76.9686371, -12.0824712], [-76.9685929, -12.0824426], [-76.9685509, -12.0824153], [-76.9676594, -12.081846], [-76.9676349, -12.0818309], [-76.9674927, -12.0817367], [-76.9674574, -12.0817107], [-76.96728, -12.0815544], [-76.9670988, -12.0813778], [-76.9669189, -12.0811678], [-76.966817, -12.0810318], [-76.9667133, -12.0808855], [-76.9666222, -12.0807461], [-76.9660701, -12.0798509], [-76.9659268, -12.0796168], [-76.9658836, -12.0795465], [-76.9656745, -12.0792278], [-76.9655545, -12.0790665], [-76.9654707, -12.0789478], [-76.9651924, -12.0785741], [-76.9651227, -12.078479], [-76.9650496, -12.0783728], [-76.9649577, -12.0782279], [-76.9648644, -12.0780734], [-76.9647747, -12.077917], [-76.9646908, -12.0777577], [-76.9646496, -12.0776694], [-76.964605, -12.0775787], [-76.9645379, -12.0774325], [-76.9644474, -12.0772404], [-76.9643388, -12.0770082], [-76.9641799, -12.0766922], [-76.9639505, -12.0762463], [-76.9638989, -12.0761512], [-76.9637983, -12.0759696], [-76.963685, -12.0757794], [-76.9636382, -12.07567], [-76.9635697, -12.0755847], [-76.9635133, -12.0755131], [-76.9634579, -12.0754493], [-76.9631178, -12.075058], [-76.9628477, -12.0747939], [-76.9628202, -12.0747696], [-76.9626602, -12.074628], [-76.962355, -12.074384], [-76.9622526, -12.0743085], [-76.9621402, -12.0742354], [-76.9619364, -12.0741143], [-76.9616482, -12.0739431], [-76.9610496, -12.0736564], [-76.960911, -12.0735926], [-76.9595664, -12.0729786], [-76.9571148, -12.0718441], [-76.9568082, -12.0717029], [-76.9566984, -12.0716521], [-76.9565452, -12.071588], [-76.9564509, -12.0715472], [-76.9558174, -12.071253], [-76.9553479, -12.0710417], [-76.9550568, -12.0709686], [-76.9550066, -12.0709572], [-76.9542031, -12.0708017], [-76.9539201, -12.0706959], [-76.9538543, -12.0706735], [-76.9536575, -12.0706064], [-76.9535987, -12.0705864], [-76.9533363, -12.0705042], [-76.9531548, -12.0704492], [-76.9528738, -12.070364], [-76.952749, -12.0703262], [-76.9525938, -12.0702768], [-76.9524892, -12.0702436], [-76.951866, -12.0700497], [-76.9514482, -12.0699153], [-76.9513382, -12.0698799], [-76.950895, -12.0697373], [-76.9508862, -12.0697347], [-76.9507938, -12.0697048], [-76.950094, -12.0694797], [-76.9497641, -12.0693735], [-76.9497249, -12.0693609], [-76.9495927, -12.0693193], [-76.9494823, -12.0692838], [-76.9490952, -12.0691595], [-76.9487735, -12.0690574], [-76.9485881, -12.0689985], [-76.9484607, -12.0689583], [-76.9479492, -12.0688176], [-76.9470439, -12.0685278], [-76.9469715, -12.0685022], [-76.9468207, -12.0684452], [-76.9466724, -12.0683822], [-76.9465541, -12.0683267], [-76.9464377, -12.0682675], [-76.9460408, -12.068053], [-76.94591, -12.0679796], [-76.9458214, -12.0679319], [-76.9451212, -12.0675546], [-76.9441104, -12.0670195], [-76.9440187, -12.0669717], [-76.9439678, -12.0669452], [-76.9438502, -12.066882], [-76.9437735, -12.0668386], [-76.942409, -12.0661341], [-76.9419777, -12.0659084], [-76.9419516, -12.0658948], [-76.9418795, -12.0658572], [-76.9416003, -12.0657092], [-76.9412089, -12.065501], [-76.94097, -12.0653723], [-76.9407749, -12.0652576], [-76.9406831, -12.0652085], [-76.9405979, -12.0651678], [-76.9405067, -12.0651311], [-76.9403785, -12.0650927], [-76.9402015, -12.0650428], [-76.940185, -12.0650455], [-76.940074, -12.0650603], [-76.9399628, -12.0650477], [-76.9398583, -12.0650083], [-76.9397671, -12.0649447], [-76.9396949, -12.0648609], [-76.9396464, -12.0647622], [-76.9396246, -12.0646548], [-76.9396307, -12.0645455], [-76.9396359, -12.0645172], [-76.9395544, -12.0644813], [-76.9395196, -12.0644577], [-76.9394079, -12.0643602], [-76.9392703, -12.0642856], [-76.9391074, -12.0641554], [-76.938986, -12.0640653], [-76.9388774, -12.0639347], [-76.9385555, -12.0635486], [-76.9385148, -12.0634879], [-76.9383575, -12.0632533], [-76.9382751, -12.0630361], [-76.9382092, -12.062778], [-76.9381878, -12.0625746], [-76.9381762, -12.0624644], [-76.9381477, -12.0622196], [-76.9380709, -12.0607397], [-76.9380588, -12.0605676], [-76.9379981, -12.0597024], [-76.9379496, -12.058902], [-76.9379039, -12.0581493], [-76.9379099, -12.058046], [-76.9379197, -12.0579607], [-76.9379369, -12.0578733], [-76.9379394, -12.0577924], [-76.9379141, -12.0575792], [-76.9378862, -12.057452], [-76.9378325, -12.0564273], [-76.9377456, -12.0547454], [-76.9376843, -12.0537164], [-76.937784, -12.0534065], [-76.9377837, -12.0532594], [-76.9377888, -12.0531106], [-76.9377949, -12.0529964], [-76.93782, -12.0525859], [-76.937847, -12.0517849], [-76.9378195, -12.0514936], [-76.9377712, -12.0511683], [-76.9376961, -12.0507884], [-76.9375576, -12.050272], [-76.9374458, -12.0499781], [-76.9373385, -12.0496718], [-76.9371322, -12.0491531], [-76.936962, -12.0487615], [-76.9367335, -12.0483213], [-76.9364136, -12.0477213], [-76.9363352, -12.0475875], [-76.9361044, -12.0471737], [-76.9360257, -12.0470304], [-76.9359904, -12.0469713], [-76.9359559, -12.0469087], [-76.9358903, -12.0468028], [-76.9355815, -12.0462425], [-76.9355097, -12.0460955], [-76.935432, -12.0459515], [-76.9353483, -12.0458106], [-76.935259, -12.0456731], [-76.9351523, -12.0455235], [-76.9350388, -12.0453788], [-76.9349188, -12.0452392], [-76.9347925, -12.0451051], [-76.9346601, -12.0449766], [-76.9344736, -12.0448302], [-76.9342872, -12.0446948], [-76.9339442, -12.0444736], [-76.9336386, -12.044325], [-76.9333097, -12.0442138], [-76.9328643, -12.044082], [-76.9315893, -12.0437674], [-76.9307937, -12.04358], [-76.9307633, -12.0435724], [-76.9305782, -12.0435296], [-76.9304821, -12.0435023], [-76.9303378, -12.0434663], [-76.930148, -12.0434154], [-76.928076, -12.0429038], [-76.926808, -12.0425871], [-76.9260905, -12.0424166], [-76.9258551, -12.0423589], [-76.9257289, -12.0423225], [-76.9256047, -12.0422799], [-76.9255095, -12.0422423], [-76.9254159, -12.0422012], [-76.9253391, -12.0421646], [-76.9252637, -12.0421254], [-76.9251671, -12.0420702], [-76.9250733, -12.0420106], [-76.9249874, -12.0419524], [-76.9249036, -12.0418913], [-76.9248103, -12.0418179], [-76.9247199, -12.0417411], [-76.9246507, -12.0416744], [-76.9245838, -12.0416054], [-76.9244922, -12.0415028], [-76.9244201, -12.0414119], [-76.9243414, -12.0413083], [-76.9242736, -12.0412089], [-76.9242124, -12.0411092], [-76.9241556, -12.0410069], [-76.9241006, -12.0408962], [-76.924051, -12.040783], [-76.9240147, -12.0406914], [-76.9239823, -12.0405984], [-76.9239495, -12.0404878], [-76.9239223, -12.0403757], [-76.9238989, -12.0402661], [-76.923881, -12.0401554], [-76.9238672, -12.0400252], [-76.9238609, -12.0398944], [-76.9238592, -12.0397914], [-76.9238644, -12.0396337], [-76.923879, -12.0394766], [-76.923901, -12.0393367], [-76.92393, -12.0391979], [-76.9239692, -12.0390499], [-76.9240165, -12.0389041], [-76.9241702, -12.0384891], [-76.9242426, -12.0382893], [-76.9248895, -12.0365203], [-76.9249421, -12.0363684], [-76.9250639, -12.0360323], [-76.9251008, -12.0359228], [-76.9251383, -12.0357976], [-76.9252516, -12.0353857], [-76.9252957, -12.0352424], [-76.9253522, -12.035088], [-76.9254064, -12.0349506], [-76.925692, -12.0343041], [-76.9257768, -12.0340762], [-76.9259436, -12.0335986]]}}, {"type": "Feature", "properties": {"linea": "corredor_rojo", "nombre": "Corredor Rojo 204 (Corredor Rojo 204 -> Víctor Malásquez)", "ref": "204", "osm_id": 13736330}, "geometry": {"type": "MultiLineString", "coordinates": [[[-77.1000806, -12.074265], [-77.0997455, -12.0744284], [-77.0996103, -12.0744944], [-77.0993653, -12.0746139], [-77.0992267, -12.0746815], [-77.0991938, -12.074696], [-77.098698, -12.0749336], [-77.0980676, -12.0752443], [-77.0974384, -12.0755562], [-77.0973751, -12.0755867], [-77.0968627, -12.0758338], [-77.096218, -12.0761532], [-77.0947692, -12.0768711], [-77.0946856, -12.076913], [-77.0945758, -12.0769681], [-77.0938308, -12.0773134], [-77.0936159, -12.0774091], [-77.0935519, -12.0774381], [-77.0934982, -12.07746], [-77.0933855, -12.0775083], [-77.0933262, -12.0775296], [-77.0932677, -12.0775562], [-77.0930141, -12.0776377], [-77.0928756, -12.0776766], [-77.0924592, -12.0777944], [-77.0921122, -12.0778778], [-77.0916874, -12.0779584], [-77.0912617, -12.0780209], [-77.0912113, -12.0780275], [-77.0908877, -12.0780574], [-77.0906165, -12.0780714], [-77.0897276, -12.0780904], [-77.0892171, -12.0781035], [-77.0888399, -12.0781161], [-77.0887491, -12.0781177], [-77.0886107, -12.0781202], [-77.088579, -12.0781208], [-77.0884707, -12.0781227], [-77.0881834, -12.0781298], [-77.0876316, -12.0781374], [-77.0872901, -12.0781446], [-77.0871603, -12.0781444], [-77.0869926, -12.0781471], [-77.0869054, -12.0781482], [-77.0866824, -12.0781538], [-77.0861951, -12.0781667], [-77.0858605, -12.0781756], [-77.0853569, -12.078189], [-77.085239, -12.0781918], [-77.0851978, -12.0781922], [-77.0851146, -12.0781939], [-77.0845886, -12.0782072], [-77.0845262, -12.0782086], [-77.0844021, -12.0782143], [-77.084069, -12.0782185], [-77.0840273, -12.0782198], [-77.0833926, -12.0782323], [-77.0833377, -12.0782333], [-77.0833173, -12.0782344], [-77.082962, -12.078242], [-77.0825822, -12.0782559], [-77.0820273, -12.0782731], [-77.0818536, -12.0782785], [-77.0817626, -12.078283], [-77.0811315, -12.0783346], [-77.081059, -12.0783481], [-77.0806599, -12.078421], [-77.0801341, -12.0785381], [-77.080081, -12.0785537], [-77.0800049, -12.0785762], [-77.0788719, -12.0789453], [-77.0780536, -12.0792343], [-77.0767739, -12.0797044], [-77.0766948, -12.0797346], [-77.076131, -12.0799501], [-77.0759298, -12.080027], [-77.0759185, -12.080031], [-77.075886, -12.0800438], [-77.0757989, -12.0800777], [-77.0757377, -12.0800985], [-77.0746864, -12.0804646], [-77.0736554, -12.0808237], [-77.0734651, -12.080893], [-77.0731649, -12.0810029], [-77.0723857, -12.0812914], [-77.0720481, -12.0814132], [-77.0714505, -12.0816261], [-77.0713823, -12.0816557], [-77.0707716, -12.0818805], [-77.0707471, -12.0818896], [-77.0706758, -12.0819159], [-77.0704365, -12.0820042], [-77.0703527, -12.0820351], [-77.070281, -12.0820616], [-77.0702547, -12.0820711], [-77.0700968, -12.0821283], [-77.0695421, -12.0823292], [-77.0676595, -12.0830111], [-77.0674687, -12.0830802], [-77.0674279, -12.083095], [-77.0673817, -12.0831118], [-77.0672949, -12.0831408], [-77.0672217, -12.0831671], [-77.0671539, -12.083192], [-77.0671122, -12.0832069], [-77.0668914, -12.0832861], [-77.0664526, -12.0834392], [-77.0663844, -12.0834601], [-77.066268, -12.0835036], [-77.0661707, -12.08354], [-77.0661021, -12.0835648], [-77.0657858, -12.0836786], [-77.065566, -12.0837752], [-77.0655451, -12.0837844], [-77.0653029, -12.0839046], [-77.0651189, -12.0840103], [-77.0650128, -12.0840866], [-77.0649148, -12.0841618], [-77.0648741, -12.0842002], [-77.0648374, -12.0842406], [-77.0647771, -12.0843183], [-77.0647504, -12.0843528], [-77.0647028, -12.084447], [-77.0646567, -12.0845633], [-77.0646294, -12.0846623], [-77.0646165, -12.0847296], [-77.0646131, -12.0847473], [-77.0646121, -12.0847525], [-77.0645971, -12.0848302], [-77.064566, -12.084951], [-77.0645343, -12.0850655], [-77.0645087, -12.0851685], [-77.0644596, -12.0853098], [-77.0643993, -12.0854217], [-77.0643189, -12.0855503], [-77.064222, -12.0856652], [-77.0641112, -12.0857573], [-77.0631274, -12.0865583], [-77.0629495, -12.0866966], [-77.0617102, -12.0874837], [-77.0615486, -12.08762], [-77.0612034, -12.087878], [-77.0611664, -12.0879029], [-77.0611369, -12.0879228], [-77.0610385, -12.08799], [-77.0610093, -12.08801], [-77.0610004, -12.0880158], [-77.0609868, -12.0880248], [-77.0605705, -12.0882989], [-77.0603631, -12.0884355], [-77.0597994, -12.0888069], [-77.0592724, -12.089146], [-77.0589124, -12.0893891], [-77.0585472, -12.0896166], [-77.0584065, -12.0897103], [-77.0582452, -12.0898178], [-77.0581867, -12.0898568], [-77.0579063, -12.0900437], [-77.0578811, -12.0900604], [-77.0578172, -12.0901031], [-77.0577163, -12.0901703], [-77.0576686, -12.0902019], [-77.0576551, -12.090211], [-77.0574599, -12.0903411], [-77.0574543, -12.0903448], [-77.0573213, -12.0904334], [-77.0568265, -12.0907717], [-77.0567384, -12.09083], [-77.0566425, -12.0908934], [-77.0559381, -12.0913597], [-77.0559001, -12.0913848], [-77.0558258, -12.091434], [-77.0556926, -12.0915336], [-77.0554545, -12.0916797], [-77.0551214, -12.0919001], [-77.0550596, -12.091941], [-77.0549231, -12.0920314], [-77.0544832, -12.0923225], [-77.0542675, -12.0924653], [-77.0542265, -12.0924924], [-77.0541948, -12.0925134], [-77.0537074, -12.0928324], [-77.0536081, -12.0928976], [-77.0535466, -12.0929361], [-77.0534726, -12.0929825], [-77.0534542, -12.0929943], [-77.0534454, -12.0929995], [-77.0533806, -12.0930397], [-77.0532999, -12.093093], [-77.0532012, -12.0931583], [-77.0531491, -12.0931927], [-77.0526898, -12.0934962], [-77.0525991, -12.0935562], [-77.0525862, -12.0935647], [-77.0523217, -12.0937395], [-77.0519967, -12.0939543], [-77.0519481, -12.0939864], [-77.0513046, -12.0944116], [-77.0511143, -12.0945374], [-77.0510898, -12.0945541], [-77.051033, -12.0945911], [-77.0509552, -12.0946435], [-77.0508548, -12.0947121], [-77.0507586, -12.0947773], [-77.0505194, -12.0947483], [-77.0504583, -12.0947414], [-77.0503927, -12.0947322], [-77.0499935, -12.0946763], [-77.0496127, -12.0946229], [-77.0495053, -12.0946079], [-77.0494151, -12.0945953], [-77.049013, -12.0945389], [-77.0489238, -12.0945265], [-77.0484651, -12.0944622], [-77.0484237, -12.0944564], [-77.0483352, -12.094444], [-77.0479232, -12.0943847], [-77.0477028, -12.094353], [-77.0476626, -12.0943472], [-77.047602, -12.0943388], [-77.0474354, -12.094318], [-77.0473811, -12.0943103], [-77.0472791, -12.0942966], [-77.0472014, -12.0942852], [-77.0469039, -12.0942435], [-77.0462388, -12.0941505], [-77.0461439, -12.0941372], [-77.0460445, -12.0941232], [-77.0451023, -12.093991], [-77.0450325, -12.0939812], [-77.0449498, -12.0939696], [-77.0440145, -12.0938383], [-77.0439811, -12.0938336], [-77.0438727, -12.0938184], [-77.043789, -12.0938067], [-77.0427711, -12.0936638], [-77.0426961, -12.0936533], [-77.0423502, -12.0936065], [-77.0419421, -12.0935475], [-77.0418919, -12.0935404], [-77.0411265, -12.093433], [-77.0406364, -12.0933642], [-77.0403303, -12.0933212], [-77.0402587, -12.0933112], [-77.0394893, -12.0932032], [-77.0394402, -12.0931963], [-77.0390018, -12.0931348], [-77.0388911, -12.0931192], [-77.0387994, -12.0931074], [-77.0387564, -12.0931003], [-77.0387162, -12.0930947], [-77.038628, -12.0930823], [-77.0385508, -12.0930714], [-77.0384342, -12.0930517], [-77.0379192, -12.0929821], [-77.0378019, -12.0929655], [-77.0377405, -12.0929568], [-77.03697, -12.0928474], [-77.0369081, -12.0928386], [-77.0361699, -12.0927338], [-77.0361291, -12.092728], [-77.0352892, -12.0926087], [-77.0352766, -12.0926069], [-77.0347282, -12.0925291], [-77.0346177, -12.0925134], [-77.0345743, -12.0925072], [-77.0344642, -12.0924916], [-77.0340497, -12.0924299], [-77.0339941, -12.0924197], [-77.0335854, -12.0923679], [-77.0334361, -12.0923472], [-77.0334075, -12.0923432], [-77.0330369, -12.0922905], [-77.0326012, -12.0922286], [-77.0323869, -12.0921994], [-77.0323496, -12.0921947], [-77.0322211, -12.0921762], [-77.0321251, -12.0921628], [-77.0312509, -12.0920403], [-77.0307823, -12.0919746], [-77.0304759, -12.0919317], [-77.0304099, -12.0919225], [-77.0303278, -12.091911], [-77.0301103, -12.0918805], [-77.0299444, -12.0918581], [-77.0294231, -12.0917877], [-77.0283878, -12.0916479], [-77.028138, -12.0916141], [-77.0272306, -12.0914916], [-77.0271896, -12.091486], [-77.0270325, -12.0914648], [-77.0268525, -12.0914378], [-77.026194, -12.0913393], [-77.0260836, -12.091323], [-77.0260209, -12.0913137], [-77.0258909, -12.0912979], [-77.0257415, -12.0912774], [-77.0253156, -12.0912189], [-77.025147, -12.0911773], [-77.0237528, -12.0909764], [-77.0231484, -12.0908989], [-77.023036, -12.0908837], [-77.0225688, -12.0908204], [-77.0209659, -12.0906117], [-77.0208899, -12.0906055], [-77.0207968, -12.0905987], [-77.019884, -12.0904805], [-77.0198131, -12.0904713], [-77.0197221, -12.0904595], [-77.0180365, -12.0902172], [-77.0171504, -12.0900801], [-77.0157608, -12.08987], [-77.0157034, -12.0898613], [-77.0154295, -12.0898199], [-77.0140804, -12.0896297], [-77.0134653, -12.0895464], [-77.013393, -12.0895366], [-77.0129137, -12.0895256], [-77.012514, -12.0894782], [-77.0121513, -12.089431], [-77.0120426, -12.0894139], [-77.0117635, -12.0894535], [-77.0111223, -12.0893521], [-77.0108644, -12.0893178], [-77.0097094, -12.0891707], [-77.0086489, -12.0890124], [-77.0084369, -12.0889771], [-77.0081117, -12.088931], [-77.0079639, -12.0889116], [-77.0077427, -12.0888773], [-77.0076715, -12.0888663], [-77.0075225, -12.0888409], [-77.0074595, -12.0888331], [-77.0069115, -12.0887629], [-77.0068398, -12.0887502], [-77.006611, -12.0887189], [-77.005543, -12.0885715], [-77.0050323, -12.0885062], [-77.0049599, -12.0884956], [-77.0047932, -12.0884739], [-77.0046272, -12.0884487], [-77.0043006, -12.088399], [-77.0037661, -12.0883225], [-77.0037378, -12.0883191], [-77.003643, -12.0883076], [-77.0034945, -12.0882864], [-77.0034626, -12.0882818], [-77.0033752, -12.0882684], [-77.0030779, -12.0882226], [-77.0030581, -12.0882195], [-77.0022211, -12.0881256], [-77.0012261, -12.0879703], [-77.0008235, -12.087901], [-77.0000654, -12.0878017], [-76.9995531, -12.0877308], [-76.999453, -12.0877132], [-76.9990272, -12.087644], [-76.9989302, -12.0876282], [-76.9979914, -12.0875008], [-76.9978832, -12.0874921], [-76.9969054, -12.0873615], [-76.996692, -12.087333], [-76.9966289, -12.0873246], [-76.996565, -12.0873157], [-76.9965065, -12.0873075], [-76.9964439, -12.087299], [-76.9958211, -12.0872149], [-76.9955318, -12.0871794], [-76.993865, -12.0869328], [-76.9928816, -12.0867969], [-76.9927481, -12.0867785], [-76.9926035, -12.0867599], [-76.992423, -12.0867335], [-76.9921474, -12.0866954], [-76.9916191, -12.0866216], [-76.9910028, -12.0865354], [-76.9903178, -12.0864311], [-76.9897353, -12.0863499], [-76.9896238, -12.0863306], [-76.9888321, -12.0861709], [-76.9883692, -12.0860631], [-76.9879059, -12.0860006], [-76.9872925, -12.0858674], [-76.9864605, -12.085586], [-76.9862283, -12.085561], [-76.9861272, -12.0855596], [-76.9859118, -12.0854875], [-76.9856212, -12.0853929], [-76.9855412, -12.0853673], [-76.9854687, -12.0853434], [-76.9852952, -12.0853047], [-76.985222, -12.0852899], [-76.9851415, -12.085261], [-76.9850713, -12.0852263], [-76.9848835, -12.0851307], [-76.9846269, -12.0851214], [-76.9842348, -12.085112], [-76.9835608, -12.0850917], [-76.9824652, -12.0850642], [-76.9819066, -12.0850353], [-76.9817, -12.0850198], [-76.9815703, -12.0850094], [-76.9814688, -12.0850013], [-76.981257, -12.0849804], [-76.9800087, -12.0848474], [-76.9796945, -12.0848139], [-76.9789258, -12.0847295], [-76.9782156, -12.0846441], [-76.9776739, -12.0845789], [-76.9766267, -12.0844481], [-76.9754154, -12.0842852], [-76.9751295, -12.0842462], [-76.9741492, -12.084114], [-76.9741043, -12.0841079], [-76.9733587, -12.0840051], [-76.9732425, -12.0839927], [-76.9724352, -12.0838778], [-76.9719114, -12.0838032], [-76.9715928, -12.0837583], [-76.9710354, -12.0836829], [-76.9705857, -12.0836261], [-76.9705295, -12.0836235], [-76.9704064, -12.0836296], [-76.9703272, -12.0836382], [-76.9702436, -12.083699], [-76.9701382, -12.0837421], [-76.9700251, -12.0837578], [-76.9699115, -12.0837452], [-76.9698049, -12.0837049], [-76.9697122, -12.0836397], [-76.9696392, -12.0835538], [-76.9695907, -12.0834526], [-76.96957, -12.0833441], [-76.9694894, -12.0831733], [-76.9694129, -12.0830424], [-76.969308, -12.0829125], [-76.9690748, -12.0827595], [-76.9690149, -12.0827201], [-76.9687728, -12.0825597], [-76.9687481, -12.0825433], [-76.9686882, -12.0825044], [-76.9686371, -12.0824712], [-76.9685929, -12.0824426], [-76.9685509, -12.0824153], [-76.9676594, -12.081846], [-76.9676349, -12.0818309], [-76.9674927, -12.0817367], [-76.9674574, -12.0817107], [-76.96728, -12.0815544], [-76.9670988, -12.0813778], [-76.9669189, -12.0811678], [-76.966817, -12.0810318], [-76.9667133, -12.0808855], [-76.9666222, -12.0807461], [-76.9660701, -12.0798509], [-76.9659268, -12.0796168], [-76.9658836, -12.0795465], [-76.9656745, -12.0792278], [-76.9655545, -12.0790665], [-76.9654707, -12.0789478], [-76.9651924, -12.0785741], [-76.9651227, -12.078479], [-76.9650496, -12.0783728], [-76.9649577, -12.0782279], [-76.9648644, -12.0780734], [-76.9647747, -12.077917], [-76.9646908, -12.0777577], [-76.9646496, -12.0776694], [-76.964605, -12.0775787], [-76.9645379, -12.0774325], [-76.9644474, -12.0772404], [-76.9643388, -12.0770082], [-76.9641799, -12.0766922], [-76.9639505, -12.0762463], [-76.9638989, -12.0761512], [-76.9637983, -12.0759696], [-76.963685, -12.0757794], [-76.9636382, -12.07567], [-76.9635697, -12.0755847], [-76.9635133, -12.0755131], [-76.9634579, -12.0754493], [-76.9631178, -12.075058], [-76.9628477, -12.0747939], [-76.9628202, -12.0747696], [-76.9626602, -12.074628], [-76.962355, -12.074384], [-76.9622526, -12.0743085], [-76.9621402, -12.0742354], [-76.9619364, -12.0741143], [-76.9616482, -12.0739431], [-76.9610496, -12.0736564], [-76.960911, -12.0735926], [-76.9595664, -12.0729786], [-76.9571148, -12.0718441], [-76.9568082, -12.0717029], [-76.9566984, -12.0716521], [-76.9565452, -12.071588], [-76.9564509, -12.0715472], [-76.9558174, -12.071253], [-76.9553479, -12.0710417], [-76.9550568, -12.0709686], [-76.9550066, -12.0709572], [-76.9542031, -12.0708017], [-76.9539201, -12.0706959], [-76.9538543, -12.0706735], [-76.9536575, -12.0706064], [-76.9535987, -12.0705864], [-76.9533363, -12.0705042], [-76.9531548, -12.0704492], [-76.9528738, -12.070364], [-76.952749, -12.0703262], [-76.9525938, -12.0702768], [-76.9524892, -12.0702436], [-76.951866, -12.0700497], [-76.9514482, -12.0699153], [-76.9513382, -12.0698799], [-76.950895, -12.0697373], [-76.9508862, -12.0697347], [-76.9507938, -12.0697048], [-76.950094, -12.0694797], [-76.9497641, -12.0693735], [-76.9497249, -12.0693609], [-76.9495927, -12.0693193], [-76.9494823, -12.0692838], [-76.9490952, -12.0691595], [-76.9487735, -12.0690574], [-76.9485881, -12.0689985], [-76.9484607, -12.0689583], [-76.9479492, -12.0688176], [-76.9470439, -12.0685278], [-76.9469715, -12.0685022], [-76.9468207, -12.0684452], [-76.9466724, -12.0683822], [-76.9465541, -12.0683267], [-76.9464377, -12.0682675], [-76.9460408, -12.068053], [-76.94591, -12.0679796], [-76.9458214, -12.0679319], [-76.9451212, -12.0675546], [-76.9441104, -12.0670195], [-76.9440187, -12.0669717], [-76.9439678, -12.0669452], [-76.9438502, -12.066882], [-76.9437735, -12.0668386], [-76.942409, -12.0661341], [-76.9419777, -12.0659084], [-76.9419516, -12.0658948], [-76.9418795, -12.0658572], [-76.9416003, -12.0657092], [-76.9412089, -12.065501], [-76.94097, -12.0653723], [-76.9407953, -12.0652946], [-76.9405617, -12.0652491], [-76.9404392, -12.0652474], [-76.9403235, -12.0652458], [-76.940209, -12.0652594], [-76.9400962, -12.0652829], [-76.9399525, -12.0653281], [-76.939815, -12.0653893], [-76.9397497, -12.0654265], [-76.9396442, -12.0654882], [-76.9395292, -12.0655764], [-76.9394009, -12.0657048], [-76.9392607, -12.0658728], [-76.9391435, -12.0660593], [-76.9390246, -12.0663006], [-76.9388772, -12.066655], [-76.9388107, -12.0668753], [-76.9387657, -12.067027], [-76.9387311, -12.0671436], [-76.9383057, -12.0685769], [-76.9381447, -12.0690928], [-76.9380052, -12.0695692], [-76.9378325, -12.0701323], [-76.9376074, -12.0708724], [-76.9375365, -12.0711057], [-76.9375061, -12.0711548], [-76.9374594, -12.0711899], [-76.9374189, -12.0712255], [-76.9373702, -12.0712819], [-76.9373152, -12.0713575], [-76.9372702, -12.0714404], [-76.9371466, -12.0718535], [-76.9369331, -12.0725676], [-76.936896, -12.0726916], [-76.9366356, -12.073548], [-76.9365809, -12.0736726], [-76.9365428, -12.0737588], [-76.9364816, -12.0738629], [-76.9358878, -12.07485], [-76.9356566, -12.0752352], [-76.9356225, -12.0753432], [-76.9356166, -12.0754722], [-76.9356308, -12.0755227], [-76.9356298, -12.0755355], [-76.9356254, -12.0755933], [-76.9354921, -12.075645], [-76.9353246, -12.0757257], [-76.9351749, -12.0758188], [-76.9350574, -12.0758832], [-76.9347975, -12.0760255], [-76.934747, -12.076058], [-76.934705, -12.0760833], [-76.9346017, -12.0761584], [-76.934502, -12.0762439], [-76.9344311, -12.0763066], [-76.9343001, -12.0764245], [-76.9342556, -12.0764719], [-76.9339822, -12.0767361], [-76.9336691, -12.0769945], [-76.933376, -12.0771872], [-76.9330227, -12.0773859], [-76.9326512, -12.0775597], [-76.9324299, -12.0776462], [-76.9317266, -12.0778723], [-76.9309983, -12.0781131], [-76.9306623, -12.0782023], [-76.9304893, -12.0782777], [-76.9303881, -12.0783367], [-76.9302667, -12.0784331], [-76.9301426, -12.078561], [-76.9300749, -12.0786436], [-76.9299978, -12.0787596], [-76.92992, -12.0788882], [-76.9297886, -12.0791314], [-76.9296709, -12.079349], [-76.9295787, -12.0795196], [-76.9292307, -12.0801714], [-76.9289839, -12.0806245], [-76.9287305, -12.0811261], [-76.9286264, -12.0813178], [-76.928579, -12.0814317], [-76.9285481, -12.0815083], [-76.9283935, -12.0818828], [-76.928363, -12.0819362], [-76.9283328, -12.0820083], [-76.928281, -12.0821443], [-76.9280074, -12.0828166], [-76.9279344, -12.0829961], [-76.927807, -12.0832967], [-76.9277975, -12.0833191], [-76.9277499, -12.0834315], [-76.9275604, -12.0838787], [-76.9275322, -12.0839381], [-76.9275115, -12.083977], [-76.9272295, -12.0844916], [-76.9271798, -12.0845643], [-76.9271139, -12.0846425], [-76.9270456, -12.0847082], [-76.9269229, -12.084793], [-76.9267836, -12.0848642], [-76.926692, -12.084903], [-76.926565, -12.0849569], [-76.9264255, -12.0849972], [-76.9262635, -12.0850316], [-76.9260865, -12.0850547], [-76.925852, -12.0850672], [-76.9257499, -12.0850338], [-76.9254716, -12.0849375], [-76.9245718, -12.0849926], [-76.9243266, -12.0850073], [-76.9240179, -12.0850224], [-76.9240254, -12.0851417], [-76.9239581, -12.085124], [-76.9239121, -12.0851234], [-76.9215953, -12.0852192], [-76.9204076, -12.0852675], [-76.9201575, -12.0852777], [-76.920061, -12.0852833], [-76.9196117, -12.0853189], [-76.9191556, -12.0853504], [-76.9189469, -12.0853701], [-76.9187051, -12.085395], [-76.9185307, -12.0854002], [-76.9184047, -12.0853975], [-76.9180914, -12.085462], [-76.9178703, -12.0855102], [-76.9161515, -12.0858713], [-76.915669, -12.0859562], [-76.9149784, -12.0859777], [-76.9135193, -12.0860197], [-76.9130474, -12.0860169], [-76.912837, -12.0860156], [-76.9123672, -12.0860235], [-76.9113507, -12.0860486], [-76.9111583, -12.0861293], [-76.9111064, -12.0861508], [-76.9110524, -12.0861664], [-76.9109962, -12.086176], [-76.9109394, -12.0861792], [-76.9108475, -12.0861834], [-76.9098534, -12.0862025], [-76.9084356, -12.0862226], [-76.907443, -12.0862492], [-76.9074337, -12.0862494], [-76.9073188, -12.0862525], [-76.9060812, -12.0862714], [-76.9057104, -12.0862738], [-76.9052866, -12.0862765], [-76.9045184, -12.0862814], [-76.9035874, -12.0862617], [-76.9032412, -12.0862544], [-76.9025635, -12.0862379], [-76.90247, -12.0862356], [-76.9015376, -12.0862158], [-76.901447, -12.0862139], [-76.9007255, -12.0861947], [-76.9003493, -12.0861852], [-76.9002779, -12.0861834], [-76.9002604, -12.0861828], [-76.9002034, -12.0861808], [-76.9001526, -12.0861794], [-76.8999945, -12.086175], [-76.899444, -12.0861598], [-76.89894, -12.0861459], [-76.8980984, -12.086145], [-76.8980636, -12.086145], [-76.8979941, -12.0861469], [-76.8974452, -12.0861621], [-76.8964162, -12.0861973], [-76.8962743, -12.0862014], [-76.8951479, -12.0862313], [-76.8942619, -12.086258], [-76.8937689, -12.0862749], [-76.8936193, -12.08628], [-76.8927259, -12.0863107], [-76.8924754, -12.0863179], [-76.8917968, -12.0863374], [-76.8915292, -12.0863451], [-76.8911687, -12.0863542], [-76.8908868, -12.0863505], [-76.8906848, -12.0863355], [-76.890633, -12.0863291], [-76.8905045, -12.0863132], [-76.890423, -12.0862965], [-76.8903591, -12.0862835], [-76.889956, -12.0861539], [-76.8895372, -12.0860192], [-76.8892976, -12.0859456], [-76.8882433, -12.0856216], [-76.8881768, -12.0856011], [-76.888035, -12.0855513], [-76.8878996, -12.085436], [-76.8878643, -12.0854255], [-76.8872595, -12.0852215], [-76.8871734, -12.0851943], [-76.8870918, -12.0851756], [-76.8870104, -12.0851625], [-76.8869282, -12.0851547], [-76.886852, -12.0851552], [-76.886776, -12.0851612], [-76.8866888, -12.085175], [-76.886603, -12.085196], [-76.8865092, -12.0852274], [-76.8864186, -12.0852668], [-76.8862751, -12.0853324], [-76.8861996, -12.0853622], [-76.8861229, -12.0853887], [-76.8860413, -12.0854129], [-76.8859586, -12.0854333], [-76.8858575, -12.0854521], [-76.8857554, -12.0854655], [-76.8856435, -12.085474], [-76.8854654, -12.0854806], [-76.8854126, -12.0854756], [-76.8843732, -12.0853773], [-76.8841861, -12.0853572], [-76.8832652, -12.0852443], [-76.8820371, -12.0850976], [-76.8819094, -12.0850811], [-76.8818488, -12.0850752], [-76.8817633, -12.0850639], [-76.8816043, -12.0850449], [-76.8802153, -12.0847397], [-76.8798039, -12.0846528], [-76.8793934, -12.0845621], [-76.8787412, -12.08441]], [[-76.9282832, -12.0818287], [-76.9283446, -12.0817075], [-76.9283757, -12.0816477], [-76.9284878, -12.0814372], [-76.9285089, -12.0813999], [-76.9285624, -12.0813096], [-76.928943, -12.0805648], [-76.9292133, -12.0800553], [-76.9294526, -12.0795989], [-76.9296093, -12.0793177], [-76.9298088, -12.0789291], [-76.9298807, -12.0788], [-76.9299146, -12.0787443], [-76.9299298, -12.0787135], [-76.9299496, -12.0786845], [-76.9299882, -12.0786281], [-76.9300301, -12.0785639], [-76.9300812, -12.0784968], [-76.9301555, -12.0784207], [-76.9302255, -12.078358], [-76.9302809, -12.0783179], [-76.9303153, -12.0782876], [-76.9303817, -12.0782449], [-76.9304506, -12.0782102], [-76.9304979, -12.0781848], [-76.9305714, -12.0781571], [-76.9308042, -12.0780955], [-76.9316951, -12.077795], [-76.9321724, -12.0776352], [-76.9327388, -12.0774304], [-76.9331011, -12.0772442], [-76.9333817, -12.077071], [-76.9335931, -12.0769357], [-76.933962, -12.0766507], [-76.9340696, -12.0765564], [-76.9342106, -12.0764286]]]}}, {"type": "Feature", "properties": {"linea": "corredor_rojo", "nombre": "Corredor Rojo 204 (Corredor Rojo 204 -> Contisuyo)", "ref": "204", "osm_id": 13736434}, "geometry": {"type": "MultiLineString", "coordinates": [[[-76.9546215, -12.0704845], [-76.9551481, -12.0707332], [-76.955247, -12.0707798], [-76.9556737, -12.0709803], [-76.9561004, -12.0711808], [-76.9565341, -12.0713849], [-76.9566297, -12.0714272], [-76.9567743, -12.0714943], [-76.9568819, -12.0715452], [-76.9581072, -12.0721108], [-76.9595382, -12.0727503], [-76.9596781, -12.0728151], [-76.9600754, -12.0729993], [-76.9611217, -12.07348], [-76.9618174, -12.0738197], [-76.9623729, -12.0741673], [-76.9626727, -12.0743974], [-76.9628427, -12.0745401], [-76.9631883, -12.0748773], [-76.9632579, -12.0749475], [-76.9633132, -12.075013], [-76.963437, -12.0751595], [-76.9635607, -12.075306], [-76.9636076, -12.0753582], [-76.9636601, -12.0754235], [-76.9637319, -12.0755083], [-76.9638333, -12.0756416], [-76.9638641, -12.0756936], [-76.9638761, -12.0757146], [-76.9643046, -12.0765584], [-76.9647489, -12.0773478], [-76.9647773, -12.0773984], [-76.9649524, -12.0777072], [-76.9649751, -12.0777498], [-76.9650207, -12.0778325], [-76.96513, -12.0780364], [-76.9652306, -12.0782115], [-76.9653721, -12.078458], [-76.9654965, -12.0786662], [-76.9656242, -12.0788724], [-76.9657362, -12.0790547], [-76.9658569, -12.0792147], [-76.9659515, -12.0793432], [-76.9660413, -12.0794783], [-76.9661057, -12.0795852], [-76.9663846, -12.080031], [-76.9665369, -12.0802815], [-76.9667239, -12.0805805], [-76.9668205, -12.0807254], [-76.966907, -12.0808494], [-76.9670458, -12.081029], [-76.9672497, -12.0812505], [-76.967436, -12.0814344], [-76.9676083, -12.0815839], [-76.9676959, -12.081652], [-76.9677579, -12.0817015], [-76.968121, -12.0819518], [-76.9681453, -12.0819675], [-76.9684415, -12.0821499], [-76.9687788, -12.082378], [-76.9688223, -12.0824062], [-76.9688526, -12.0824244], [-76.968963, -12.0824962], [-76.9691478, -12.0826164], [-76.9691644, -12.0826272], [-76.9694087, -12.082786], [-76.9695389, -12.0828492], [-76.969675, -12.0828868], [-76.9698392, -12.0829151], [-76.9699371, -12.0828859], [-76.9700484, -12.0828795], [-76.970158, -12.0829001], [-76.9702589, -12.0829464], [-76.9703451, -12.0830157], [-76.9704089, -12.0830995], [-76.970445, -12.0831825], [-76.9704507, -12.0831956], [-76.9705426, -12.0832822], [-76.9706007, -12.083324], [-76.9706264, -12.0833371], [-76.970671, -12.0833598], [-76.9707491, -12.0833877], [-76.9708446, -12.083407], [-76.9716483, -12.0835234], [-76.9726314, -12.0836584], [-76.9729957, -12.0837097], [-76.9745526, -12.0839298], [-76.9747766, -12.0839711], [-76.9750603, -12.0840308], [-76.9770974, -12.0842988], [-76.9784088, -12.0844801], [-76.9792921, -12.0845985], [-76.9794054, -12.0845836], [-76.9794678, -12.0845777], [-76.9795462, -12.0845763], [-76.9797099, -12.0845822], [-76.9797897, -12.0845816], [-76.9798681, -12.0845862], [-76.9799526, -12.0845888], [-76.9803409, -12.0846242], [-76.9805762, -12.0846498], [-76.9806634, -12.0846681], [-76.9807392, -12.0846852], [-76.9808334, -12.0847138], [-76.9811285, -12.0848059], [-76.9813963, -12.0848353], [-76.9818802, -12.0848785], [-76.9822926, -12.0848961], [-76.9828997, -12.0849147], [-76.9832692, -12.0849263], [-76.984566, -12.0849684], [-76.9847066, -12.0849731], [-76.984847, -12.0849822], [-76.9849778, -12.0849947], [-76.9851081, -12.0850109], [-76.9854, -12.0849903], [-76.9855039, -12.0849981], [-76.9855851, -12.0850172], [-76.985815, -12.0851003], [-76.9859156, -12.0851367], [-76.9863264, -12.0852853], [-76.9863837, -12.0852935], [-76.9864189, -12.0852909], [-76.9865089, -12.0852697], [-76.9866634, -12.0853364], [-76.9870268, -12.0854476], [-76.9878154, -12.0856881], [-76.9884329, -12.0858764], [-76.9887399, -12.0859347], [-76.9897984, -12.0860446], [-76.990222, -12.08608], [-76.9902591, -12.0860812], [-76.9902704, -12.0860814], [-76.9904258, -12.0860832], [-76.9910328, -12.086152], [-76.9914269, -12.0862056], [-76.9923637, -12.0863302], [-76.9924967, -12.0863479], [-76.9925784, -12.0863588], [-76.9927348, -12.0863747], [-76.9928313, -12.0863931], [-76.992999, -12.0864193], [-76.9930555, -12.0864263], [-76.9934154, -12.086471], [-76.9934367, -12.0864737], [-76.9935965, -12.0864942], [-76.9946397, -12.0866277], [-76.9947657, -12.0866439], [-76.9948835, -12.0866515], [-76.9950211, -12.0866518], [-76.9951571, -12.0866445], [-76.9952827, -12.0866311], [-76.9955429, -12.0865782], [-76.9958596, -12.0865083], [-76.9961958, -12.086484], [-76.9963943, -12.0864834], [-76.9965604, -12.0865081], [-76.996616, -12.0865164], [-76.9967353, -12.0865309], [-76.9968081, -12.0865406], [-76.9969739, -12.0865628], [-76.997008, -12.0865691], [-76.9970522, -12.0865793], [-76.997117, -12.0865977], [-76.9972205, -12.0866211], [-76.997303, -12.0866465], [-76.9973623, -12.0866695], [-76.997461, -12.0867192], [-76.9977683, -12.0868873], [-76.9979272, -12.0869805], [-76.9979996, -12.0870186], [-76.9981105, -12.0870799], [-76.9982195, -12.0871259], [-76.9983253, -12.0871614], [-76.9984574, -12.0872013], [-76.9987441, -12.0872473], [-76.9989324, -12.0872731], [-76.9999337, -12.0874102], [-77.0000866, -12.0874312], [-77.0003062, -12.0874619], [-77.000765, -12.0875138], [-77.0007738, -12.087515], [-77.0007893, -12.0875171], [-77.0009038, -12.0875328], [-77.0010076, -12.0875469], [-77.0016605, -12.087636], [-77.0018213, -12.0876482], [-77.0020071, -12.0876408], [-77.0021731, -12.0876304], [-77.0023344, -12.0875996], [-77.0024943, -12.0875554], [-77.0025915, -12.0875228], [-77.0026947, -12.0874847], [-77.002759, -12.0874593], [-77.0028807, -12.0874111], [-77.0029677, -12.0873943], [-77.0031034, -12.0873953], [-77.0032195, -12.0874053], [-77.0034639, -12.0874264], [-77.0035219, -12.0874347], [-77.0035715, -12.0874419], [-77.0036201, -12.0874489], [-77.0037877, -12.0874729], [-77.0038526, -12.0874823], [-77.0040322, -12.0875081], [-77.0042246, -12.0875467], [-77.0043703, -12.0876026], [-77.0044893, -12.0876714], [-77.0048713, -12.0878956], [-77.0049306, -12.0879304], [-77.005029, -12.0879848], [-77.0051809, -12.0880629], [-77.0052437, -12.0880945], [-77.0054383, -12.0881427], [-77.0055443, -12.0881695], [-77.0057101, -12.0882089], [-77.0067723, -12.0883488], [-77.0073578, -12.0884237], [-77.0075066, -12.0884427], [-77.00758, -12.0884521], [-77.0077229, -12.0884733], [-77.0077918, -12.0884829], [-77.0083548, -12.0885611], [-77.0093872, -12.0887046], [-77.0098123, -12.0887636], [-77.0099477, -12.0887819], [-77.0101351, -12.0888083], [-77.0104882, -12.088858], [-77.010747, -12.0888934], [-77.0111007, -12.0889418], [-77.0124375, -12.0891425], [-77.0126608, -12.0891766], [-77.0127359, -12.0892075], [-77.0128123, -12.089235], [-77.0128895, -12.0892593], [-77.0129679, -12.0892789], [-77.0131409, -12.089315], [-77.0134715, -12.089376], [-77.0135272, -12.0893845], [-77.0135721, -12.089397], [-77.0136184, -12.089414], [-77.0137699, -12.0894809], [-77.0142198, -12.0895432], [-77.0149595, -12.0896468], [-77.0152871, -12.0895939], [-77.0154962, -12.0895731], [-77.0154987, -12.0895735], [-77.0156775, -12.0895998], [-77.0159782, -12.0896439], [-77.0164239, -12.0898527], [-77.0170006, -12.089934], [-77.017521, -12.0899943], [-77.0177543, -12.0900198], [-77.0181131, -12.0900697], [-77.018801, -12.0901746], [-77.0189385, -12.0901949], [-77.0196024, -12.0902952], [-77.0225877, -12.0907115], [-77.0231655, -12.0907902], [-77.0232523, -12.0908014], [-77.0233431, -12.0908131], [-77.0252625, -12.0910643], [-77.0255773, -12.0911054], [-77.0257059, -12.091124], [-77.0257586, -12.0911316], [-77.0259113, -12.0911537], [-77.0260417, -12.0911716], [-77.0268225, -12.0912787], [-77.0268689, -12.091285], [-77.0270577, -12.0913111], [-77.0272025, -12.0913307], [-77.027943, -12.0914307], [-77.028191, -12.0914642], [-77.0298677, -12.0917091], [-77.0299564, -12.0917225], [-77.0300711, -12.0917413], [-77.0302899, -12.0917728], [-77.0303728, -12.0917851], [-77.0304989, -12.0918038], [-77.0307972, -12.091848], [-77.0310111, -12.0918797], [-77.03132, -12.0919255], [-77.031799, -12.0919965], [-77.0319687, -12.0920217], [-77.0320903, -12.0920397], [-77.0321384, -12.0920468], [-77.0322381, -12.0920616], [-77.0323651, -12.0920802], [-77.0331267, -12.0921918], [-77.033425, -12.0922283], [-77.0334527, -12.0922317], [-77.0336162, -12.0922517], [-77.0338514, -12.0922789], [-77.0339801, -12.0922938], [-77.0340198, -12.0922984], [-77.0340639, -12.0923029], [-77.0342146, -12.0923209], [-77.0343989, -12.0923464], [-77.0344844, -12.0923573], [-77.0345936, -12.0923722], [-77.0352946, -12.0924691], [-77.0353142, -12.0924718], [-77.0358805, -12.0925499], [-77.0361195, -12.0925829], [-77.0361842, -12.0925918], [-77.0366909, -12.0926617], [-77.0369535, -12.092698], [-77.036989, -12.0927029], [-77.0372232, -12.0927352], [-77.0375137, -12.0927753], [-77.0377557, -12.0928087], [-77.0378247, -12.0928182], [-77.0383508, -12.092894], [-77.0384706, -12.0929124], [-77.0385409, -12.092922], [-77.0385734, -12.0929265], [-77.0386521, -12.0929365], [-77.038739, -12.0929495], [-77.0394697, -12.0930523], [-77.0395175, -12.0930591], [-77.0402887, -12.0931676], [-77.0403299, -12.0931734], [-77.0411406, -12.0932868], [-77.0417793, -12.0933773], [-77.0419158, -12.0933965], [-77.0419532, -12.0934018], [-77.0423743, -12.0934595], [-77.0427211, -12.0935099], [-77.0427755, -12.0935175], [-77.0435445, -12.0936257], [-77.0438074, -12.0936627], [-77.0439123, -12.0936775], [-77.0440017, -12.0936901], [-77.0448264, -12.0938061], [-77.0449752, -12.093827], [-77.0450339, -12.0938364], [-77.0451274, -12.0938485], [-77.0456492, -12.0939221], [-77.046063, -12.0939801], [-77.0461795, -12.0939965], [-77.0462595, -12.0940073], [-77.0467422, -12.0940724], [-77.0469138, -12.0940956], [-77.0471847, -12.0941325], [-77.0472237, -12.094138], [-77.0473006, -12.0941484], [-77.0474035, -12.0941626], [-77.0476832, -12.0942013], [-77.0478377, -12.0942224], [-77.0483591, -12.0942941], [-77.0484296, -12.0943038], [-77.0484888, -12.094312], [-77.0491031, -12.0944001], [-77.0493492, -12.0944303], [-77.0494397, -12.0944428], [-77.049579, -12.094462], [-77.0496315, -12.0944692], [-77.0504762, -12.0945854], [-77.05053, -12.0945928], [-77.0506687, -12.0946067], [-77.050882, -12.0944691], [-77.0509864, -12.0944017], [-77.0518514, -12.0938367], [-77.0518833, -12.093816], [-77.0524965, -12.0934159], [-77.0529161, -12.0931422], [-77.0530444, -12.0930586], [-77.053068, -12.0930432], [-77.0531253, -12.0930058], [-77.0532235, -12.0929444], [-77.0533038, -12.0928937], [-77.0533662, -12.0928522], [-77.0533741, -12.0928469], [-77.0537335, -12.0926071], [-77.0541076, -12.0923586], [-77.0541817, -12.0923093], [-77.0543458, -12.0922001], [-77.0545687, -12.0920518], [-77.0547935, -12.0919022], [-77.0548265, -12.0918801], [-77.0550178, -12.0917528], [-77.0550502, -12.0917313], [-77.0553549, -12.0915284], [-77.0557201, -12.0912854], [-77.0558313, -12.0912114], [-77.0559467, -12.0911345], [-77.0560955, -12.0910355], [-77.0562684, -12.0909204], [-77.05654, -12.0907598], [-77.0566791, -12.0906669], [-77.0567307, -12.0906324], [-77.0572941, -12.0902558], [-77.0575303, -12.0900979], [-77.0575642, -12.0900752], [-77.0576235, -12.0900356], [-77.0577221, -12.0899697], [-77.0577842, -12.0899282], [-77.0578847, -12.0898611], [-77.0579092, -12.0898447], [-77.0581617, -12.0896748], [-77.0586599, -12.0893395], [-77.0587206, -12.0892993], [-77.0590199, -12.0891053], [-77.0596798, -12.0886629], [-77.060705, -12.0879896], [-77.0609063, -12.0878574], [-77.0609394, -12.0878357], [-77.0610377, -12.0877731], [-77.0611046, -12.0877305], [-77.061323, -12.0875915], [-77.0613618, -12.0875668], [-77.0616642, -12.0874029], [-77.0628897, -12.0866234], [-77.0630631, -12.0864838], [-77.0632824, -12.0863072], [-77.0640661, -12.0856798], [-77.0641744, -12.0855785], [-77.0642786, -12.0854338], [-77.0643507, -12.0853002], [-77.0643902, -12.0851808], [-77.064422, -12.0850436], [-77.0644313, -12.0848895], [-77.064459, -12.0846272], [-77.0644722, -12.0845672], [-77.0644843, -12.0845123], [-77.0645231, -12.0844199], [-77.06453, -12.0844076], [-77.0645806, -12.0843172], [-77.0646539, -12.0842077], [-77.0647009, -12.0841473], [-77.0647479, -12.0840869], [-77.0648437, -12.084001], [-77.0649537, -12.0839086], [-77.0650627, -12.0838343], [-77.0652125, -12.0837491], [-77.0654234, -12.0836505], [-77.0655792, -12.0835776], [-77.0660536, -12.0834015], [-77.0661123, -12.0833764], [-77.0663228, -12.0833067], [-77.0664047, -12.0832778], [-77.0669052, -12.0831084], [-77.0669999, -12.083076], [-77.067097, -12.0830397], [-77.0671284, -12.0830283], [-77.0671559, -12.083018], [-77.0672303, -12.082994], [-77.0673307, -12.0829601], [-77.0675151, -12.0828939], [-77.0676281, -12.0828534], [-77.0680823, -12.0826873], [-77.0684863, -12.0825392], [-77.0685772, -12.0825058], [-77.0687731, -12.082434], [-77.0695713, -12.0821414], [-77.0697178, -12.0820877], [-77.069807, -12.082055], [-77.0700008, -12.081984], [-77.0701229, -12.0819392], [-77.0702166, -12.0819041], [-77.0702923, -12.0818757], [-77.0705338, -12.0817852], [-77.070614, -12.0817552], [-77.0706824, -12.0817295], [-77.0707879, -12.08169], [-77.0709048, -12.0816462], [-77.0710985, -12.0815699], [-77.0711814, -12.0815393], [-77.0721158, -12.0812016], [-77.072795, -12.0809561], [-77.073064, -12.0808576], [-77.0732604, -12.0807857], [-77.0733242, -12.0807624], [-77.0742569, -12.0804202], [-77.0749599, -12.0801623], [-77.0753766, -12.0800094], [-77.0755663, -12.0799398], [-77.0756571, -12.0799065], [-77.0757252, -12.0798815], [-77.0758036, -12.0798535], [-77.0761533, -12.0797285], [-77.076628, -12.0795589], [-77.0767097, -12.0795298], [-77.0775205, -12.07924], [-77.078818, -12.0787764], [-77.0790128, -12.0787069], [-77.0792273, -12.0786302], [-77.0796098, -12.0785031], [-77.0798588, -12.0784272], [-77.0800287, -12.0783869], [-77.0802505, -12.0783299], [-77.0805615, -12.0782619], [-77.0808196, -12.078212], [-77.0809764, -12.0781836], [-77.0810052, -12.0781777], [-77.0810689, -12.0781676], [-77.0817021, -12.0781091], [-77.0818349, -12.0781036], [-77.082075, -12.0780973], [-77.0821671, -12.0780976], [-77.0823372, -12.0780942], [-77.0832756, -12.0780644], [-77.0833377, -12.0780624], [-77.0837021, -12.0780594], [-77.0839185, -12.0780557], [-77.0843103, -12.078051], [-77.0843455, -12.0780507], [-77.0843633, -12.0780493], [-77.084516, -12.0780442], [-77.0847226, -12.0780384], [-77.0851162, -12.0780282], [-77.0851953, -12.0780259], [-77.0852404, -12.0780246], [-77.0861934, -12.0780031], [-77.0865054, -12.0779962], [-77.0868977, -12.0779886], [-77.0869919, -12.077987], [-77.08716, -12.0779841], [-77.0872901, -12.0779819], [-77.0877923, -12.0779743], [-77.088229, -12.0779645], [-77.0884834, -12.077963], [-77.0885234, -12.0779611], [-77.0886006, -12.0779601], [-77.0887465, -12.0779542], [-77.0888363, -12.077953], [-77.0889878, -12.0779511], [-77.0892321, -12.0779479], [-77.0895842, -12.0779433], [-77.0896144, -12.0779429], [-77.0897273, -12.0779414], [-77.090066, -12.077937], [-77.0903312, -12.0779336], [-77.0906116, -12.0779299], [-77.0906802, -12.077926], [-77.0912424, -12.0778695], [-77.0917462, -12.0777852], [-77.0921857, -12.0776972], [-77.0927428, -12.0775336], [-77.0929246, -12.0774722], [-77.0932449, -12.077364], [-77.0933039, -12.0773419], [-77.0934142, -12.0772895], [-77.093468, -12.0772639], [-77.0938638, -12.0770758], [-77.0941675, -12.0769333], [-77.0945938, -12.0767333], [-77.0948879, -12.0765953], [-77.0958744, -12.0761269], [-77.0964728, -12.0758417], [-77.0967901, -12.0756904], [-77.0969344, -12.075621], [-77.0970391, -12.0755683], [-77.0972979, -12.0754411], [-77.097742, -12.0752241], [-77.0982145, -12.0749939], [-77.0982828, -12.074923], [-77.0984853, -12.0747131], [-77.0985988, -12.0745954], [-77.0986935, -12.0744689], [-77.0987932, -12.074302], [-77.0988783, -12.0741431], [-77.0989891, -12.0739019], [-77.0990255, -12.073721], [-77.0990614, -12.0735027], [-77.0990766, -12.0733545], [-77.0990801, -12.0732609], [-77.0990764, -12.0731318], [-77.0990513, -12.0728901], [-77.0990181, -12.07274], [-77.0989725, -12.0725931], [-77.098901, -12.0723841], [-77.098805, -12.0720735], [-77.0987068, -12.0717659]], [[-76.8772743, -12.0843036], [-76.8773454, -12.0842793], [-76.8774426, -12.0842531], [-76.8775808, -12.0842022], [-76.8776875, -12.0841921], [-76.8777682, -12.0841841], [-76.8779006, -12.0841799], [-76.8780418, -12.084189], [-76.8781781, -12.0842126], [-76.8784203, -12.0842522], [-76.8794131, -12.0844735], [-76.8800882, -12.0846201], [-76.8807005, -12.084753], [-76.8811886, -12.0848683], [-76.8815739, -12.0849422], [-76.8817061, -12.0849608], [-76.8817746, -12.0849677], [-76.8818623, -12.0849747], [-76.8819238, -12.0849805], [-76.8837742, -12.0852134], [-76.8839712, -12.0852382], [-76.8848543, -12.0853451], [-76.8854124, -12.085385], [-76.8854505, -12.0853877], [-76.8855435, -12.085394], [-76.8856372, -12.0853897], [-76.8857306, -12.0853822], [-76.8858781, -12.0853638], [-76.8859769, -12.0853439], [-76.8860739, -12.0853173], [-76.8861478, -12.085292], [-76.8862202, -12.0852629], [-76.8864763, -12.085152], [-76.8865609, -12.0851207], [-76.8866479, -12.0850963], [-76.8867243, -12.085081], [-76.8868015, -12.0850707], [-76.8868882, -12.0850653], [-76.8869752, -12.0850661], [-76.8870499, -12.0850732], [-76.887124, -12.0850852], [-76.8872098, -12.0851052], [-76.8872937, -12.0851317], [-76.8879396, -12.0853389], [-76.8881395, -12.085407], [-76.8892657, -12.0857652], [-76.8893784, -12.0857937], [-76.8894589, -12.0857802], [-76.8895046, -12.0857717], [-76.8898185, -12.0858521], [-76.8901291, -12.0859316], [-76.8903283, -12.0860343], [-76.8903946, -12.0860511], [-76.8904835, -12.0860696], [-76.8905581, -12.0860851], [-76.8906224, -12.0860985], [-76.8907174, -12.086103], [-76.8909227, -12.0861128], [-76.8909701, -12.0861122], [-76.8911424, -12.0861102], [-76.8912222, -12.0861093], [-76.891754, -12.0860961], [-76.8919974, -12.0860901], [-76.892118, -12.086089], [-76.8931424, -12.0860524], [-76.8941708, -12.086025], [-76.8952004, -12.0859909], [-76.8960087, -12.0859656], [-76.8962258, -12.0859626], [-76.8978869, -12.0859084], [-76.8979863, -12.0859054], [-76.898057, -12.0859054], [-76.8990904, -12.0859044], [-76.9000196, -12.085928], [-76.900123, -12.0859306], [-76.9001554, -12.0859317], [-76.9002163, -12.0859338], [-76.9002639, -12.0859349], [-76.9014618, -12.0859664], [-76.9015502, -12.0859684], [-76.9015596, -12.0859686], [-76.9017913, -12.0859745], [-76.9020138, -12.0859814], [-76.9024236, -12.085994], [-76.9025042, -12.0859965], [-76.903808, -12.0860359], [-76.9041567, -12.0860438], [-76.9043235, -12.0860463], [-76.9045872, -12.0860503], [-76.9050688, -12.0860522], [-76.905416, -12.0860477], [-76.906104, -12.0860333], [-76.9071096, -12.0860093], [-76.9073271, -12.0860041], [-76.9074273, -12.0860021], [-76.9089547, -12.0859718], [-76.9099573, -12.0859526], [-76.9111691, -12.0859259], [-76.9119144, -12.0859151], [-76.9126178, -12.085905], [-76.912838, -12.0859058], [-76.913063, -12.0859035], [-76.9131817, -12.0858995], [-76.9134392, -12.085889], [-76.9136766, -12.0858812], [-76.9141064, -12.0858602], [-76.9145101, -12.0858431], [-76.9147032, -12.0858333], [-76.9148105, -12.0858313], [-76.9149137, -12.0858372], [-76.9150331, -12.085849], [-76.9151062, -12.0858576], [-76.9151672, -12.0858582], [-76.9158397, -12.0858143], [-76.9161515, -12.0858713], [-76.9178703, -12.0855102], [-76.9180914, -12.085462], [-76.9184047, -12.0853975], [-76.9187017, -12.0853252], [-76.918927, -12.0852867], [-76.9192153, -12.0852555], [-76.9197264, -12.0852288], [-76.9200276, -12.0852131], [-76.9201275, -12.0852084], [-76.9220587, -12.0851168], [-76.9221509, -12.0851125], [-76.9236185, -12.0850429], [-76.9239109, -12.085028], [-76.9239644, -12.0850252], [-76.9240179, -12.0850224], [-76.9243266, -12.0850073], [-76.9245718, -12.0849926], [-76.9254716, -12.0849375], [-76.9258406, -12.0849155], [-76.9260576, -12.0848939], [-76.9263568, -12.0848474], [-76.9265562, -12.0847901], [-76.9267772, -12.0846955], [-76.9269607, -12.084561], [-76.9271159, -12.0844194], [-76.927247, -12.0842617], [-76.9272786, -12.0842125], [-76.9273338, -12.0841268], [-76.927384, -12.0840348], [-76.92742, -12.0839594], [-76.9274594, -12.0838754], [-76.9277065, -12.0832531], [-76.9278956, -12.082777], [-76.9280879, -12.0822928], [-76.9281681, -12.0821031], [-76.9281966, -12.0820356], [-76.9282259, -12.0819748], [-76.9282832, -12.0818287], [-76.9283446, -12.0817075], [-76.9283757, -12.0816477], [-76.9284878, -12.0814372], [-76.9285089, -12.0813999], [-76.9285624, -12.0813096], [-76.928943, -12.0805648], [-76.9292133, -12.0800553], [-76.9294526, -12.0795989], [-76.9296093, -12.0793177], [-76.9298088, -12.0789291], [-76.9298807, -12.0788], [-76.9299146, -12.0787443], [-76.9299298, -12.0787135], [-76.9299496, -12.0786845], [-76.9299882, -12.0786281], [-76.9300301, -12.0785639], [-76.9300812, -12.0784968], [-76.9301555, -12.0784207], [-76.9302255, -12.078358], [-76.9302809, -12.0783179], [-76.9303153, -12.0782876], [-76.9303817, -12.0782449], [-76.9304506, -12.0782102], [-76.9304979, -12.0781848], [-76.9305714, -12.0781571], [-76.9308042, -12.0780955], [-76.9316951, -12.077795], [-76.9321724, -12.0776352], [-76.9327388, -12.0774304], [-76.9331011, -12.0772442], [-76.9333817, -12.077071], [-76.9335931, -12.0769357], [-76.933962, -12.0766507], [-76.9340696, -12.0765564], [-76.9342106, -12.0764286], [-76.9342759, -12.0763841], [-76.9344118, -12.0762605], [-76.9345429, -12.0761313], [-76.9345785, -12.0760955], [-76.9350958, -12.0757862], [-76.9352897, -12.0756751], [-76.9353052, -12.0756295], [-76.9353445, -12.0755805], [-76.9353705, -12.0755397], [-76.9353878, -12.0755122], [-76.9354632, -12.0753929], [-76.9356329, -12.075116], [-76.9364723, -12.0737464], [-76.9365189, -12.0736405], [-76.9365422, -12.0735892], [-76.9365721, -12.0735134], [-76.9372135, -12.0714143], [-76.9372266, -12.0713524], [-76.9372397, -12.0712906], [-76.9372379, -12.0712031], [-76.9372231, -12.0711154], [-76.9372186, -12.0710958], [-76.9372174, -12.0710741], [-76.9372216, -12.0710487], [-76.9372872, -12.0707878], [-76.9376667, -12.0694736], [-76.9377356, -12.0692364], [-76.9377791, -12.0690867], [-76.9378098, -12.0689753], [-76.937901, -12.0686827], [-76.9379618, -12.0684758], [-76.9384769, -12.0667852], [-76.9389201, -12.0652946], [-76.9389405, -12.0652308], [-76.9389533, -12.0651946], [-76.9390005, -12.0650937], [-76.9390205, -12.0650584], [-76.9390448, -12.0650311], [-76.9391815, -12.0648985], [-76.9392369, -12.0648438], [-76.9393468, -12.064734], [-76.9394843, -12.0645967], [-76.9396307, -12.0645455], [-76.9396359, -12.0645172], [-76.9396775, -12.0644159], [-76.939728, -12.0643433], [-76.9397924, -12.0642821], [-76.939868, -12.0642348], [-76.9398904, -12.0642244], [-76.9399133, -12.0642153], [-76.9400171, -12.0641907], [-76.9401239, -12.0641909], [-76.9402276, -12.0642159], [-76.9403222, -12.0642643], [-76.9404024, -12.0643333], [-76.9404635, -12.064419], [-76.9405021, -12.0645164], [-76.9405118, -12.0645653], [-76.940661, -12.0647099], [-76.9407125, -12.064758], [-76.9407767, -12.0648113], [-76.9408587, -12.0648664], [-76.9409969, -12.0649425], [-76.9411264, -12.0650104], [-76.9412903, -12.0651066], [-76.9421156, -12.0655398], [-76.9421287, -12.0655466], [-76.9421896, -12.06558], [-76.9425824, -12.0657847], [-76.9427942, -12.0658959], [-76.9434008, -12.0662143], [-76.9438529, -12.0664516], [-76.9439581, -12.0665068], [-76.9440177, -12.0665412]], [[-76.9342556, -12.0764719], [-76.9339822, -12.0767361], [-76.9336691, -12.0769945], [-76.933376, -12.0771872], [-76.9330227, -12.0773859], [-76.9326512, -12.0775597], [-76.9324299, -12.0776462], [-76.9317266, -12.0778723], [-76.9309983, -12.0781131], [-76.9306623, -12.0782023], [-76.9304893, -12.0782777], [-76.9303881, -12.0783367], [-76.9302667, -12.0784331], [-76.9301426, -12.078561], [-76.9300749, -12.0786436], [-76.9299978, -12.0787596], [-76.92992, -12.0788882], [-76.9297886, -12.0791314], [-76.9296709, -12.079349], [-76.9295787, -12.0795196], [-76.9292307, -12.0801714], [-76.9289839, -12.0806245], [-76.9287305, -12.0811261], [-76.9286264, -12.0813178], [-76.928579, -12.0814317]]]}}, {"type": "Feature", "properties": {"linea": "corredor_azul", "nombre": "Corredor Azul 306 (Corredor Azul 306 -> Mónaco)", "ref": "306", "osm_id": 13740547}, "geometry": {"type": "LineString", "coordinates": [[-77.0329809, -12.0942392], [-77.0330149, -12.0940238], [-77.0330309, -12.0939352], [-77.0330601, -12.0937626], [-77.0330981, -12.0934236], [-77.0331561, -12.0932926], [-77.033287, -12.0923987], [-77.0333235, -12.0921168], [-77.033459, -12.0911912], [-77.0334624, -12.0909774], [-77.0334767, -12.0908884], [-77.0335092, -12.0906866], [-77.0335188, -12.0906219], [-77.0335326, -12.0905288], [-77.0335812, -12.0901238], [-77.0336272, -12.0897851], [-77.0336633, -12.0895035], [-77.0337178, -12.0891463], [-77.0337377, -12.089012], [-77.0337879, -12.0886611], [-77.0338183, -12.0884461], [-77.0338714, -12.0880707], [-77.0338892, -12.0879544], [-77.0338923, -12.0879341], [-77.0339946, -12.0872651], [-77.0340317, -12.0870225], [-77.0340458, -12.0869322], [-77.0340554, -12.0868568], [-77.0341119, -12.0864532], [-77.0341301, -12.0863149], [-77.0342172, -12.0856816], [-77.0343087, -12.0850756], [-77.0343551, -12.0847456], [-77.0343623, -12.0846947], [-77.0343714, -12.084623], [-77.0343807, -12.0845537], [-77.0344378, -12.0841526], [-77.0345254, -12.0835692], [-77.0345364, -12.0834888], [-77.0346104, -12.0829772], [-77.0346323, -12.0828258], [-77.034677, -12.0825167], [-77.0346875, -12.0824441], [-77.0347001, -12.0823565], [-77.0348449, -12.0813552], [-77.0348514, -12.0813119], [-77.0349174, -12.0808733], [-77.0349239, -12.08083], [-77.0349383, -12.0807343], [-77.0349487, -12.0806652], [-77.0349894, -12.0803943], [-77.0350457, -12.0800204], [-77.0351003, -12.0796576], [-77.035262, -12.0785828], [-77.0353938, -12.0777064], [-77.0355191, -12.0768734], [-77.0355525, -12.0766511], [-77.0357041, -12.0756433], [-77.0357169, -12.0755583], [-77.0357267, -12.0754935], [-77.0358505, -12.0746705], [-77.0358569, -12.0746279], [-77.0358714, -12.0745313], [-77.0358844, -12.0744508], [-77.0358898, -12.0744054], [-77.0359333, -12.0741165], [-77.0359988, -12.0736819], [-77.0360329, -12.0734836], [-77.0360453, -12.0734139], [-77.0360552, -12.073344], [-77.0360957, -12.073118], [-77.0361491, -12.0727508], [-77.0361865, -12.0724937], [-77.0362025, -12.0723835], [-77.0362105, -12.0723295], [-77.036303, -12.0717037], [-77.0363116, -12.0716456], [-77.0363688, -12.0712754], [-77.0365076, -12.0703353], [-77.0365237, -12.0702264], [-77.0366172, -12.0696126], [-77.0366285, -12.0695461], [-77.036671, -12.0692602], [-77.0366812, -12.0691916], [-77.0367703, -12.0686608], [-77.0367796, -12.0685937], [-77.0368089, -12.0683831], [-77.0368218, -12.0682911], [-77.0368279, -12.0682417], [-77.0369236, -12.0675708], [-77.0369975, -12.0670544], [-77.0370088, -12.0669924], [-77.0370215, -12.0669159], [-77.0370733, -12.0666853], [-77.0371143, -12.0665872], [-77.0371918, -12.0661382], [-77.0373805, -12.0648892], [-77.0375132, -12.0639953], [-77.0375779, -12.0632157], [-77.0376075, -12.0628094], [-77.0376181, -12.0626766], [-77.0378129, -12.0602251], [-77.0378224, -12.0601122], [-77.0378263, -12.060028], [-77.0378418, -12.0598145], [-77.037845, -12.0597249], [-77.0378457, -12.0596854], [-77.0378686, -12.0594186], [-77.0379208, -12.0588144], [-77.0379881, -12.058036], [-77.0379896, -12.0580252], [-77.0379993, -12.0578911], [-77.0380113, -12.0577628], [-77.0380145, -12.0577294], [-77.0380669, -12.0570664], [-77.0380908, -12.0567486], [-77.038107, -12.0565288], [-77.0381087, -12.056508], [-77.0381108, -12.0564813], [-77.0381333, -12.056205], [-77.0381461, -12.0560217], [-77.0381568, -12.0558902], [-77.0381655, -12.05582], [-77.0382294, -12.0551148], [-77.0382445, -12.0549468], [-77.0382452, -12.0549365], [-77.0382748, -12.0545272], [-77.038288, -12.0543436], [-77.038293, -12.0542788], [-77.038301, -12.0541551], [-77.0383062, -12.0540849], [-77.0383086, -12.0540479], [-77.0383288, -12.0538395], [-77.038379, -12.0533086], [-77.0383872, -12.0532377], [-77.0384588, -12.0526536], [-77.0385483, -12.0520719], [-77.0386227, -12.0514916], [-77.0386487, -12.0512729], [-77.0386664, -12.0511117], [-77.0386732, -12.0510539], [-77.0386812, -12.050979], [-77.038703, -12.050804], [-77.038928, -12.049098], [-77.0389368, -12.0490065], [-77.0389524, -12.0489128], [-77.0389701, -12.0488075], [-77.0389784, -12.048758], [-77.0389828, -12.0486939], [-77.0389851, -12.0486598], [-77.0389845, -12.0486413], [-77.0389792, -12.0486125], [-77.0389701, -12.0485886], [-77.0389499, -12.0485579], [-77.0388394, -12.0483964], [-77.0388078, -12.0483503], [-77.0384047, -12.0477705], [-77.038197, -12.0474717], [-77.0381669, -12.0474317], [-77.0381181, -12.0473594], [-77.0381017, -12.0473354], [-77.0380971, -12.0473287], [-77.0380783, -12.0473011], [-77.0376401, -12.0466601], [-77.0375469, -12.0465286], [-77.0375222, -12.0464921], [-77.0374779, -12.0464315], [-77.0374437, -12.0463835], [-77.0374229, -12.0463504], [-77.0373799, -12.0462932], [-77.0368949, -12.0456081], [-77.0368722, -12.045573], [-77.0368371, -12.0455256], [-77.0368098, -12.0454885], [-77.0367648, -12.0454249], [-77.0363091, -12.0447566], [-77.0361957, -12.0445904], [-77.036168, -12.0445479], [-77.0361472, -12.0445168], [-77.0360831, -12.0444305], [-77.0356257, -12.0437485], [-77.0355777, -12.0436756], [-77.0355252, -12.0436011], [-77.0354873, -12.043549], [-77.0354422, -12.0434876], [-77.0352076, -12.0431416], [-77.034927, -12.0427377], [-77.0348918, -12.0426915], [-77.0348367, -12.0426063], [-77.0344608, -12.0420581], [-77.0335657, -12.0407524], [-77.0329343, -12.0398314], [-77.0329019, -12.0398017], [-77.0328803, -12.0397796], [-77.0328602, -12.0397591], [-77.0325635, -12.0393269], [-77.0324056, -12.0390914], [-77.0323215, -12.0389717], [-77.0322774, -12.0389098], [-77.0322109, -12.0388198], [-77.0321523, -12.0387283], [-77.0318755, -12.038296], [-77.031855, -12.038264], [-77.0317638, -12.0381214], [-77.031645, -12.0379359], [-77.0311587, -12.0371764], [-77.0310456, -12.0369997], [-77.0309356, -12.0368278], [-77.0308878, -12.0367532], [-77.0308651, -12.0367177], [-77.0308322, -12.0366663], [-77.0307483, -12.0365353], [-77.0303153, -12.0358591], [-77.0298884, -12.0351922], [-77.0298563, -12.0351413], [-77.0297627, -12.0349975], [-77.0297392, -12.0349614], [-77.0297157, -12.0349253], [-77.0296286, -12.0347914], [-77.0295842, -12.0347231], [-77.0294895, -12.0345776], [-77.0293359, -12.0343415], [-77.0291781, -12.0340989], [-77.0288534, -12.0335997], [-77.028821, -12.0335498], [-77.0287952, -12.0335102], [-77.0287195, -12.0333943], [-77.0285894, -12.0331935], [-77.0284133, -12.032923], [-77.0284013, -12.032905], [-77.0283413, -12.0328151], [-77.0282698, -12.032708], [-77.0282361, -12.0326605], [-77.0282051, -12.0326221], [-77.0281434, -12.0325491], [-77.0281124, -12.0325125], [-77.0280415, -12.03243], [-77.0278494, -12.0322065], [-77.027805, -12.0321548], [-77.0277362, -12.0320705], [-77.0276386, -12.031952], [-77.0277693, -12.0318293], [-77.0279014, -12.0317241], [-77.0294837, -12.0303207], [-77.0294992, -12.0303077], [-77.0295624, -12.0302467], [-77.02964, -12.0301765], [-77.0297332, -12.0300944], [-77.0304395, -12.0294609], [-77.0305889, -12.0293287], [-77.0306641, -12.0292622], [-77.0307942, -12.0291471], [-77.0311685, -12.0288179], [-77.031228, -12.0287634], [-77.0312699, -12.0287263], [-77.0313581, -12.0286478], [-77.0317856, -12.028267], [-77.0323183, -12.0278004], [-77.032779, -12.027384], [-77.0329107, -12.0272649], [-77.0331775, -12.0270382], [-77.0332075, -12.0270127], [-77.0332352, -12.0269892], [-77.0333199, -12.0269128], [-77.0339018, -12.0263872], [-77.0340404, -12.026262], [-77.0331636, -12.0253135], [-77.032548, -12.0246427], [-77.0320527, -12.0241069], [-77.0317416, -12.0237647], [-77.0316385, -12.0236513], [-77.0315514, -12.0235465], [-77.031496, -12.0234858], [-77.0312309, -12.0231957], [-77.0311449, -12.023088], [-77.0310685, -12.022984], [-77.0308157, -12.0226315], [-77.0307609, -12.0225457], [-77.0307137, -12.0224748], [-77.0306799, -12.0224206], [-77.0306531, -12.022377], [-77.0306067, -12.0223227], [-77.0303655, -12.0220699], [-77.0296118, -12.0213099], [-77.0295279, -12.0212253], [-77.0290125, -12.0206857], [-77.0285256, -12.0202019], [-77.0284536, -12.0201229], [-77.0282925, -12.0199461], [-77.0282629, -12.019885], [-77.0282576, -12.0198104], [-77.028278, -12.0197259], [-77.0283206, -12.0196328], [-77.0284064, -12.0194199], [-77.0284427, -12.0193153], [-77.0284512, -12.0192752], [-77.0284526, -12.0192224], [-77.0284464, -12.0191665], [-77.028429, -12.0190621], [-77.0284151, -12.0189451], [-77.0283812, -12.0187918], [-77.0283851, -12.0186569], [-77.0284172, -12.0185152], [-77.0284579, -12.0184245], [-77.0286115, -12.0181926], [-77.0291413, -12.0174591], [-77.0295582, -12.016882], [-77.0296023, -12.0168209], [-77.0297972, -12.016564], [-77.0298915, -12.0164396], [-77.0300969, -12.0165142], [-77.0301392, -12.0164189], [-77.0303718, -12.0158942], [-77.0304643, -12.0156872], [-77.0305594, -12.0154743], [-77.0309943, -12.0145005], [-77.0312919, -12.013854], [-77.0313123, -12.0138097], [-77.0313335, -12.0137635], [-77.0313566, -12.0137132], [-77.0314351, -12.0135428], [-77.0314885, -12.0134267], [-77.0316495, -12.0130892], [-77.0317801, -12.0128338], [-77.0318525, -12.0126979], [-77.0319055, -12.0125928], [-77.0319813, -12.0124554], [-77.0320948, -12.0122803], [-77.0323425, -12.0118971], [-77.0324506, -12.0117467], [-77.0325235, -12.0116545], [-77.0325939, -12.0115655], [-77.0326124, -12.0115439], [-77.0326316, -12.0115213], [-77.0328124, -12.0113092], [-77.0332464, -12.0108001], [-77.0336423, -12.0103322], [-77.0338956, -12.0100213], [-77.0341114, -12.0097601], [-77.0343873, -12.0094262], [-77.0344363, -12.0093668], [-77.0345228, -12.0092655], [-77.0353519, -12.0082744], [-77.0354948, -12.0080983], [-77.0357567, -12.0077755], [-77.03579, -12.0077326], [-77.0359723, -12.0075346], [-77.0360189, -12.0074833]]}}, {"type": "Feature", "properties": {"linea": "corredor_rojo", "nombre": "Corredor Rojo 206 (Corredor Rojo 206 -> Río Amarillo)", "ref": "206", "osm_id": 13924722}, "geometry": {"type": "MultiLineString", "coordinates": [[[-77.079854, -12.07492], [-77.079868, -12.0749375], [-77.0799203, -12.0750028], [-77.0800303, -12.0751475], [-77.0803424, -12.0755708], [-77.0804115, -12.0756845], [-77.0805035, -12.075872], [-77.0805839, -12.0760336], [-77.0806953, -12.0762691], [-77.0807094, -12.0762993], [-77.0807137, -12.0763085], [-77.0807327, -12.0763528], [-77.0807737, -12.0764345], [-77.0808055, -12.0764979], [-77.0808769, -12.0766466], [-77.08095, -12.0767814], [-77.0809904, -12.0768558], [-77.0810338, -12.0769398], [-77.0810617, -12.0769932], [-77.0810748, -12.0770181], [-77.0810982, -12.0770542], [-77.081138, -12.0771156], [-77.0811558, -12.0771432], [-77.0811907, -12.0771878], [-77.0812199, -12.0772197], [-77.0812542, -12.0772564], [-77.0813209, -12.0773169], [-77.0813843, -12.077378], [-77.0814389, -12.0774337], [-77.0814927, -12.0775385], [-77.0815673, -12.0777222], [-77.0816019, -12.0778217], [-77.0816206, -12.0778819], [-77.081676, -12.0780297], [-77.0817021, -12.0781091], [-77.0817626, -12.078283], [-77.0811315, -12.0783346], [-77.081059, -12.0783481], [-77.0806599, -12.078421], [-77.0801341, -12.0785381], [-77.080081, -12.0785537], [-77.0800049, -12.0785762], [-77.0788719, -12.0789453], [-77.0780536, -12.0792343], [-77.0767739, -12.0797044], [-77.0766948, -12.0797346], [-77.076131, -12.0799501], [-77.0759298, -12.080027], [-77.0759185, -12.080031], [-77.075886, -12.0800438], [-77.0757989, -12.0800777], [-77.0757377, -12.0800985], [-77.0746864, -12.0804646], [-77.0736554, -12.0808237], [-77.0734651, -12.080893], [-77.0731649, -12.0810029], [-77.0723857, -12.0812914], [-77.0720481, -12.0814132], [-77.0714505, -12.0816261], [-77.0713823, -12.0816557], [-77.0707716, -12.0818805], [-77.0707471, -12.0818896], [-77.0706758, -12.0819159], [-77.0704365, -12.0820042], [-77.0703527, -12.0820351], [-77.070281, -12.0820616], [-77.0702547, -12.0820711], [-77.0700968, -12.0821283], [-77.0695421, -12.0823292], [-77.0676595, -12.0830111], [-77.0674687, -12.0830802], [-77.0674279, -12.083095], [-77.0673817, -12.0831118], [-77.0672949, -12.0831408], [-77.0672217, -12.0831671], [-77.0671539, -12.083192], [-77.0671122, -12.0832069], [-77.0668914, -12.0832861], [-77.0664526, -12.0834392], [-77.0663844, -12.0834601], [-77.066268, -12.0835036], [-77.0661707, -12.08354], [-77.0661021, -12.0835648], [-77.0657858, -12.0836786], [-77.065566, -12.0837752], [-77.0655451, -12.0837844], [-77.0653029, -12.0839046], [-77.0651189, -12.0840103], [-77.0650128, -12.0840866], [-77.0649148, -12.0841618], [-77.0648741, -12.0842002], [-77.0648374, -12.0842406], [-77.0647771, -12.0843183], [-77.0647504, -12.0843528], [-77.0647028, -12.084447], [-77.0646567, -12.0845633], [-77.0646294, -12.0846623], [-77.0646165, -12.0847296], [-77.0646131, -12.0847473], [-77.0646121, -12.0847525], [-77.0645971, -12.0848302], [-77.064566, -12.084951], [-77.0645343, -12.0850655], [-77.0645087, -12.0851685], [-77.0644596, -12.0853098], [-77.0643993, -12.0854217], [-77.0643189, -12.0855503], [-77.064222, -12.0856652], [-77.0641112, -12.0857573], [-77.0631274, -12.0865583], [-77.0629495, -12.0866966], [-77.0617102, -12.0874837], [-77.0615486, -12.08762], [-77.0612034, -12.087878], [-77.0611664, -12.0879029], [-77.0611369, -12.0879228], [-77.0610385, -12.08799], [-77.0610093, -12.08801], [-77.0610004, -12.0880158], [-77.0609868, -12.0880248], [-77.0605705, -12.0882989], [-77.0603631, -12.0884355], [-77.0597994, -12.0888069], [-77.0592724, -12.089146], [-77.0589124, -12.0893891], [-77.0585472, -12.0896166], [-77.0584065, -12.0897103], [-77.0582452, -12.0898178], [-77.0581867, -12.0898568], [-77.0579063, -12.0900437], [-77.0578811, -12.0900604], [-77.0578172, -12.0901031], [-77.0577163, -12.0901703], [-77.0576686, -12.0902019], [-77.0576551, -12.090211], [-77.0574599, -12.0903411], [-77.0574543, -12.0903448], [-77.0573213, -12.0904334], [-77.0568265, -12.0907717], [-77.0567384, -12.09083], [-77.0566425, -12.0908934], [-77.0559381, -12.0913597], [-77.0559001, -12.0913848], [-77.0558258, -12.091434], [-77.0556926, -12.0915336], [-77.0554545, -12.0916797], [-77.0551214, -12.0919001], [-77.0550596, -12.091941], [-77.0549231, -12.0920314], [-77.0544832, -12.0923225], [-77.0542675, -12.0924653], [-77.0542265, -12.0924924], [-77.0541948, -12.0925134], [-77.0537074, -12.0928324], [-77.0536081, -12.0928976], [-77.0535466, -12.0929361], [-77.0534726, -12.0929825], [-77.0534542, -12.0929943], [-77.0534454, -12.0929995], [-77.0533806, -12.0930397], [-77.0532999, -12.093093], [-77.0532012, -12.0931583], [-77.0531491, -12.0931927], [-77.0526898, -12.0934962], [-77.0525991, -12.0935562], [-77.0525862, -12.0935647], [-77.0523217, -12.0937395], [-77.0519967, -12.0939543], [-77.0519481, -12.0939864], [-77.0513046, -12.0944116], [-77.0511143, -12.0945374], [-77.0510898, -12.0945541], [-77.051033, -12.0945911], [-77.0509552, -12.0946435], [-77.0508548, -12.0947121], [-77.0507586, -12.0947773], [-77.0505194, -12.0947483], [-77.0504583, -12.0947414], [-77.0503927, -12.0947322], [-77.0499935, -12.0946763], [-77.0496127, -12.0946229], [-77.0495053, -12.0946079], [-77.0494151, -12.0945953], [-77.049013, -12.0945389], [-77.0489238, -12.0945265], [-77.0484651, -12.0944622], [-77.0484237, -12.0944564], [-77.0483352, -12.094444], [-77.0479232, -12.0943847], [-77.0477028, -12.094353], [-77.0476626, -12.0943472], [-77.047602, -12.0943388], [-77.0474354, -12.094318], [-77.0473811, -12.0943103], [-77.0472791, -12.0942966], [-77.0472014, -12.0942852], [-77.0469039, -12.0942435], [-77.0462388, -12.0941505], [-77.0461439, -12.0941372], [-77.0460445, -12.0941232], [-77.0451023, -12.093991], [-77.0450325, -12.0939812], [-77.0449498, -12.0939696], [-77.0440145, -12.0938383], [-77.0439811, -12.0938336], [-77.0438727, -12.0938184], [-77.043789, -12.0938067], [-77.0427711, -12.0936638], [-77.0426961, -12.0936533], [-77.0423502, -12.0936065], [-77.0419421, -12.0935475], [-77.0418919, -12.0935404], [-77.0411265, -12.093433], [-77.0406364, -12.0933642], [-77.0403303, -12.0933212], [-77.0402587, -12.0933112], [-77.0394893, -12.0932032], [-77.0394402, -12.0931963], [-77.0390018, -12.0931348], [-77.0388911, -12.0931192], [-77.0387994, -12.0931074], [-77.0387564, -12.0931003], [-77.0387162, -12.0930947], [-77.038628, -12.0930823], [-77.0385508, -12.0930714], [-77.0384342, -12.0930517], [-77.0379192, -12.0929821], [-77.0378019, -12.0929655], [-77.0377405, -12.0929568], [-77.03697, -12.0928474], [-77.0369081, -12.0928386], [-77.0361699, -12.0927338], [-77.0361291, -12.092728], [-77.0352892, -12.0926087], [-77.0352766, -12.0926069], [-77.0347282, -12.0925291], [-77.0346177, -12.0925134], [-77.0345743, -12.0925072], [-77.0344642, -12.0924916], [-77.0340497, -12.0924299], [-77.0339941, -12.0924197], [-77.0335854, -12.0923679], [-77.0334361, -12.0923472], [-77.0334075, -12.0923432], [-77.0330369, -12.0922905], [-77.0326012, -12.0922286], [-77.0323869, -12.0921994], [-77.0323496, -12.0921947], [-77.0322211, -12.0921762], [-77.0321251, -12.0921628], [-77.0312509, -12.0920403], [-77.0307823, -12.0919746], [-77.0304759, -12.0919317], [-77.0304099, -12.0919225], [-77.0303278, -12.091911], [-77.0301103, -12.0918805], [-77.0299444, -12.0918581], [-77.0294231, -12.0917877], [-77.0283878, -12.0916479], [-77.028138, -12.0916141], [-77.0272306, -12.0914916], [-77.0271896, -12.091486], [-77.0270325, -12.0914648], [-77.0268525, -12.0914378], [-77.026194, -12.0913393], [-77.0260836, -12.091323], [-77.0260209, -12.0913137], [-77.0258909, -12.0912979], [-77.0257415, -12.0912774], [-77.0253156, -12.0912189], [-77.025147, -12.0911773], [-77.0237528, -12.0909764], [-77.0231484, -12.0908989], [-77.023036, -12.0908837], [-77.0225688, -12.0908204], [-77.0209659, -12.0906117], [-77.0208899, -12.0906055], [-77.0207968, -12.0905987], [-77.019884, -12.0904805], [-77.0198131, -12.0904713], [-77.0197221, -12.0904595], [-77.0180365, -12.0902172], [-77.0178329, -12.0902447], [-77.0177726, -12.0902429], [-77.0175361, -12.0902073], [-77.0172953, -12.0901707], [-77.017247, -12.0901532], [-77.0171504, -12.0900801], [-77.0157608, -12.08987], [-77.0157034, -12.0898613], [-77.0154295, -12.0898199], [-77.0140804, -12.0896297], [-77.0134653, -12.0895464], [-77.013393, -12.0895366], [-77.0129137, -12.0895256], [-77.012514, -12.0894782], [-77.0121513, -12.089431], [-77.0120426, -12.0894139], [-77.0117635, -12.0894535], [-77.0111223, -12.0893521], [-77.0108644, -12.0893178], [-77.0097094, -12.0891707], [-77.0086489, -12.0890124], [-77.0084369, -12.0889771], [-77.0081117, -12.088931], [-77.0079639, -12.0889116], [-77.0077427, -12.0888773], [-77.0076715, -12.0888663], [-77.0075225, -12.0888409], [-77.0074595, -12.0888331], [-77.0069115, -12.0887629], [-77.0068398, -12.0887502], [-77.006611, -12.0887189], [-77.005543, -12.0885715], [-77.0050323, -12.0885062], [-77.0049599, -12.0884956], [-77.0047932, -12.0884739], [-77.0046272, -12.0884487], [-77.0043006, -12.088399], [-77.0037661, -12.0883225], [-77.0037378, -12.0883191], [-77.003643, -12.0883076], [-77.0034945, -12.0882864], [-77.0034626, -12.0882818], [-77.0033752, -12.0882684], [-77.0030779, -12.0882226], [-77.0030581, -12.0882195], [-77.0022211, -12.0881256], [-77.0012261, -12.0879703], [-77.0008235, -12.087901], [-77.0000654, -12.0878017], [-76.9995531, -12.0877308], [-76.999453, -12.0877132], [-76.9990272, -12.087644], [-76.9989302, -12.0876282], [-76.9979914, -12.0875008], [-76.9978832, -12.0874921], [-76.9969054, -12.0873615], [-76.996692, -12.087333], [-76.9966289, -12.0873246], [-76.996565, -12.0873157], [-76.9965065, -12.0873075], [-76.9964439, -12.087299], [-76.9958211, -12.0872149], [-76.9955318, -12.0871794], [-76.993865, -12.0869328], [-76.9928816, -12.0867969], [-76.9927481, -12.0867785], [-76.9926035, -12.0867599], [-76.992423, -12.0867335], [-76.9921474, -12.0866954], [-76.9916191, -12.0866216], [-76.9910028, -12.0865354], [-76.9903178, -12.0864311], [-76.9897353, -12.0863499], [-76.9896238, -12.0863306], [-76.9888321, -12.0861709], [-76.9883692, -12.0860631], [-76.9879059, -12.0860006], [-76.9872925, -12.0858674], [-76.9864605, -12.085586], [-76.9862283, -12.085561], [-76.9861272, -12.0855596], [-76.9859118, -12.0854875], [-76.9856212, -12.0853929], [-76.9855412, -12.0853673], [-76.9854687, -12.0853434], [-76.9852952, -12.0853047], [-76.985222, -12.0852899], [-76.9851415, -12.085261], [-76.9850713, -12.0852263], [-76.9848835, -12.0851307], [-76.9846269, -12.0851214], [-76.9842348, -12.085112], [-76.9835608, -12.0850917], [-76.9824652, -12.0850642], [-76.9819066, -12.0850353], [-76.9817, -12.0850198], [-76.9815703, -12.0850094], [-76.9814688, -12.0850013], [-76.981257, -12.0849804], [-76.9800087, -12.0848474], [-76.9796945, -12.0848139], [-76.9789258, -12.0847295], [-76.9782156, -12.0846441], [-76.9776739, -12.0845789], [-76.9766267, -12.0844481], [-76.9754154, -12.0842852], [-76.9751295, -12.0842462], [-76.9741492, -12.084114], [-76.9741043, -12.0841079], [-76.9733587, -12.0840051], [-76.9732425, -12.0839927], [-76.9724352, -12.0838778], [-76.9719114, -12.0838032], [-76.9715928, -12.0837583], [-76.9710354, -12.0836829], [-76.9705857, -12.0836261], [-76.9705295, -12.0836235], [-76.9704064, -12.0836296], [-76.9703272, -12.0836382], [-76.9702436, -12.083699], [-76.9701382, -12.0837421], [-76.9700251, -12.0837578], [-76.9699115, -12.0837452], [-76.9698049, -12.0837049], [-76.9697122, -12.0836397], [-76.9696392, -12.0835538], [-76.9695907, -12.0834526], [-76.96957, -12.0833441], [-76.9694894, -12.0831733], [-76.9694129, -12.0830424], [-76.969308, -12.0829125], [-76.9690748, -12.0827595], [-76.9690149, -12.0827201], [-76.9687728, -12.0825597], [-76.9687481, -12.0825433], [-76.9686882, -12.0825044], [-76.9686371, -12.0824712], [-76.9685929, -12.0824426], [-76.9685509, -12.0824153], [-76.9676594, -12.081846], [-76.9676349, -12.0818309], [-76.9674927, -12.0817367], [-76.9674574, -12.0817107], [-76.96728, -12.0815544], [-76.9670988, -12.0813778], [-76.9669189, -12.0811678], [-76.966817, -12.0810318], [-76.9667133, -12.0808855], [-76.9666222, -12.0807461], [-76.9660701, -12.0798509], [-76.9659268, -12.0796168], [-76.9658836, -12.0795465], [-76.9656745, -12.0792278], [-76.9655545, -12.0790665], [-76.9654707, -12.0789478], [-76.9651924, -12.0785741], [-76.9651227, -12.078479], [-76.9650496, -12.0783728], [-76.9649577, -12.0782279], [-76.9648644, -12.0780734], [-76.9647747, -12.077917], [-76.9646908, -12.0777577], [-76.9646496, -12.0776694], [-76.964605, -12.0775787], [-76.9645379, -12.0774325], [-76.9644474, -12.0772404], [-76.9643388, -12.0770082], [-76.9641799, -12.0766922], [-76.9639505, -12.0762463], [-76.9638989, -12.0761512], [-76.9637983, -12.0759696], [-76.963685, -12.0757794], [-76.9636382, -12.07567], [-76.9635697, -12.0755847], [-76.9635133, -12.0755131], [-76.9634579, -12.0754493], [-76.9631178, -12.075058], [-76.9628477, -12.0747939], [-76.9628202, -12.0747696], [-76.9626602, -12.074628], [-76.962355, -12.074384], [-76.9622526, -12.0743085], [-76.9621402, -12.0742354], [-76.9619364, -12.0741143], [-76.9616482, -12.0739431], [-76.9610496, -12.0736564], [-76.960911, -12.0735926], [-76.9595664, -12.0729786], [-76.9571148, -12.0718441], [-76.9568082, -12.0717029], [-76.9566984, -12.0716521], [-76.9566449, -12.0717549], [-76.9564131, -12.0722317], [-76.9561067, -12.0728367], [-76.9559226, -12.0732322], [-76.9558639, -12.0733701], [-76.9558403, -12.0734579], [-76.9558338, -12.0735431], [-76.955847, -12.0737549], [-76.9558548, -12.0737699], [-76.955861, -12.0737835], [-76.9558818, -12.0738536], [-76.9558856, -12.0739264], [-76.9558724, -12.0739982], [-76.9558427, -12.0740652], [-76.9557982, -12.0741237], [-76.9557412, -12.0741708], [-76.9557021, -12.0741925], [-76.9556604, -12.0742087], [-76.9555372, -12.0742895], [-76.9554394, -12.0743773], [-76.9553948, -12.0744356], [-76.9553621, -12.0744962], [-76.9551738, -12.074897], [-76.9550932, -12.0750724], [-76.9550475, -12.0751666], [-76.9548616, -12.0755669], [-76.9548368, -12.0756204], [-76.9548243, -12.0756469], [-76.9547581, -12.0757872], [-76.9546341, -12.0762151], [-76.954592, -12.0763866], [-76.9545299, -12.0766455], [-76.9544712, -12.0768986], [-76.954449, -12.0770137], [-76.9544202, -12.0771851], [-76.9543952, -12.0773675], [-76.954353, -12.0776913], [-76.9543431, -12.0778243], [-76.9543328, -12.0779431], [-76.9543242, -12.0782044], [-76.9543234, -12.0783175], [-76.9543348, -12.0784395], [-76.9543602, -12.0785572], [-76.9543912, -12.0786608], [-76.9544109, -12.0787266], [-76.9544413, -12.0788179], [-76.9545195, -12.0790525], [-76.9546551, -12.0793729], [-76.9547837, -12.0796242], [-76.9548119, -12.0796794], [-76.954847, -12.0797389], [-76.9548821, -12.0797984], [-76.9549735, -12.0799479], [-76.9550936, -12.0801233], [-76.9551759, -12.0802271], [-76.9552619, -12.0803301], [-76.9553915, -12.080468], [-76.9555365, -12.0806097], [-76.9557932, -12.0808401], [-76.9559562, -12.080971], [-76.9559904, -12.0809976], [-76.9562236, -12.0811629], [-76.956268, -12.0811955], [-76.9563415, -12.0812501], [-76.9563675, -12.0812715], [-76.9565143, -12.0814018], [-76.9566926, -12.0815712], [-76.9568335, -12.0817249], [-76.9568964, -12.0817999], [-76.9569592, -12.0818747], [-76.9570671, -12.0820193], [-76.9571308, -12.082118], [-76.9572045, -12.0822324], [-76.9572738, -12.0823482], [-76.9573686, -12.0825283], [-76.9573892, -12.0825718], [-76.957422, -12.0826412], [-76.9574524, -12.0827067], [-76.9575242, -12.0828849], [-76.9575971, -12.0831159], [-76.9576523, -12.0833159], [-76.9576962, -12.0835264], [-76.9577136, -12.0836459], [-76.9577337, -12.0837965], [-76.9577516, -12.0839457], [-76.9577602, -12.0840512], [-76.9577625, -12.0841579], [-76.957764, -12.0842437], [-76.9577611, -12.0843422], [-76.9577563, -12.0844256], [-76.9577546, -12.0844538], [-76.9577403, -12.0845945], [-76.9577201, -12.0847387], [-76.9576842, -12.0849408], [-76.9576387, -12.0851403], [-76.9576075, -12.0852454], [-76.957584, -12.0853251], [-76.9575439, -12.0854541], [-76.9574701, -12.0856359], [-76.9574313, -12.0857225], [-76.9573533, -12.0858779], [-76.9573281, -12.0859251], [-76.9572842, -12.0859937], [-76.9571582, -12.0861952], [-76.9570959, -12.0862843], [-76.957021, -12.0863783], [-76.9569349, -12.086479], [-76.9568401, -12.0865795], [-76.9566347, -12.0867777], [-76.9564772, -12.0869277], [-76.9561548, -12.0872331], [-76.955942, -12.0874343], [-76.9558946, -12.0874791], [-76.9558555, -12.0875157], [-76.955632, -12.0877275], [-76.9555195, -12.0878342], [-76.9550676, -12.0882624], [-76.954954, -12.08837], [-76.9548296, -12.0884872], [-76.9547883, -12.088526], [-76.9547462, -12.0885678], [-76.9546694, -12.0886482], [-76.9545964, -12.088738], [-76.954514, -12.0888505], [-76.9544465, -12.0889635], [-76.9543763, -12.0891024], [-76.9541368, -12.0896167], [-76.9540277, -12.0898566], [-76.9538849, -12.0901621], [-76.9537537, -12.0904459], [-76.9537267, -12.0905043], [-76.9536947, -12.090574], [-76.9534928, -12.091018], [-76.9534792, -12.0910447], [-76.9532662, -12.0914812], [-76.953254, -12.0915073], [-76.9532242, -12.0915715], [-76.9531935, -12.0916422], [-76.9531411, -12.0917683], [-76.9531009, -12.0918716], [-76.9530601, -12.0919642], [-76.9530312, -12.0920281], [-76.9529451, -12.0922212], [-76.9528765, -12.0923961], [-76.9528317, -12.0925573], [-76.9527873, -12.092747], [-76.9527712, -12.0928884], [-76.952766, -12.0929604], [-76.9527677, -12.0930494], [-76.9527836, -12.0932946], [-76.9528091, -12.093525], [-76.9528179, -12.0936439], [-76.9528164, -12.0937935], [-76.9528095, -12.0939247], [-76.9527916, -12.0940558], [-76.9527706, -12.0941668], [-76.9527435, -12.0942877], [-76.9527055, -12.0944261], [-76.9526603, -12.0945521], [-76.952541, -12.0948192], [-76.952432, -12.0950632], [-76.952418, -12.0950991], [-76.9523771, -12.095191], [-76.9523549, -12.0952399], [-76.9520575, -12.0959042], [-76.9519407, -12.0961701], [-76.9519194, -12.0962173], [-76.9519048, -12.0962496], [-76.9518728, -12.0963206], [-76.9517909, -12.0965069], [-76.9517587, -12.0965784], [-76.9513389, -12.0975113], [-76.9512485, -12.0977107], [-76.9512454, -12.0977167], [-76.9512018, -12.0978139], [-76.9511458, -12.0979368], [-76.9509526, -12.0983732], [-76.9507929, -12.0987301], [-76.9507168, -12.0989003], [-76.9505585, -12.0992534], [-76.9505325, -12.0993109], [-76.9504807, -12.0994274], [-76.9504483, -12.0994988], [-76.9503259, -12.0997715], [-76.9502915, -12.0998483], [-76.9502708, -12.0998985], [-76.9502461, -12.0999528], [-76.9499856, -12.1005264], [-76.9495722, -12.1014365], [-76.9495538, -12.1014774], [-76.9495221, -12.1015498], [-76.9494836, -12.1016402], [-76.9493665, -12.1019277], [-76.9493291, -12.1020165], [-76.9493061, -12.1020918], [-76.949258, -12.1022532], [-76.9492378, -12.102322], [-76.9491798, -12.1025194], [-76.9491531, -12.1025916], [-76.9490826, -12.1027066], [-76.9490064, -12.1028012], [-76.9489563, -12.1028635], [-76.9489149, -12.1029149], [-76.948818, -12.1030352], [-76.9483412, -12.1036421], [-76.948296, -12.1036977], [-76.9482296, -12.1037808], [-76.9482222, -12.1037908], [-76.9482037, -12.1038155], [-76.9481817, -12.1038418], [-76.9481407, -12.1038938], [-76.9480698, -12.1039951], [-76.9479706, -12.1039185], [-76.9479145, -12.1038751], [-76.9477812, -12.1037713], [-76.9476661, -12.1036818], [-76.9471786, -12.103308], [-76.9470574, -12.1032143], [-76.9467718, -12.102997], [-76.9467005, -12.1029428], [-76.9465565, -12.1028317], [-76.9460991, -12.1024782], [-76.9457774, -12.1022352], [-76.9456446, -12.1021359], [-76.9453669, -12.101909], [-76.9453016, -12.1018589], [-76.9450533, -12.1016681], [-76.9450018, -12.1016262], [-76.9449542, -12.1015898], [-76.9446236, -12.1013376], [-76.9445039, -12.1012463], [-76.9442212, -12.1010314], [-76.9441309, -12.1009613], [-76.9440298, -12.1008895], [-76.9439122, -12.1008247], [-76.943801, -12.10078], [-76.9436838, -12.100749], [-76.9436594, -12.1007501], [-76.9435497, -12.100791], [-76.9434681, -12.1008276], [-76.9433822, -12.1008854], [-76.9433196, -12.1009392], [-76.9432431, -12.1010223], [-76.9430081, -12.1013132], [-76.9428525, -12.1015168], [-76.9428133, -12.1015669], [-76.9427324, -12.1016727], [-76.942634, -12.101821], [-76.9425638, -12.1019366], [-76.9425005, -12.102059], [-76.9423058, -12.1024727], [-76.9422665, -12.1025526], [-76.9418056, -12.1035385], [-76.9416083, -12.1039537], [-76.9415831, -12.1040032], [-76.9410255, -12.1051883], [-76.9409176, -12.1054109], [-76.9408208, -12.1056142], [-76.9407831, -12.1056921], [-76.9407541, -12.1057508], [-76.9404632, -12.1063668], [-76.9399386, -12.1074865], [-76.9399027, -12.1075622], [-76.9398063, -12.1077662], [-76.9394092, -12.1086132], [-76.9393161, -12.1088037], [-76.9392894, -12.1088565], [-76.9391587, -12.10914], [-76.9389547, -12.1095734], [-76.9387491, -12.1100033], [-76.9386098, -12.1103003], [-76.938596, -12.1103319], [-76.9385406, -12.1104524], [-76.9384729, -12.1105938], [-76.9381653, -12.1112403], [-76.9380784, -12.1113937], [-76.9379838, -12.1115351], [-76.9379115, -12.1116376], [-76.9378314, -12.1117355], [-76.9376274, -12.1119904], [-76.9375631, -12.1120707], [-76.9373324, -12.1123578], [-76.9370407, -12.1127124], [-76.9369682, -12.1128039], [-76.9367413, -12.1130905], [-76.9364692, -12.1134284], [-76.9364363, -12.1134701], [-76.9364072, -12.1135154], [-76.9363902, -12.113554], [-76.936378, -12.1135991], [-76.936371, -12.1136397], [-76.9363688, -12.1136773], [-76.9363695, -12.1137116], [-76.936378, -12.1137514], [-76.9363931, -12.1137843], [-76.9364037, -12.1138042], [-76.9364175, -12.1138253], [-76.9364319, -12.1138442], [-76.9364557, -12.1138717], [-76.9364817, -12.1138983], [-76.9368131, -12.114159], [-76.9370243, -12.1143245], [-76.9370611, -12.1143517], [-76.9374452, -12.114651], [-76.9374879, -12.1146859], [-76.9379526, -12.1150657], [-76.9384415, -12.1154928], [-76.9389322, -12.115915], [-76.9390166, -12.1159875], [-76.9390653, -12.1160149], [-76.9391063, -12.1160292], [-76.9391537, -12.1160343], [-76.9392034, -12.1160215], [-76.939254, -12.1159924], [-76.9393113, -12.1159457], [-76.9393268, -12.1159301], [-76.9393618, -12.1158932], [-76.93942, -12.1158231], [-76.9394857, -12.1157458]], [[-77.078953, -12.0617235], [-77.0789233, -12.0618372], [-77.0788693, -12.0620442], [-77.0788461, -12.0621347], [-77.078822, -12.0622306], [-77.0787244, -12.0626181], [-77.0786579, -12.0628577], [-77.078454, -12.0637019], [-77.0783463, -12.0641477], [-77.0783348, -12.0642019], [-77.0783232, -12.064256], [-77.0783108, -12.0643144], [-77.0782113, -12.0647894], [-77.0781148, -12.0652922], [-77.0780222, -12.0659344], [-77.0779768, -12.0663721], [-77.0779575, -12.0666575], [-77.0779368, -12.0669658], [-77.0779287, -12.0671372], [-77.0779124, -12.06748], [-77.0778975, -12.067873], [-77.0778924, -12.0682451], [-77.0778913, -12.0683175], [-77.0778971, -12.0684881], [-77.0778989, -12.0685392], [-77.0779082, -12.0688117], [-77.0779126, -12.0689111], [-77.0779129, -12.0689265], [-77.0779352, -12.0693126], [-77.0779417, -12.0693901], [-77.0779547, -12.0695057], [-77.0779982, -12.0698737], [-77.0780423, -12.0701624], [-77.0780892, -12.0704174], [-77.0780991, -12.0704647], [-77.0782397, -12.0710891], [-77.0783485, -12.0715726], [-77.0784011, -12.0718464], [-77.0784177, -12.0719319], [-77.0784288, -12.0720066], [-77.0784366, -12.0721248], [-77.0784424, -12.0723985], [-77.0784436, -12.0724554], [-77.0784663, -12.0726838], [-77.0784744, -12.0727646], [-77.0784802, -12.0728232], [-77.0785974, -12.0732596], [-77.0787422, -12.0735728], [-77.0789365, -12.0738866], [-77.0790947, -12.0740754], [-77.0791561, -12.0741481], [-77.0796294, -12.0746612], [-77.0797481, -12.0747891], [-77.0797755, -12.0748205]]]}}]}